"accessCode","userID","fastestRT_user","highestLevel_user","highestLevelTrialCount_user","trialCount_user","nLevels_user","timePlayed_difficulty","HITS_user","Hit_AvgRT_user","Hit_SDRT_user","MISSED_user","Miss_AvgRT_user","Miss_SDRT_user","WRONG_user","Wrong_AvgRT_user","Wrong_SDRT_user","first_count","first_count_correct","RuleChange_Accuracy_Pct","HITS_diff_Easy","HITS_diff_Medium","HITS_diff_Difficult","Hit_AvgRT_diff_Easy","Hit_AvgRT_diff_Medium","Hit_AvgRT_diff_Difficult","Hit_SDRT_diff_Easy","Hit_SDRT_diff_Medium","Hit_SDRT_diff_Difficult","DifficultyTrialCount_Easy","DifficultyTrialCount_Medium","DifficultyTrialCount_Difficult","Difficulty_Hits_Easy","Difficulty_Hits_Medium","Difficulty_Hits_Difficult","Accuracy_Pct_diff_Easy","Accuracy_Pct_diff_Medium","Accuracy_Pct_diff_Difficult","count_afterWrong_HIT","count_afterWrong_MISSED","count_afterWrong_WRONG","count_afterWrong_NA","avgRT_afterWrong_HIT","avgRT_afterWrong_MISSED","avgRT_afterWrong_WRONG","avgRT_afterWrong_NA","n_afterWrong","accuracy_afterWrong","highestLevelPct_user","percentCorrect_user","HitRate_user","FARate_user","DPrime_user"
"ATHBF18","16845",0.05,"SpaceCakesLevel 3-1",32,2492,38,"5382",2188,1.13381277765082,0.60630275100788,4,2.0314815,0.887349406576876,300,1.21744671033333,0.866326352224529,16,15,0.94,1416,772,NA,1.08600761822034,1.22149685246114,NA,0.550060084371788,0.689597750749068,NA,1560,932,NA,1416,772,NA,0.907692307692308,0.828326180257511,NA,235,NA,63,2,1.26122786255319,NA,1.3121185,NA,298,0.788590604026846,1,88,0.88,0.12,2.34997358413218
"ATHBF18","16848",0.0163,"SpaceCakesLevel 4-2",52,2962,32,"6517",2793,1.24224679820981,0.591542665420574,1,1.2315,NA,168,1.69715574702381,1.02725775222844,23,23,1,1316,1156,321,1.07020357218845,1.31037666539792,1.70221800996885,0.496989899582922,0.541881439244258,0.792146264487285,1350,1240,372,1316,1156,321,0.974814814814815,0.932258064516129,0.862903225806452,135,NA,33,NA,1.73557508518519,NA,1.49578378181818,NA,168,0.803571428571429,2,94,0.94,0.06,3.10954718919371
"ATHBF18","16851",0,"SpaceCakesLevel 2-2",280,1824,31,"4518",1421,0.8943991286981,0.633807650786491,8,0.4421925,0.400558161025694,395,0.882117102810127,0.937862584807203,8,2,0.25,782,639,NA,0.923540955485934,0.858735735039124,NA,0.595522851185121,0.676491414968752,NA,944,880,NA,782,639,NA,0.828389830508475,0.726136363636364,NA,274,1,120,NA,0.87364124120438,0,1.06601561508333,NA,395,0.693670886075949,15,78,0.78,0.22,1.54438642837737
"ATHBF18","16854",0,"SpaceCakesLevel 3-0",66,2145,23,"4875",1992,1.17958553022088,0.732660595109271,4,1.17616355,1.05230092644795,149,1.3131640342953,0.884032823741897,16,13,0.81,958,1034,NA,0.956294765762004,1.38646420754352,NA,0.650494385480881,0.743988836848641,NA,990,1155,NA,958,1034,NA,0.967676767676768,0.895238095238095,NA,114,1,34,NA,1.65690457894737,2.552804,1.66764938558824,NA,149,0.76510067114094,3,93,0.93,0.07,2.95158205635834
"ATHBF18","16857",0.05722,"SpaceCakesLevel 4-0",111,2380,29,"5935",2155,1.53247531313225,0.877398605141344,2,1.70137,2.40610052861471,223,1.73955612869955,1.12413811261449,21,18,0.86,858,1154,143,1.34045804184149,1.58973343492201,2.2225099020979,0.854707245885179,0.836827643493149,0.92393744637006,900,1289,191,858,1154,143,0.953333333333333,0.895267649340574,0.74869109947644,178,2,41,2,1.97590758033708,1.70137,1.71063324146341,NA,221,0.805429864253394,5,91,0.91,0.09,2.68151006738043
"ATHBF18","16860",0.01567,"SpaceCakesLevel 3-1",66,1831,26,"5039",1639,1.11754031916412,0.521893926183847,10,1.419446,0.840365948751561,182,1.14768251538462,0.627060885687716,15,14,0.93,1002,637,NA,1.03620166107784,1.24548590064364,NA,0.494667220546803,0.538093122831603,NA,1065,766,NA,1002,637,NA,0.940845070422535,0.831592689295039,NA,135,1,45,1,1.39464608,1.618435,1.12668234,NA,181,0.74585635359116,4,90,0.89,0.1,2.50807968558121
"ATHBF18","16863",0,"SpaceCakesLevel 2-3",100,2025,30,"4908",1551,1.68775299078014,1.24670259387229,133,1.02142350075188,1.36024469427598,341,1.59988765129032,1.58721605494129,10,9,0.9,1071,480,NA,1.45141723996265,2.21507713479167,NA,1.13432430553416,1.32351475493226,NA,1365,660,NA,1071,480,NA,0.784615384615385,0.727272727272727,NA,177,12,150,2,1.84105897288136,1.04431295,1.40641013926667,NA,339,0.52212389380531,5,77,0.77,0.17,1.69301210233141
"ATHBF18","16866",0,"SpaceCakesLevel 3-0",257,2189,27,"5322",1740,1.26497438574713,0.753764214255244,32,0.94020614375,0.564835689367537,417,1.22794414964029,0.909399276438836,15,11,0.73,912,828,NA,1.20823397138158,1.32747107403382,NA,0.705323128528793,0.799528252886817,NA,1082,1107,NA,912,828,NA,0.842883548983364,0.747967479674797,NA,286,7,123,1,1.3489232993007,0.743650757142857,1.2442747203252,NA,416,0.6875,12,79,0.79,0.19,1.68431754206947
"ATHBF18","16872",0,"SpaceCakesLevel 2-3",160,2228,34,"5195",1692,2.17803199036643,1.38889804597145,63,2.94799626984127,1.797440471681,473,2.38011540488372,1.60632745514015,13,9,0.69,725,967,NA,2.05052949751724,2.27362589658738,NA,1.37176211754908,1.39468324452459,NA,840,1388,NA,725,967,NA,0.863095238095238,0.696685878962536,NA,272,12,188,1,2.62683199705882,3.14119291666667,2.26667409414894,NA,472,0.576271186440678,7,76,0.76,0.21,1.51272380985833
"ATHBF18","16875",0,"SpaceCakesLevel 4-3",27,2786,31,"6929",2582,1.36098418206816,0.794563556201127,9,1.64797555555556,0.51166863480824,195,1.56167481584615,1.05360416540086,24,23,0.96,1103,1148,331,1.2276702919311,1.38379902961672,1.72610132960725,0.836001617351376,0.728639251058944,0.750743821695287,1170,1249,367,1103,1148,331,0.942735042735043,0.919135308246597,0.901907356948229,156,2,36,1,1.50538984551282,1.84327,1.57940086111111,NA,194,0.804123711340206,1,93,0.93,0.07,2.95158205635834
"ATHBF18","16878",0,"SpaceCakesLevel 3-2",30,3429,33,"7351",3125,1.589644810304,0.986121714854859,14,2.76611657142857,0.883253736702994,290,2.03139260727586,1.48378980296925,18,17,0.94,1738,1387,NA,1.40287671398159,1.82367721939438,NA,0.8045693743327,1.13226382556175,NA,1829,1600,NA,1738,1387,NA,0.950246036085292,0.866875,NA,168,2,120,NA,2.21580474107143,2.877988,2.08635125583333,NA,290,0.579310344827586,1,91,0.91,0.08,2.74582659399985
"ATHBF18","16881",0.05007,"SpaceCakesLevel 3-1",40,2454,27,"5977",2097,1.17152951425846,0.534767191813764,14,0.610120428571429,0.97803801236437,343,1.2345499003207,0.698319178457484,17,14,0.82,1021,1076,NA,1.17098966013712,1.17204177360595,NA,0.578542673406171,0.489897144079459,NA,1134,1320,NA,1021,1076,NA,0.900352733686067,0.815151515151515,NA,248,NA,95,NA,1.40372706290323,NA,1.33249976736842,NA,343,0.723032069970845,2,85,0.85,0.14,2.11675273030875
"ATHBF18","16884",0,"SpaceCakesLevel 4-3",33,2267,33,"5143",1933,1.61716799249871,0.836691184339296,8,0.968547,1.39179387001883,326,1.52262070432515,1.01229400132969,24,22,0.92,526,1131,276,1.3222579595057,1.60671464553492,2.22204267644928,0.690584659646739,0.730025126273342,1.13306364463914,620,1309,338,526,1131,276,0.848387096774194,0.86401833460657,0.816568047337278,246,1,77,2,2.03240854430894,1.3709,1.2880881961039,NA,324,0.759259259259259,1,85,0.85,0.14,2.11675273030875
"ATHBF18","16887",0,"SpaceCakesLevel 3-2",110,3091,33,"6938",2643,1.43354582032539,0.740069967932642,18,1.74632621666667,1.28150501219947,430,1.56896761604651,0.910191697514948,18,16,0.89,1286,1357,NA,1.27685610443235,1.58203732705969,NA,0.679952321311208,0.763973656927435,NA,1410,1681,NA,1286,1357,NA,0.912056737588652,0.80725758477097,NA,311,5,114,NA,1.81345595790997,1.38490598,1.55168138157895,NA,430,0.723255813953488,4,86,0.85,0.14,2.11675273030875
"ATHBF18","16890",0.03425,"SpaceCakesLevel 3-2",60,2134,42,"4764",1752,1.58759673618721,0.913900336767767,43,0.9878282,1.19020054840575,339,1.79169253746313,1.16848863571112,16,16,1,772,980,NA,1.39508866023316,1.73924595520408,NA,0.740412777506413,1.0049119932107,NA,888,1246,NA,772,980,NA,0.869369369369369,0.786516853932584,NA,230,3,105,1,1.89704966913043,0.9901967,2.02841452285714,NA,338,0.680473372781065,3,82,0.82,0.16,1.90982297105257
"ATHBF18","16896",0.01604,"SpaceCakesLevel 2-3",80,1399,25,"3053",949,1.45159235173867,1.02300443891961,75,1.417281352,1.52528172709872,375,1.56556017784,1.55385281057676,8,3,0.38,337,612,NA,1.05630283353116,1.66925994591503,NA,0.691548377562141,1.10775879497453,NA,440,959,NA,337,612,NA,0.765909090909091,0.638164754953076,NA,242,7,126,NA,1.66482349834711,2.26468185714286,1.48732787936508,NA,375,0.645333333333333,6,68,0.68,0.27,1.08051179013114
"ATHBF18","16899",0.150245,"SpaceCakesLevel 3-4",23,1999,35,"4416",1659,1.67624566473779,0.815632994086729,11,1.54092133636364,0.955702671083506,329,1.81098355288754,1.02389740587928,17,14,0.82,868,773,18,1.44274344366359,1.91567794398448,2.65395544444444,0.690278284931609,0.861497387686785,0.689260012881353,1050,926,23,868,773,18,0.826666666666667,0.834773218142549,0.782608695652174,224,3,101,1,1.89107209107143,1.4179017,1.84707658415842,NA,328,0.682926829268293,1,83,0.83,0.16,1.94862313635595
"ATHBF18","16902",0.034135,"SpaceCakesLevel 2-2",120,1082,15,"2234",940,1.07746044808511,0.546033039470759,5,0.66086298,0.422801714837348,137,1.06716924386861,0.609516265668483,13,12,0.92,327,613,NA,0.936643149847095,1.15257832169657,NA,0.456529897704,0.574622366142767,NA,360,722,NA,327,613,NA,0.908333333333333,0.849030470914127,NA,109,NA,28,NA,1.24677045412844,NA,1.06678106428571,NA,137,0.795620437956204,11,87,0.87,0.13,2.2527822580776
"ATHBF18","16908",0.08289,"SpaceCakesLevel 4-3",60,1832,37,"3802",1571,1.46172074493953,0.701915706332915,0,NA,NA,261,1.43022949735632,0.843591386735464,24,20,0.83,171,1066,334,0.968276115204678,1.48898238433396,1.62734387095808,0.545521628281641,0.688166030654035,0.708125818774989,180,1252,400,171,1066,334,0.95,0.851437699680511,0.835,202,NA,59,NA,1.69245489009901,NA,1.48474836966102,NA,261,0.773946360153257,3,86,0.86,0.14,2.16063868162991
"ATHF18","16770",0,"SpaceCakesLevel 2-1",40,1260,20,"2952",865,1.17495520447399,1.11409469619693,81,0.419515575432099,0.67795407733884,314,0.737105717834395,1.13120286058054,12,11,0.92,395,470,NA,1.48411977232911,0.915125408085106,NA,1.32399282822373,0.815955213949747,NA,500,760,NA,395,470,NA,0.79,0.618421052631579,NA,181,4,129,NA,0.875649544640884,0.1874825025,0.632128237054264,NA,314,0.576433121019108,3,69,0.69,0.25,1.17034009754353
"ATHF18","16773",0,"SpaceCakesLevel 2-1",40,1382,24,"3014",1027,1.176674235852,0.753070240568719,118,0.610524012711864,1.12473367420639,237,1.24040453797468,1.01581266504139,11,11,1,604,423,NA,1.11736393561258,1.26136317520095,NA,0.636707944949959,0.887307593383141,NA,704,678,NA,604,423,NA,0.857954545454545,0.623893805309734,NA,150,7,80,NA,1.3754262688,1.50630842857143,1.0897644975,NA,237,0.632911392405063,3,74,0.74,0.17,1.59751065853911
"ATHF18","16776",0,"SpaceCakesLevel 4-3",40,3311,30,"7733",3115,1.3739143198748,0.756754672397592,6,2.29620433333333,0.946705646716373,190,1.51835657578947,1.11310886144206,24,23,0.96,1345,1403,367,1.03915608319703,1.50049555282252,2.11684717683924,0.520268840044782,0.712079639044365,0.953652718031075,1380,1511,420,1345,1403,367,0.97463768115942,0.928524156187955,0.873809523809524,149,NA,40,1,1.78148026040268,NA,1.507065525,NA,189,0.788359788359788,1,94,0.94,0.06,3.10954718919371
"ATHF18","16779",0,"SpaceCakesLevel 2-4",120,1069,15,"2607",941,1.39897968670563,0.712719454999292,6,0.8565934,0.133783398970694,122,1.39628880319672,1.42409801775325,13,12,0.92,471,470,NA,1.26724086919321,1.53099879957447,NA,0.615202297627237,0.77712807268917,NA,499,570,NA,471,470,NA,0.943887775551102,0.824561403508772,NA,64,1,56,1,1.44415209359375,0.9347749,1.24159241589286,NA,121,0.528925619834711,11,88,0.88,0.11,2.4015149121027
"ATHF18","16782",0,"SpaceCakesLevel 2-3",180,1430,24,"4134",1036,1.44221582512548,0.867673191796261,89,1.63431694662921,1.56562159489444,305,1.3050669012459,1.00455946920228,12,9,0.75,513,523,NA,1.40036826764133,1.48326323810707,NA,0.889216288979938,0.844846798145212,NA,610,820,NA,513,523,NA,0.840983606557377,0.63780487804878,NA,190,5,108,2,1.60578308794737,1.845148,1.18387365925926,NA,303,0.627062706270627,13,72,0.72,0.21,1.38926275428946
"ATHF18","16785",0.033055,"SpaceCakesLevel 3-3",30,2179,26,"5942",1923,1.45873322626105,0.730491249153663,2,2.76137,2.44216297445523,254,1.55769992559055,0.865634212374224,19,19,1,696,1227,NA,1.36693319324713,1.51080561662592,NA,0.777802004207472,0.697210745620321,NA,750,1429,NA,696,1227,NA,0.928,0.858642407277817,NA,207,NA,47,NA,1.7701796236715,NA,1.77443889787234,NA,254,0.81496062992126,1,88,0.88,0.12,2.34997358413218
"ATHF18","16791",0,"SpaceCakesLevel 2-4",38,2324,36,"5439",1620,1.23501092094444,0.950967203131771,174,0.888576081609195,1.33369739468137,530,1.1510639890566,1.18107970592249,13,7,0.54,835,785,NA,1.12381899137725,1.35328513901911,NA,0.827655659940012,1.05433858161694,NA,1087,1237,NA,835,785,NA,0.768169273229071,0.634599838318513,NA,323,10,196,1,1.18413562947368,1.16534691,1.0773919877551,NA,529,0.610586011342155,2,70,0.7,0.23,1.26324736189325
"ATHF18","16797",0,"SpaceCakesLevel 2-2",16,1229,27,"2799",906,1.53322650518764,1.01650675791881,42,1.08156551666667,1.02276655144755,281,1.64084205476868,1.55687619100819,10,6,0.6,516,390,NA,1.36469729728682,1.75620361102564,NA,0.957935348340333,1.04953575698789,NA,661,568,NA,516,390,NA,0.780635400907716,0.686619718309859,NA,170,2,108,1,1.62763933941176,0.32552745,1.6028402712963,NA,280,0.607142857142857,1,74,0.74,0.23,1.38219225457813
"ATHF18","16800",0,"SpaceCakesLevel 2-2",99,1490,22,"4589",1108,1.23757839287004,0.844113502741577,35,0.568562891428571,0.554381510676634,347,1.08087659097983,1.1329638678621,9,6,0.67,712,396,NA,1.24623171516854,1.22201989419192,NA,0.751565885684058,0.9898339277817,NA,841,649,NA,712,396,NA,0.846611177170036,0.610169491525424,NA,201,2,143,1,1.18556939099502,0.5089001,0.838041420909091,NA,346,0.580924855491329,7,74,0.74,0.23,1.38219225457813
"ATHF18","16803",0,"SpaceCakesLevel 3-0",40,2274,23,"6023",2006,1.40369386095713,0.932762829308073,5,0.457957,0.576803416572752,263,1.34366604068441,1.10601284841335,16,14,0.88,771,1235,NA,1.52597606225681,1.32735412233198,NA,1.15749278110044,0.749975303184099,NA,846,1428,NA,771,1235,NA,0.911347517730496,0.86484593837535,NA,163,NA,99,1,1.50198333067485,NA,1.22291683616162,NA,262,0.622137404580153,2,88,0.88,0.12,2.34997358413218
"ATHF18","16806",0.017,"SpaceCakesLevel 2-3",60,1069,15,"3786",883,1.06348742366931,0.580801009021027,1,0,NA,185,1.01444534918919,0.627618062574836,12,8,0.67,396,487,NA,0.90759475479798,1.19025025092402,NA,0.400705201939072,0.66767291624151,NA,419,650,NA,396,487,NA,0.945107398568019,0.749230769230769,NA,128,1,56,NA,1.2224486125,0,0.994200114285714,NA,185,0.691891891891892,6,83,0.83,0.17,1.90833050629239
"ATHF18","16809",0.04998,"SpaceCakesLevel 2-4",80,1274,23,"2810",1019,1.2927690329735,0.676589758324489,0,NA,NA,255,1.18523145215686,0.685854433670992,13,10,0.77,417,602,NA,1.11976806211031,1.41260525365449,NA,0.55146722696319,0.727834573155458,NA,474,800,NA,417,602,NA,0.879746835443038,0.7525,NA,179,NA,75,1,1.42263389162011,NA,0.924601018666667,NA,254,0.704724409448819,6,80,0.8,0.2,1.68324246714583
"ATHF18","16812",0,"SpaceCakesLevel 3-0",320,3435,44,"7517",2574,1.02109480565268,0.596471706572705,13,1.16898463076923,0.96086517177456,848,0.919361171356132,0.780143834318082,16,11,0.69,1306,1268,NA,0.989682029862175,1.0534489737776,NA,0.510744615703009,0.672130778917484,NA,1589,1846,NA,1306,1268,NA,0.821900566393958,0.686890574214518,NA,521,NA,326,1,0.976395064357006,NA,0.814274401319018,NA,847,0.615112160566706,9,75,0.75,0.25,1.34897950039216
"ATHF18","16815",0.01684,"SpaceCakesLevel 2-0",200,1488,23,"3269",1166,1.08927905265866,0.704921208574924,33,1.01075983030303,0.593777710430009,289,1.1273736,0.890993500954111,11,6,0.55,714,452,NA,1.07038615602241,1.11912314159292,NA,0.626325558420631,0.813616089725461,NA,859,629,NA,714,452,NA,0.831199068684517,0.718600953895072,NA,194,1,94,NA,1.29932185773196,1.382915,1.17025859361702,NA,289,0.671280276816609,13,78,0.78,0.19,1.65008950923991
"ATHF18","16818",0,"SpaceCakesLevel 3-3",30,2640,32,"5762",2328,1.34069862981529,0.732623917880105,0,NA,NA,312,1.57445644551282,0.826858963408209,19,17,0.89,720,1608,NA,1.08304836361111,1.45606442065299,NA,0.630480601711374,0.745859625571289,NA,780,1860,NA,720,1608,NA,0.923076923076923,0.864516129032258,NA,247,NA,65,NA,1.95904314291498,NA,1.91298016,NA,312,0.791666666666667,1,88,0.88,0.12,2.34997358413218
"ATHF18","16821",0,"SpaceCakesLevel 2-0",320,1241,21,"3455",859,0.986571130756694,0.754230604205466,68,0.647851448529412,0.595851408796596,314,0.971873185636943,0.952406148383715,7,4,0.57,669,190,NA,1.04645774887892,0.775707196421053,NA,0.628952638428844,1.06156858220909,NA,831,410,NA,669,190,NA,0.805054151624549,0.463414634146341,NA,180,4,128,2,1.07848078888889,0.54644005,0.88430133578125,NA,312,0.576923076923077,26,69,0.69,0.25,1.17034009754353
"ATHF18","16824",0,"SpaceCakesLevel 3-0",235,1905,28,"4838",1523,1.40235493618516,0.857748343309228,53,0.882691433962264,1.14515643440893,329,1.34959125197568,1.22411010985113,16,11,0.69,540,983,NA,1.46811531222222,1.36623021282808,NA,0.949058478975384,0.801400678141215,NA,630,1275,NA,540,983,NA,0.857142857142857,0.770980392156863,NA,227,6,96,NA,1.51593984189427,0.620030833333333,1.14365421041667,NA,329,0.689969604863222,12,80,0.8,0.17,1.79578648671911
"ATHF18","16827",0,"SpaceCakesLevel 2-0",560,2395,37,"5247",1631,1.66868676909871,1.1337443350236,192,1.441577221875,1.49792305451559,572,1.8138420873951,1.30019817476788,7,5,0.71,1308,323,NA,1.59593703301988,1.96328941551084,NA,1.05072752720653,1.38452199800397,NA,1805,590,NA,1308,323,NA,0.724653739612188,0.547457627118644,NA,338,25,208,1,1.851776195,1.607533792,1.79933776394231,NA,571,0.591943957968476,23,68,0.68,0.24,1.1740013619546
"ATHF18","16830",0,"SpaceCakesLevel 2-1",200,1545,23,"3194",1245,1.10208051134137,0.850919039976159,17,1.39289317647059,1.58902930039369,283,1.17848149780919,1.79695733161846,12,9,0.75,663,582,NA,1.0386347561086,1.17435634591065,NA,0.637367939030558,1.03808383636701,NA,735,810,NA,663,582,NA,0.902040816326531,0.718518518518519,NA,175,2,105,1,1.19217519028571,0,1.03233235619048,NA,282,0.620567375886525,13,81,0.81,0.18,1.79326138289404
"ATHF18","16833",0,"SpaceCakesLevel 4-0",40,2132,33,"5003",1640,1.86790988865854,1.02539624688196,7,1.235018,0.923309696730373,485,2.11467538350515,1.29942462329381,21,18,0.86,490,1058,92,1.66963289428571,1.90576550680529,2.48861079347826,0.959162002091006,1.00681808499781,1.26553101327615,743,1269,120,490,1058,92,0.659488559892328,0.833727344365642,0.766666666666667,225,NA,260,NA,2.15035480177778,NA,2.11094858346154,NA,485,0.463917525773196,2,77,0.77,0.23,1.47769369837043
"ATHF18","16836",0.016125,"SpaceCakesLevel 4-3",19,2940,41,"6422",2571,1.10839507612213,0.556224466034035,2,2.17519505,1.75440256409126,367,1.22316697057221,0.646485944267235,24,20,0.83,699,1578,294,0.910588168526466,1.11313622636882,1.55324369285714,0.447126780193521,0.519601374441394,0.701637939725946,755,1826,359,699,1578,294,0.925827814569536,0.864184008762322,0.818941504178273,283,NA,81,3,1.39058240848057,NA,1.35210766419753,NA,364,0.777472527472527,1,87,0.87,0.12,2.30137792110489
"ATHF18","16839",0.35118,"SpaceCakesLevel 2-4",57,1648,20,"4093",1313,1.90460330548363,1.33889923711288,23,4.35356086956522,1.53288044448234,312,1.95178933301282,1.28277480475369,11,10,0.91,827,486,NA,1.29751233422007,2.93765728333333,NA,0.752155246391973,1.4792036223892,NA,982,666,NA,827,486,NA,0.842158859470468,0.72972972972973,NA,206,4,101,1,2.40636824417476,3.59819725,1.72066824950495,NA,311,0.662379421221865,3,80,0.8,0.19,1.71951752862414
"ATHF18","16842",0,"SpaceCakesLevel 2-4",91,1519,26,"3811",1119,1.17278278818588,0.831067432395254,45,1.56759833555556,1.43722840865989,355,1.01587781261972,0.943595732138248,15,13,0.87,364,755,NA,1.11893815766484,1.19874231866225,NA,0.841179243694727,0.825453760128402,NA,450,1069,NA,364,755,NA,0.808888888888889,0.706267539756782,NA,222,6,126,1,1.17766751801802,0.631156683333333,0.940479995952381,NA,354,0.627118644067797,6,74,0.74,0.23,1.38219225457813
"ATM1F18","16921",0,"SpaceCakesLevel 2-4",99,1126,16,"3371",821,1.23680679415347,0.71845989688472,53,0.689413105660377,0.459943694311932,252,1.0140343925,0.774209942283782,10,9,0.9,165,656,NA,1.18361262424242,1.25018642530488,NA,0.640204854264435,0.736682952033852,NA,190,936,NA,165,656,NA,0.868421052631579,0.700854700854701,NA,171,3,78,NA,1.20169572748538,0.878681633333333,0.949126985897436,NA,252,0.678571428571429,9,73,0.73,0.22,1.38500620520531
"ATM1F18","16924",0.01277,"SpaceCakesLevel 2-3",144,741,13,"1495",618,1.40781025532362,0.696263822550183,3,1.01232496666667,0.127719773970217,120,1.46697033583333,0.856718425498764,11,9,0.82,165,453,NA,1.23512120121212,1.47071024192053,NA,0.688595583725157,0.689099105085704,NA,180,561,NA,165,453,NA,0.916666666666667,0.807486631016043,NA,91,NA,28,1,1.73780258021978,NA,1.66373131785714,NA,119,0.764705882352941,19,83,0.83,0.16,1.94862313635595
"ATM1F18","16927",0,"SpaceCakesLevel 2-2",166,1042,15,"2434",674,1.45113738381306,1.08158582746791,99,0.750190305050505,0.8261816148415,269,1.14247299111524,1.49275027823442,6,4,0.67,170,504,NA,1.05285528764706,1.58547856704365,NA,0.523541554089534,1.18381158262519,NA,199,843,NA,170,504,NA,0.85427135678392,0.597864768683274,NA,149,5,114,1,1.22021061409396,0.38204802,1.04759391236842,NA,268,0.555970149253731,16,65,0.65,0.26,1.02866587180048
"ATM1F18","16930",0.017,"SpaceCakesLevel 3-2",30,1286,19,"3707",1113,1.32715599694519,0.635152189761752,1,0,NA,172,1.54850664476744,0.859623285447885,16,15,0.94,421,692,NA,1.14198988574822,1.43980763395954,NA,0.583270902476284,0.639394968273849,NA,457,829,NA,421,692,NA,0.921225382932166,0.834740651387214,NA,125,NA,46,1,1.6955572392,NA,1.69217681304348,NA,171,0.730994152046784,2,87,0.87,0.13,2.2527822580776
"ATM1F18","16933",0.1997,"SpaceCakesLevel 3-3",49,1940,30,"5005",1583,1.17568869172457,0.558386648215987,4,1.29305375,0.402981050885667,353,1.13949524957507,0.722909146548856,17,14,0.82,439,1144,NA,1.11737245854214,1.19806703645105,NA,0.643521577660597,0.52062475049016,NA,494,1446,NA,439,1144,NA,0.888663967611336,0.791147994467497,NA,258,1,93,1,1.32736800968992,1.151175,1.23724304946237,NA,352,0.732954545454545,3,82,0.82,0.18,1.83073017568563
"ATM1F18","16936",0.1169,"SpaceCakesLevel 3-2",30,1100,17,"3733",882,1.38830724387755,0.641662806040393,17,1.07898823529412,0.342420833701662,201,1.38721298960199,0.888532455971257,15,10,0.67,165,717,NA,1.14679090363636,1.44388631799163,NA,0.56793154834546,0.645134621228992,NA,180,920,NA,165,717,NA,0.916666666666667,0.779347826086957,NA,146,NA,51,4,1.52812410136986,NA,1.76437169431373,NA,197,0.741116751269036,3,80,0.8,0.18,1.75698632141573
"ATM1F18","16939",0.149615,"SpaceCakesLevel 2-3",40,539,14,"1366",412,1.45394505461165,0.696857698029942,0,NA,NA,127,1.61456531811024,1.06223056713654,8,8,1,157,255,NA,1.4978643477707,1.42690454862745,NA,0.943592759127616,0.486832072176389,NA,200,339,NA,157,255,NA,0.785,0.752212389380531,NA,80,NA,47,NA,1.618270735,NA,1.88515113191489,NA,127,0.62992125984252,7,76,0.76,0.24,1.41260512568018
"ATM1F18","16945",0,"SpaceCakesLevel 2-1",887,2296,42,"4755",1424,1.57981459576545,1.36784177803283,223,1.68304103318386,1.6521814660154,649,1.47859988885978,1.52785764040459,8,7,0.88,409,1015,NA,1.45031312469438,1.63199794716256,NA,0.886753743109262,1.51650150915644,NA,498,1798,NA,409,1015,NA,0.821285140562249,0.564516129032258,NA,393,19,236,1,1.60395819791349,1.65744026842105,1.40120216355932,NA,648,0.606481481481482,39,62,0.62,0.28,0.888322295370614
"ATM1F18","16948",0,"SpaceCakesLevel 3-2",50,1527,19,"3712",1415,1.33258163491166,0.819432497125346,0,NA,NA,112,2.14680959553571,1.35771455544329,18,15,0.83,577,838,NA,0.962355671057192,1.5874985575179,NA,0.507869024161314,0.892920886255425,NA,593,934,NA,577,838,NA,0.973018549747049,0.897216274089936,NA,89,NA,22,1,2.10389930674157,NA,3.21880214090909,NA,111,0.801801801801802,3,93,0.93,0.07,2.95158205635834
"ATM1F18","16951",0.016985,"SpaceCakesLevel 2-3",176,1250,18,"3647",977,1.34173126110542,0.726930806663143,11,1.41715877272727,1.16334905139006,262,1.16325163175573,0.773404130015684,10,9,0.9,421,556,NA,1.20337760570071,1.44649185269784,NA,0.651053603595391,0.763538153165994,NA,520,730,NA,421,556,NA,0.809615384615385,0.761643835616438,NA,182,1,78,1,1.38715648571429,2.935999,1.03792908089744,NA,261,0.697318007662835,14,78,0.78,0.21,1.57861446120693
"ATM1F18","16954",0,"SpaceCakesLevel 3-0",80,717,15,"1762",588,1.43006212447279,0.729715141269175,24,0.2154789625,0.509130003441257,105,1.244229678,1.04700355857581,14,10,0.71,174,414,NA,1.16174522528736,1.54283299514493,NA,0.53502182293839,0.770609260294845,NA,180,537,NA,174,414,NA,0.966666666666667,0.770949720670391,NA,67,2,36,NA,1.54966077910448,1.5094275,0.957974688888889,NA,105,0.638095238095238,11,82,0.82,0.15,1.9517984773366
"ATM1F18","16957",0.316565,"SpaceCakesLevel 3-2",70,1076,17,"3420",976,1.67725827438525,0.801315760641245,0,NA,NA,100,2.025158047,0.983103420261026,16,12,0.75,221,755,NA,1.21801885656109,1.81168464701987,NA,0.550658415591916,0.813588643730087,NA,230,846,NA,221,755,NA,0.960869565217391,0.892434988179669,NA,86,NA,13,1,2.50411673372093,NA,2.48973161538462,NA,99,0.868686868686869,7,91,0.91,0.09,2.68151006738043
"ATM1F18","16960",0.6342001,"SpaceCakesLevel 2-2",6,161,5,"294",124,2.23174821048387,1.10044889779756,3,1.60753366666667,0.533841493704202,34,2.1239528,1.02167225640667,3,2,0.67,NA,124,NA,NA,2.23174821048387,NA,NA,1.10044889779756,NA,NA,161,NA,NA,124,NA,NA,0.770186335403727,NA,20,NA,13,1,2.2010598,NA,1.96539230769231,NA,33,0.606060606060606,4,77,0.77,0.21,1.54526809620345
"ATM1F18","16983",0,"SpaceCakesLevel 2-2",242,1958,30,"4307",1184,1.15339189477196,1.11948668618531,69,0.939985786956522,1.37417072691232,705,1.0415962084539,1.28126616527896,7,2,0.29,625,559,NA,0.819580220992,1.52661603808587,NA,0.768298065544718,1.31625408581416,NA,981,977,NA,625,559,NA,0.63710499490316,0.572159672466735,NA,393,4,306,2,1.03439084656489,1.05107975,0.925227503888889,NA,703,0.559032716927454,12,60,0.6,0.36,0.611805896386993
"ATM1F18","16989",0,"SpaceCakesLevel 2-1",40,1261,21,"2787",850,1.11343911152941,0.669769630368422,235,0.209312963404255,0.424977107138994,176,1.20958844142045,1.0345297869675,12,9,0.75,388,462,NA,1.07958361185567,1.14187186883117,NA,0.680978074725516,0.659605972256469,NA,487,774,NA,388,462,NA,0.796714579055442,0.596899224806202,NA,95,5,76,NA,1.29746320842105,0.647115,1.05134616842105,NA,176,0.539772727272727,3,67,0.67,0.14,1.52023250648819
"ATM1F18","16992",0,"SpaceCakesLevel 4-0",58,1668,28,"3739",1323,1.22024642380952,0.497147536709587,2,0.95119505,0.330155156493133,343,1.14449485014577,0.585597741958554,17,13,0.76,316,898,109,1.03820629208861,1.25340755155902,1.47479678073395,0.559399289990504,0.441331060598788,0.568738814348316,390,1140,138,316,898,109,0.81025641025641,0.787719298245614,0.789855072463768,235,NA,106,2,1.33197392382979,NA,1.15636694716981,NA,341,0.689149560117302,3,79,0.79,0.21,1.61284249403648
"ATM1F18","16995",0,"SpaceCakesLevel 2-4",100,1517,24,"3799",1205,1.28935089741909,0.816887994159969,24,0.6180906625,0.713291130159637,288,1.25505542173611,1.17298715016224,13,9,0.69,609,596,NA,1.31596731279146,1.26215392265101,NA,0.916051026550104,0.700973212507463,NA,720,797,NA,609,596,NA,0.845833333333333,0.747804265997491,NA,189,2,95,2,1.31276742962963,2.452938,1.13696732915789,NA,286,0.660839160839161,7,79,0.79,0.19,1.68431754206947
"ATM1F18","16998",0,"SpaceCakesLevel 3-4",60,2149,26,"4937",1807,1.96974659789153,1.06167053891189,2,1.017805,1.43939363485115,340,2.11950678176471,1.23098521211375,19,15,0.79,612,1140,55,1.62340824083333,2.13036991587719,2.49426463454545,1.06137395695571,1.01716662975718,0.971139259786103,742,1347,60,612,1140,55,0.824797843665768,0.846325167037862,0.916666666666667,244,1,93,2,2.40121473028689,0,2.19328918602151,NA,338,0.72189349112426,3,84,0.84,0.16,1.98891576641951
"ATM1F18","17007",0,"SpaceCakesLevel 2-4",340,1677,21,"4079",1303,1.21850528739831,0.81918207634879,45,1.50247664888889,1.08786563453686,329,1.05384232978723,1.02694605568534,15,12,0.8,201,1102,NA,1.14813167164179,1.23134112838476,NA,0.515019997532634,0.862738100259847,NA,210,1467,NA,201,1102,NA,0.957142857142857,0.751192910702113,NA,230,3,94,2,1.2784198003913,1.4194733,0.89664345,NA,327,0.703363914373089,20,78,0.78,0.2,1.6138144477616
"ATM1F18","17010",0,"SpaceCakesLevel 2-2",40,1224,19,"2710",858,1.30239486503497,0.836990340016784,33,1.40370764545455,1.06643775332754,333,1.17445795171171,0.980980381095911,10,7,0.7,322,536,NA,1.07680773136646,1.43791549384328,NA,0.715893784503284,0.875021486524912,NA,430,794,NA,322,536,NA,0.748837209302326,0.675062972292191,NA,201,3,128,1,1.27791403532338,2.33548333333333,0.992345733671875,NA,332,0.605421686746988,3,70,0.7,0.27,1.13721350372467
"ATM1F18","17013",0,"SpaceCakesLevel 3-0",40,934,13,"2398",798,1.27960275651629,0.638602826617346,14,0,0,122,1.19823939270492,1.13183264120514,12,8,0.67,215,583,NA,1.11160990232558,1.34155552435678,NA,0.585012548773499,0.646803986244392,NA,220,714,NA,215,583,NA,0.977272727272727,0.816526610644258,NA,89,NA,32,1,1.39043869550562,NA,1.1542201909375,NA,121,0.735537190082645,4,85,0.85,0.13,2.16282451853259
"ATM1F18","17016",0.417185,"SpaceCakesLevel 3-0",7,1022,16,"3023",860,1.7712961144186,0.934987320594967,0,NA,NA,162,1.86426487777778,1.04554698552396,11,8,0.73,176,684,NA,1.78070465625,1.76887520307018,NA,1.21506181283942,0.849212586638519,NA,200,822,NA,176,684,NA,0.88,0.832116788321168,NA,123,NA,39,NA,2.11306115284553,NA,1.76125124871795,NA,162,0.759259259259259,1,84,0.84,0.16,1.98891576641951
"ATM1F18","17019",0.13353,"SpaceCakesLevel 2-4",99,804,13,"2074",691,1.32227301693198,0.581776933703095,0,NA,NA,113,1.24666335575221,0.640642335607152,11,10,0.91,319,372,NA,1.17516502068966,1.44842207822581,NA,0.529779862054036,0.59527603049567,NA,339,465,NA,319,372,NA,0.941002949852507,0.8,NA,82,NA,29,2,1.61285977804878,NA,1.1931694862069,NA,111,0.738738738738739,12,86,0.86,0.14,2.16063868162991
"ATM1F18","17022",0.08375001,"SpaceCakesLevel 3-3",98,1306,20,"3203",1073,1.65042554129543,0.768049028282121,10,1.82023101,0.832601993581354,223,1.6282232470852,1.03128200965763,15,15,1,212,861,NA,1.28836411320755,1.73957423206736,NA,0.599629643255094,0.778991790400434,NA,240,1066,NA,212,861,NA,0.883333333333333,0.807692307692308,NA,148,1,74,NA,1.97989442635135,1.30145,1.61402789459459,NA,223,0.663677130044843,8,82,0.82,0.17,1.86953034098901
"ATM1F18","17025",0,"SpaceCakesLevel 2-3",100,1306,19,"3102",1065,1.52744359247887,0.749928521831069,48,1.9188708625,1.10381321804052,193,1.22741435492228,1.0319631082273,14,12,0.86,376,689,NA,1.86657460132979,1.34237354991292,NA,0.719449091557178,0.700332892621824,NA,410,896,NA,376,689,NA,0.917073170731707,0.768973214285714,NA,132,2,58,1,1.44758219083333,2.4143225,1.05692717068966,NA,192,0.6875,8,82,0.82,0.15,1.9517984773366
"ATM1F18","17028",0.31731,"SpaceCakesLevel 5-0",25,1617,26,"3558",1478,1.25843692117727,0.504741184775725,1,1.81134,NA,138,1.3600123615942,0.629721347890429,25,25,1,336,712,430,0.941243065178571,1.21368762935393,1.58038722674419,0.440191312788726,0.429473119758007,0.483841073323826,360,784,473,336,712,430,0.933333333333333,0.908163265306122,0.909090909090909,116,NA,20,2,1.51449113448276,NA,1.43986954,NA,136,0.852941176470588,2,91,0.91,0.09,2.68151006738043
"ATM1F18","17031",0,"SpaceCakesLevel 3-3",60,1432,25,"3258",1191,1.41200264324097,0.701110694287296,7,0,0,234,1.3381459991453,0.760668367200475,19,14,0.74,172,1019,NA,1.11403108662791,1.46229813660451,NA,0.584159076698544,0.706933428629113,NA,180,1252,NA,172,1019,NA,0.955555555555556,0.813897763578275,NA,177,NA,56,1,1.71132318135593,NA,1.27725919642857,NA,233,0.759656652360515,4,83,0.83,0.16,1.94862313635595
"ATM1F18","17035",0.050125,"SpaceCakesLevel 4-1",40,1615,27,"4018",1346,1.32858859279346,0.680651694331515,2,1.026145,1.45118817596134,267,1.36485121011236,0.86951372067061,22,19,0.86,330,846,170,1.0527383769697,1.42768641749409,1.37090513117647,0.572488792639644,0.697212718363463,0.64730024249371,360,1037,218,330,846,170,0.916666666666667,0.815814850530376,0.779816513761468,189,NA,77,1,1.5241905962963,NA,1.25326285974026,NA,266,0.710526315789474,2,83,0.83,0.17,1.90833050629239
"ATM1F18","17038",0,"SpaceCakesLevel 4-2",59,2784,36,"6360",2281,1.19525461092065,0.753129903059828,15,0.915204332666667,0.722199356938384,488,1.11696553870902,0.998670373061892,23,17,0.74,576,1203,502,1.05422963038194,1.23081228179551,1.27185722193227,0.566059787532923,0.712827939920649,0.981155874692287,600,1412,772,576,1203,502,0.96,0.851983002832861,0.650259067357513,323,4,159,2,1.20913498606811,0.99767375,0.989236428301887,NA,486,0.664609053497942,2,82,0.82,0.18,1.83073017568563
"ATM1F18","17041",0,"SpaceCakesLevel 2-4",60,1031,15,"3373",848,1.36125238903302,0.813103418096054,7,2.77931571428571,0.811221026763096,176,1.502415175,0.975684334331474,10,8,0.8,442,406,NA,1.12224354230769,1.62145413842365,NA,0.587479677922233,0.936294567851852,NA,494,537,NA,442,406,NA,0.894736842105263,0.756052141527002,NA,138,1,37,NA,1.58206704710145,1.90211,1.71914191081081,NA,176,0.784090909090909,6,82,0.82,0.17,1.86953034098901
"ATM1F18","17044",0,"SpaceCakesLevel 3-0",120,2078,24,"4861",1704,1.96404138679577,1.16619724506946,31,2.80626474516129,2.035072519031,343,2.03129977991254,1.17805474373399,15,13,0.87,686,1018,NA,1.65219699635569,2.17418407033399,NA,0.946641917922012,1.25060118308216,NA,734,1344,NA,686,1018,NA,0.934604904632153,0.757440476190476,NA,233,2,107,1,2.2286646806867,4.0459125,1.84014061775701,NA,342,0.681286549707602,6,82,0.82,0.17,1.86953034098901
"ATM1F18","17547",0.067415,"SpaceCakesLevel 6-2",38,3223,40,"7382",2721,1.60741322080118,0.846003503168595,4,2.91699375,0.292381126282546,498,1.75253404495984,1.12113434748629,31,27,0.87,323,620,1778,1.05958698390093,1.26920828080645,1.82486819116985,0.395740921856854,0.460997755248,0.922688489527381,360,730,2133,323,620,1778,0.897222222222222,0.849315068493151,0.83356774496015,380,NA,116,2,1.83920507157895,NA,1.82437589137931,NA,496,0.766129032258065,1,84,0.84,0.15,2.03089127270354
"ATM1F18","17550",0.03344,"SpaceCakesLevel 5-2",20,2629,40,"5936",2163,1.76930393619972,0.868702001347921,2,1.7680425,0.943043565331157,464,1.87233081982759,0.889636525461489,26,25,0.96,304,801,1058,1.32139269276316,1.67607335655431,1.96858816332703,0.83835218656238,0.808316949379486,0.862280622613625,330,986,1313,304,801,1058,0.921212121212121,0.81237322515213,0.805788271134806,331,1,130,2,2.01425191782477,2.434875,1.90866164461538,NA,462,0.716450216450216,1,82,0.82,0.18,1.83073017568563
"ATM1F18","17553",0.049165,"SpaceCakesLevel 5-4",20,2520,34,"6089",2131,2.44239630206007,1.342706199357,2,4.563483,0.365741083073805,387,2.86705469664083,1.4788669594281,26,21,0.81,306,670,1155,1.31468837973856,2.57832814343284,2.6623134367013,0.84979282544544,1.19888852271261,1.38100277530312,329,834,1357,306,670,1155,0.930091185410334,0.803357314148681,0.851142225497421,294,2,89,2,3.22703724489796,4.563483,3.16198071011236,NA,385,0.763636363636364,1,85,0.85,0.15,2.07286677898758
"ATM1F18","17557",0,"SpaceCakesLevel 4-0",170,2185,31,"5409",1719,1.38734780494474,0.77709595325995,4,0.8968125,0.246905802297826,462,1.24375641995671,0.901939820360603,17,12,0.71,371,1146,202,1.08577378625337,1.48744388071553,1.37335700346535,0.548982506116043,0.787613025430134,0.920754971222025,449,1417,319,371,1146,202,0.826280623608018,0.808750882145378,0.633228840125392,302,1,156,3,1.48525565695364,0.75121,1.20549315711538,NA,459,0.657952069716776,8,79,0.79,0.21,1.61284249403648
"ATM1F18","17560",0,"SpaceCakesLevel 3-3",30,1680,24,"4500",1334,1.75433002254873,1.12041946892902,22,2.40779067318182,2.24468862246988,324,1.47119669632716,1.2595003494674,16,12,0.75,292,1042,NA,1.2170077869863,1.90490400794626,NA,0.859561878261255,1.13896744571817,NA,350,1330,NA,292,1042,NA,0.834285714285714,0.783458646616541,NA,211,3,108,2,1.80080846393365,1.88454796666667,1.21472018907407,NA,322,0.65527950310559,2,79,0.79,0.19,1.68431754206947
"ATM1F18","17563",0,"SpaceCakesLevel 4-2",20,1795,24,"3808",1415,1.66692502255124,0.818071432059015,3,0,0,377,1.5774573270557,0.970767405354302,13,9,0.69,NA,1059,356,NA,1.6679953871577,1.66374098851124,NA,0.704535816111595,1.08918052556478,NA,1295,500,NA,1059,356,NA,0.817760617760618,0.712,266,1,108,2,1.70881430981203,0,1.419586475,NA,375,0.709333333333333,1,79,0.79,0.21,1.61284249403648
"ATM1F18","17564",0,"SpaceCakesLevel 3-4",196,1871,22,"5189",1568,1.68342743616071,0.828271419321695,2,2.194555,1.75877962577749,301,1.44900547312292,0.891396631399523,16,13,0.81,304,1134,130,1.19573177532895,1.84994279656085,1.37135868384615,0.575955095650792,0.801783030215921,1.00285481788684,330,1345,196,304,1134,130,0.921212121212121,0.843122676579926,0.663265306122449,230,NA,69,2,1.82533051086957,NA,1.2696818942029,NA,299,0.769230769230769,10,84,0.84,0.16,1.98891576641951
"ATM1F18","17567",0,"SpaceCakesLevel 5-4",20,2384,29,"5438",2150,1.98370083767442,1.04621877050156,1,0,NA,233,2.27928924678112,1.37484877852378,26,21,0.81,309,656,1185,1.52849290647249,1.66567477484756,2.27845556168776,1.07331200287454,0.72378608511015,1.09550689717489,340,770,1274,309,656,1185,0.908823529411765,0.851948051948052,0.930141287284144,178,1,52,2,2.64267094494382,0,2.50133504038462,NA,231,0.770562770562771,1,90,0.9,0.1,2.5631031310892
"ATM1F18","17570",0,"SpaceCakesLevel 3-4",80,2240,33,"5638",1617,1.39323540915894,0.977014650006488,7,0.512652857142857,0.632025580836838,616,1.09716558375,0.949582439078539,17,11,0.65,296,1253,68,1.47258669797297,1.38672571907422,1.16777452955882,1.08602814654345,0.959126043663311,0.748216267385455,360,1800,80,296,1253,68,0.822222222222222,0.696111111111111,0.85,401,1,213,1,1.23714609254364,1.75257,0.912687105164319,NA,615,0.652032520325203,4,72,0.72,0.28,1.16568301454243
"ATM1F18","17574",0,"SpaceCakesLevel 3-3",29,1574,20,"3897",1360,1.40452145984559,0.762871812365971,2,2.202313,0.896481290896804,212,1.26230335990566,0.971935768456367,15,12,0.8,291,1069,NA,0.973721169415808,1.52179263338634,NA,0.553458138788968,0.770088289304528,NA,300,1274,NA,291,1069,NA,0.97,0.839089481946625,NA,150,2,59,1,1.652199844,2.202313,1.22973757288136,NA,211,0.710900473933649,2,86,0.86,0.13,2.20671046985376
"ATM1F18","17577",0,"SpaceCakesLevel 4-0",38,1972,26,"4722",1660,1.93994952440361,1.09936366918558,41,2.17972775609756,1.76293542287307,271,1.8349068797417,1.44566431780653,18,15,0.83,170,1284,206,1.14771127764706,1.99279246098131,2.26436783208738,0.651535548218348,1.07200472792375,1.26287799305074,180,1522,270,170,1284,206,0.944444444444444,0.843626806833114,0.762962962962963,170,8,92,1,2.13084413588235,3.02023275,1.58177089673913,NA,270,0.62962962962963,2,84,0.84,0.14,2.07477722402471
"ATM1F18","17581",0,"SpaceCakesLevel 4-0",77,1845,22,"4795",1519,1.79766140072416,0.902894228850386,3,2.42503033333333,1.5122259591213,323,1.83041771609907,0.992247714938612,17,16,0.94,303,1037,179,1.13518971188119,1.96936547714561,1.92431947039106,0.719411595197201,0.875171381392015,0.825437284451488,330,1278,237,303,1037,179,0.918181818181818,0.811424100156495,0.755274261603376,231,2,89,1,2.07326716103896,3.0284155,1.93109873033708,NA,322,0.717391304347826,4,82,0.82,0.18,1.83073017568563
"ATM1F18","17584",0,"SpaceCakesLevel 4-0",39,1965,31,"4122",1496,1.41101209953877,0.631673725252529,5,0.87758698,0.749682325036313,464,1.31338368857759,0.850789066827966,17,12,0.71,190,1223,83,1.25433777,1.42293764775961,1.59394194457831,0.591569663340881,0.629191953122524,0.689621051679032,210,1636,119,190,1223,83,0.904761904761905,0.747555012224939,0.697478991596639,268,1,195,NA,1.26761092279851,0.61742,1.14805313384615,NA,464,0.577586206896552,2,76,0.76,0.24,1.41260512568018
"ATM1F18","17588",0.02028,"SpaceCakesLevel 4-1",118,2084,27,"5173",1803,1.55110296084859,0.797409069722529,4,0.779804,0.731541539026094,277,1.64440670649819,0.992558547680941,21,18,0.86,341,1127,335,1.04782861583578,1.63403900275067,1.78437947555224,0.575501145752263,0.787699732196902,0.815660781485579,360,1297,427,341,1127,335,0.947222222222222,0.868928296067849,0.784543325526932,192,1,84,NA,1.93742417348958,1.585001,1.66749005357143,NA,277,0.693140794223827,6,87,0.86,0.13,2.20671046985376
"ATM1F18","17591",0.015995,"SpaceCakesLevel 3-4",40,1594,22,"3980",1293,1.83756695777262,0.869423731334331,3,2.0967497,1.26383885819905,298,1.86055308691275,1.01602612359014,18,16,0.89,215,1047,31,1.42156961023256,1.92005943467049,1.93659297096774,0.682673536259274,0.865804387672641,1.26690521018972,239,1315,40,215,1047,31,0.899581589958159,0.796197718631179,0.775,201,1,94,2,2.21139814129353,2.48595,2.1123791712766,NA,296,0.679054054054054,3,81,0.81,0.19,1.75579259010246
"ATM1F18","17595",0,"SpaceCakesLevel 3-4",78,1957,22,"4718",1656,1.13928503702899,0.588515609430899,0,NA,NA,301,1.02346417900332,0.794248461018985,18,15,0.83,364,1235,57,0.993643590934066,1.18434111111741,1.09313126298246,0.547146841146368,0.591294753186026,0.637332819648342,390,1489,78,364,1235,57,0.933333333333333,0.829415715245131,0.730769230769231,221,NA,79,1,1.38183746923077,NA,0.983724080886076,NA,300,0.736666666666667,4,85,0.85,0.15,2.07286677898758
"ATM1F18","17597",0,"SpaceCakesLevel 5-0",40,1702,19,"4087",1429,2.5056035519944,1.28568828721319,13,1.00964592307692,1.98582392470957,260,2.78263929961538,1.61789629500027,16,11,0.69,NA,573,856,NA,2.33700773001745,2.61846033469626,NA,1.06466404071645,1.40380380274317,NA,654,1048,NA,573,856,NA,0.876146788990826,0.816793893129771,180,2,78,NA,3.00506807333333,5.077799,2.90260785,NA,260,0.692307692307692,2,84,0.84,0.15,2.03089127270354
"ATM1F18","17601",0.049005,"SpaceCakesLevel 3-4",69,1405,20,"3794",1277,1.95211610086139,1.08622995880944,5,2.5480306,1.6441533187207,123,2.21123869512195,1.25866719340177,17,15,0.88,288,926,63,1.08319064236111,2.15299438639309,2.97175482539683,0.60041883998057,1.04891452390999,1.01650468314477,300,1036,69,288,926,63,0.96,0.893822393822394,0.91304347826087,91,2,30,NA,2.38938667582418,1.0005325,2.02072956,NA,123,0.739837398373984,5,91,0.91,0.09,2.68151006738043
"ATM1F18","17607",0.351235,"SpaceCakesLevel 2-1",27,306,8,"550",176,3.13071060284091,1.35508314302762,20,2.6771162,2.11569887080614,110,3.32521486636364,1.64673663993129,2,1,0.5,NA,176,NA,NA,3.13071060284091,NA,NA,1.35508314302762,NA,NA,306,NA,NA,176,NA,NA,0.57516339869281,NA,55,5,50,NA,3.35635042,3.9546546,3.365650384,NA,110,0.5,9,58,0.57,0.36,0.534832958032055
"ATM1F18","17608",0,"SpaceCakesLevel 4-1",318,2375,33,"4959",1808,1.2473044497677,0.666233960830025,0,NA,NA,567,0.969789610970018,0.740750696614256,18,16,0.89,349,998,461,1.25665637191977,1.30105872523046,1.12385415097614,0.786580651752463,0.587902461221628,0.710520065726041,420,1278,677,349,998,461,0.830952380952381,0.780907668231612,0.680945347119645,354,NA,211,2,0.992848206779661,NA,0.830101292938389,NA,565,0.626548672566372,13,76,0.76,0.24,1.41260512568018
"ATM1F18","17613",0.033515,"SpaceCakesLevel 3-4",80,1678,24,"4051",1350,1.98132930733333,0.998434393517897,2,3.770445,0.636884006746911,326,1.93312019171779,1.07252723797289,17,13,0.76,174,1106,70,1.46857402931034,2.06111495605787,1.99527917714286,0.845193290821983,1.00606019993404,0.850924164741971,200,1398,80,174,1106,70,0.87,0.791130185979971,0.875,233,1,90,2,2.18483721416309,4.22079,1.58572207666667,NA,324,0.719135802469136,5,80,0.8,0.19,1.71951752862414
"ATM1F18","17618",0.0165,"SpaceCakesLevel 4-0",38,1876,27,"4547",1502,1.29224841032623,0.589455613832488,0,NA,NA,374,1.06784051791444,0.692621926082639,18,17,0.94,206,1143,153,0.999942292718447,1.324926011986,1.44168998895425,0.433182429032812,0.591178595963129,0.637160714721556,230,1460,186,206,1143,153,0.895652173913044,0.782876712328767,0.82258064516129,243,NA,128,3,1.20463532514403,NA,0.98644241328125,NA,371,0.654986522911051,2,80,0.8,0.2,1.68324246714583
"ATM1F18","17622",0,"SpaceCakesLevel 3-3",80,1808,26,"4048",1410,1.49046896346809,0.801598704172733,3,1.684725,0.216564063904887,395,1.35067258053165,0.846852308587286,15,11,0.73,328,1082,NA,1.23393382103659,1.56823562402033,NA,0.752385911857161,0.800166920581774,NA,390,1418,NA,328,1082,NA,0.841025641025641,0.763046544428773,NA,260,2,130,3,1.58300680961538,1.7431875,1.30306148623077,NA,392,0.663265306122449,4,78,0.78,0.22,1.54438642837737
"ATM1F18","18572",0.0827,"SpaceCakesLevel 3-1",7,854,16,"1770",638,3.45456156567398,1.22370924123276,18,1.35253261111111,1.14396347829687,198,2.85551597575758,1.23489354419741,8,4,0.5,9,629,NA,1.42012777777778,3.48367111112878,NA,0.841744091136489,1.20404917832876,NA,14,840,NA,9,629,NA,0.642857142857143,0.748809523809524,NA,135,4,57,2,3.29172908148148,1.45213475,2.73699694736842,NA,196,0.688775510204082,1,75,0.75,0.23,1.4133365993813
"ATMBF18","17058",0.082855,"SpaceCakesLevel 3-4",10,1920,34,"4600",1651,1.53183978843125,0.734962140433576,8,0.7153325,0.71540438530047,261,1.50421200306513,0.779886222264442,20,20,1,630,1011,10,1.33363549619048,1.6552122867458,1.54575062,0.634000565390416,0.76766448758913,0.587569930156041,720,1190,10,630,1011,10,0.875,0.849579831932773,1,204,NA,56,1,1.90407727352941,NA,1.697585825,NA,260,0.784615384615385,1,86,0.86,0.14,2.16063868162991
"ATMBF18","17061",0,"SpaceCakesLevel 3-4",50,1750,28,"4219",1495,1.71473879839465,1.0855303823041,9,1.88721057777778,1.68886269379544,246,1.98883002398374,1.3739146893995,17,11,0.65,681,772,42,1.23594918061674,2.1327362884715,1.79477849761905,0.848718701889662,1.1090614436608,0.870440354013321,790,910,50,681,772,42,0.862025316455696,0.848351648351648,0.84,177,5,64,NA,2.0553491779661,2.11211902,2.0666749875,NA,246,0.719512195121951,3,85,0.85,0.14,2.11675273030875
"ATMBF18","17064",0.09267999,"SpaceCakesLevel 2-2",40,359,8,"659",224,2.44285874147321,1.2013005706286,22,3.299645,1.52549860316145,113,2.60238504336283,1.41013072667906,3,2,0.67,NA,224,NA,NA,2.44285874147321,NA,NA,1.2013005706286,NA,NA,359,NA,NA,224,NA,NA,0.623955431754875,NA,67,1,44,1,2.52393542835821,3.919424,2.93882725227273,NA,112,0.598214285714286,11,62,0.62,0.32,0.773179587213906
"ATMBF18","17067",0,"SpaceCakesLevel 2-3",113,1198,22,"2970",955,1.3846452895288,0.792024934694529,20,0.23613,0.410195182167812,223,1.42190835067265,0.914546585631064,9,4,0.44,551,404,NA,1.2666048508167,1.54563608589109,NA,0.767105143088347,0.798030455308807,NA,667,531,NA,551,404,NA,0.826086956521739,0.760828625235405,NA,155,3,65,NA,1.66920211096774,0.1697,1.38418439538462,NA,223,0.695067264573991,9,80,0.8,0.19,1.71951752862414
"ATMBF18","17070",0.166825,"SpaceCakesLevel 2-2",120,1405,22,"3132",1117,1.4297688747538,0.729407903264035,57,1.2218666122807,0.886996291846048,231,1.46946850731602,0.822160877107603,10,7,0.7,708,409,NA,1.48377458389831,1.3362822193154,NA,0.77302616477795,0.637148453797787,NA,815,590,NA,708,409,NA,0.868711656441718,0.693220338983051,NA,173,3,55,NA,1.64870625895954,1.200015,1.52705491090909,NA,231,0.748917748917749,9,80,0.79,0.16,1.80087913022799
"ATMBF18","17073",0,"SpaceCakesLevel 3-0",15,1311,21,"3540",1140,1.53447529859649,0.907870812803563,14,1.26939292857143,0.867038279835571,157,1.56748738974522,1.40945030048974,15,8,0.53,567,573,NA,1.26502649047619,1.80110265322862,NA,0.664444933164649,1.03015313700809,NA,629,682,NA,567,573,NA,0.901430842607313,0.840175953079179,NA,108,2,47,NA,1.90725849166667,1.1014,1.58511108510638,NA,157,0.687898089171974,1,87,0.87,0.12,2.30137792110489
"ATMBF18","17076",0,"SpaceCakesLevel 2-3",120,976,17,"2099",687,1.28104789928675,0.983263883748322,28,1.65733226071429,1.42352962313352,261,1.36939010306513,1.32220736711822,6,2,0.33,201,486,NA,0.733523172139304,1.50749331113169,NA,0.346950120647106,1.06874817666018,NA,241,735,NA,201,486,NA,0.83402489626556,0.661224489795918,NA,165,5,90,1,1.29453657393939,0.97756582,1.55588500444444,NA,260,0.634615384615385,12,70,0.7,0.27,1.13721350372467
"ATMBF18","17084",0,"SpaceCakesLevel 2-3",160,1173,20,"2815",938,1.46045683251599,1.03776618437474,3,2.73952466666667,1.32798385174683,232,1.5300205887931,1.29305971548236,9,5,0.56,473,465,NA,1.10230229027484,1.82477317333333,NA,0.864286016869481,1.07292214150446,NA,575,598,NA,473,465,NA,0.822608695652174,0.777591973244147,NA,170,2,59,1,1.70818685470588,3.1420395,1.74409113050847,NA,231,0.735930735930736,14,80,0.8,0.2,1.68324246714583
"ATMBF18","17087",0,"SpaceCakesLevel 3-4",18,1948,36,"4068",1680,1.43086186857143,0.858357378829613,36,0.749914011111111,1.01170515063796,232,1.57869039875,1.06941937037546,18,14,0.78,808,858,14,1.20984067462871,1.61345852808858,2.9963755,0.793358605208816,0.851484439363291,0.642838842996947,874,1056,18,808,858,14,0.924485125858124,0.8125,0.777777777777778,174,1,57,NA,1.69656973333333,1.0014,1.32838987192982,NA,232,0.75,1,86,0.86,0.12,2.25530613288105
"ATMBF18","17090",0,"SpaceCakesLevel 2-3",104,1139,18,"3167",910,1.33356614681319,0.852837800582232,18,1.15815022777778,1.51499116201062,211,1.44379633270142,1.24508850914786,11,10,0.91,557,353,NA,1.07343538599641,1.74402743229462,NA,0.690446683885741,0.921533197921885,NA,695,444,NA,557,353,NA,0.801438848920863,0.795045045045045,NA,147,4,60,NA,1.50517664081633,2.51171225,1.48646223833333,NA,211,0.696682464454976,9,80,0.8,0.19,1.71951752862414
"ATMBF18","17093",0.032935,"SpaceCakesLevel 3-1",40,1879,25,"4052",1647,1.17254658773528,0.719753579686369,14,1.5466975,1.33760036400113,218,1.22985291100917,0.844058983832344,16,15,0.94,777,870,NA,0.964420265122265,1.35842492413793,NA,0.691552842586787,0.693441174604318,NA,828,1051,NA,777,870,NA,0.938405797101449,0.827783063748811,NA,175,2,40,1,1.46033189314286,2.727615,1.3005501825,NA,217,0.806451612903226,2,88,0.88,0.12,2.34997358413218
"ATMBF18","17096",0,"SpaceCakesLevel 2-1",473,1590,38,"3674",1065,1.422029430723,1.37159657456058,103,1.47040673106796,1.64623380195559,422,1.4847501621327,1.57605686876977,10,9,0.9,508,557,NA,1.20108504450787,1.62353705764811,NA,0.955683880410525,1.63768778528233,NA,655,935,NA,508,557,NA,0.77557251908397,0.59572192513369,NA,243,16,163,NA,1.44184526876543,1.30453925,1.47477844233129,NA,422,0.575829383886256,30,67,0.67,0.27,1.05272615668986
"ATMBF18","17099",0.066765,"SpaceCakesLevel 3-3",50,1718,30,"4048",1564,1.78598855268542,0.924648972855943,11,1.80931027272727,1.54703195099378,143,1.86697239097902,1.2701060100307,19,18,0.95,663,901,NA,1.5200131040724,1.98170633562708,NA,0.766930911738704,0.980665371566063,NA,704,1014,NA,663,901,NA,0.941761363636364,0.888560157790927,NA,104,2,37,NA,2.35996705769231,3.02781,1.51214881918919,NA,143,0.727272727272727,3,91,0.91,0.08,2.74582659399985
"ATMBF18","17132",0.0165,"SpaceCakesLevel 2-4",64,1182,20,"3636",955,2.12008390167539,1.19370956011506,25,0.9742478284,1.08770224627235,202,2.21852953915842,1.41824837425922,10,7,0.7,490,465,NA,1.72315776877551,2.53835014924731,NA,1.17326869511148,1.06644321890268,NA,618,564,NA,490,465,NA,0.792880258899676,0.824468085106383,NA,146,2,52,2,2.41732496164384,0.96769995,2.13071284423077,NA,200,0.73,5,81,0.81,0.17,1.83206154819742
"ATMBF18","17135",0,"SpaceCakesLevel 2-3",7,856,14,"2855",726,1.80229038677686,1.15858596401358,11,2.02194572727273,2.56103021951691,119,1.93288665798319,1.62557114265615,9,8,0.89,418,308,NA,1.40180031461722,2.34581262756494,NA,0.895690024670048,1.25119893335392,NA,470,386,NA,418,308,NA,0.88936170212766,0.797927461139896,NA,73,2,41,3,2.37954137808219,2.995388,1.57854621707317,NA,116,0.629310344827586,1,85,0.85,0.14,2.11675273030875
"ATMBF18","17138",0,"SpaceCakesLevel 3-0",80,1449,24,"4141",1127,1.89067786680568,1.09352738801538,19,1.51216984263158,1.64206470465727,303,1.77099792508251,1.28922066382582,11,5,0.45,679,448,NA,1.58834951706922,2.348894271875,NA,1.09953135348147,0.910621826887526,NA,869,580,NA,679,448,NA,0.781357882623705,0.772413793103448,NA,197,3,103,NA,2.05495573299492,1.53493367,1.56456901456311,NA,303,0.65016501650165,6,78,0.78,0.21,1.57861446120693
"ATMBF18","17141",0.1165,"SpaceCakesLevel 2-3",8,915,18,"2615",736,2.11340611725543,1.27377463974567,76,3.33192996052632,2.32647337803863,103,2.83413701941748,1.60121050670654,9,8,0.89,312,424,NA,1.29125170576923,2.71838766533019,NA,0.628201866887847,1.28983002074313,NA,330,585,NA,312,424,NA,0.945454545454545,0.724786324786325,NA,73,8,22,NA,2.94723883424658,2.707232375,3.29144581818182,NA,103,0.70873786407767,1,80,0.8,0.11,2.06814935360952
"ATMBF18","17144",0,"SpaceCakesLevel 2-2",131,901,15,"1952",661,1.46712281453858,0.917229941722175,22,1.19604433636364,1.34660533224393,218,1.26704882302752,1.02321365446617,6,4,0.67,301,360,NA,1.09161253860465,1.78109112858333,NA,0.614207264746586,1.00715980227399,NA,370,531,NA,301,360,NA,0.813513513513514,0.677966101694915,NA,125,3,90,NA,1.50062280872,1.87967836666667,1.13211550344444,NA,218,0.573394495412844,15,73,0.73,0.24,1.31911555385671
"ATMBF18","17147",0,"SpaceCakesLevel 2-3",220,1010,13,"3037",812,1.74472542167488,0.963315280676787,14,1.98916927857143,1.31239445705663,184,1.75120180277174,1.13545431902197,8,7,0.88,423,389,NA,1.79174928132388,1.69359150745501,NA,1.08577796453745,0.80771843554383,NA,510,500,NA,423,389,NA,0.829411764705882,0.778,NA,129,2,50,3,2.05910848992248,3.294871,2.1186854922,NA,181,0.712707182320442,22,80,0.8,0.18,1.75698632141573
"ATMBF18","17150",0.049125,"SpaceCakesLevel 2-0",215,615,14,"1386",446,1.55329327847534,1.10706275671968,11,0.913004545454545,1.47893236099535,158,1.73564389050633,1.27096722077542,4,4,1,303,143,NA,1.49094252244224,1.68540711818182,NA,1.17988396031992,0.924207528354392,NA,400,215,NA,303,143,NA,0.7575,0.665116279069767,NA,93,2,61,2,1.74463799892473,2.87763995,1.88287723114754,NA,156,0.596153846153846,35,73,0.72,0.26,1.22618691266413
"ATMBF18","17156",0.016545,"SpaceCakesLevel 3-0",160,1463,27,"3648",1166,1.9284534373928,1.13658655101683,3,1.07705466666667,1.79308728941185,294,1.92025800068027,1.30353698685755,10,8,0.8,634,532,NA,1.47922257949527,2.46381502368421,NA,0.900377902326828,1.15746654732362,NA,764,699,NA,634,532,NA,0.829842931937173,0.761087267525036,NA,163,1,129,1,2.26916675889571,0.06712,1.68206054573643,NA,293,0.556313993174061,11,80,0.8,0.2,1.68324246714583
"ATMBF18","17158",0.0327,"SpaceCakesLevel 3-3",9,1697,26,"4072",1405,1.19000855437722,0.607422670810914,19,0.838689494736842,0.529164655597711,273,1.31324254688645,0.672488240666697,16,11,0.69,688,717,NA,0.985535490116279,1.38621143891213,NA,0.56710317015769,0.579820896453234,NA,778,919,NA,688,717,NA,0.884318766066838,0.780195865070729,NA,202,2,68,1,1.46474045346535,1.4182675,1.32627485147059,NA,272,0.742647058823529,1,83,0.83,0.16,1.94862313635595
"ATMBF18","17161",0.1712,"SpaceCakesLevel 3-3",10,1163,18,"2519",1015,1.49772334591133,0.812152301522379,8,1.30532525,0.855645440563647,140,1.71858053642857,0.898574111424689,11,11,1,445,570,NA,1.09896315303371,1.80903612807018,NA,0.666937358727256,0.779043160713151,NA,465,698,NA,445,570,NA,0.956989247311828,0.816618911174785,NA,108,NA,32,NA,1.62444328888889,NA,1.961122115625,NA,140,0.771428571428571,1,87,0.87,0.12,2.30137792110489
"ATMBF18","17166",0,"SpaceCakesLevel 3-0",195,2521,48,"5088",1872,1.1958379991453,0.697074368454142,7,1.07489927142857,1.2329270297138,642,1.12601612196262,0.783866725619012,13,10,0.77,908,964,NA,1.14054794735683,1.24791618070539,NA,0.710038813031724,0.680909902326776,NA,1164,1357,NA,908,964,NA,0.780068728522337,0.71039056742815,NA,436,1,204,1,1.36316596605505,1.03388,1.24955120294118,NA,641,0.6801872074883,8,74,0.74,0.25,1.317835155589
"ATMBF18","17167",0.13359,"SpaceCakesLevel 4-3",20,1794,32,"4027",1595,1.31704179655172,0.557003460814801,0,NA,NA,199,1.36201326733668,0.6237825492286,21,17,0.81,360,973,262,1.29389665416667,1.28510356505653,1.46745458473282,0.619757392952492,0.535283464943266,0.521686720940706,405,1069,320,360,973,262,0.888888888888889,0.910196445275959,0.81875,164,NA,35,NA,1.48926310487805,NA,1.335492,NA,199,0.824120603015075,1,89,0.89,0.11,2.45305624007322
"ATMBF18","17172",0,"SpaceCakesLevel 2-4",259,2154,26,"6112",1789,1.12134511677473,0.726659428355777,16,1.3660708,0.939307019949593,349,1.26379384332378,1.10648077195491,13,8,0.62,1029,760,NA,0.834219820913508,1.51009765551316,NA,0.494256270069427,0.806189729987125,NA,1185,969,NA,1029,760,NA,0.868354430379747,0.784313725490196,NA,251,2,95,1,1.30387885294821,2.678549,1.19296233168421,NA,348,0.721264367816092,12,83,0.83,0.16,1.94862313635595
"ATMBF18","17345",0.15016,"SpaceCakesLevel 3-0",31,1447,20,"3589",1220,1.34842333557377,0.820006687408701,6,2.07731718333333,2.00440542681477,221,1.83675372533937,1.2039697423268,13,12,0.92,685,535,NA,1.14829878,1.60465757962617,NA,0.710065612330063,0.878627575129209,NA,776,671,NA,685,535,NA,0.882731958762887,0.797317436661699,NA,155,2,63,1,1.75965492322581,0.5008,2.1945920984127,NA,220,0.704545454545455,2,84,0.84,0.15,2.03089127270354
"ATMBF18","17347",0,"SpaceCakesLevel 2-4",220,1510,30,"3318",1203,1.15864796849543,0.533249221150428,1,0.749895,NA,306,0.972470160163399,0.52348038199646,11,9,0.82,718,485,NA,1.13126398871866,1.19918755092784,NA,0.542381140697274,0.517331379047573,NA,861,649,NA,718,485,NA,0.833914053426249,0.747303543913713,NA,219,NA,87,NA,1.23733123105023,NA,1.02987409206897,NA,306,0.715686274509804,15,80,0.8,0.2,1.68324246714583
"ATMBF18","17630",0.333835,"SpaceCakesLevel 4-1",96,1386,25,"3379",1228,2.37901004283388,1.53843599590528,19,4.56794357894737,2.26832347087766,139,3.47658284748201,1.79496860413127,20,19,0.95,173,694,361,1.12180915953757,2.37468026311239,2.98981508421053,0.65821051765456,1.40468668356192,1.71108079649842,180,790,416,173,694,361,0.961111111111111,0.878481012658228,0.867788461538462,96,9,33,1,3.70109295,3.761238,4.07101051818182,NA,138,0.695652173913043,7,89,0.89,0.1,2.50807968558121
"ATMBF18","17635",0.1594,"SpaceCakesLevel 3-0",123,1302,19,"3703",997,2.8512363109328,1.52414237722812,23,3.86743143478261,1.85268966186353,282,2.76999026028369,1.46859831513732,12,10,0.83,172,825,NA,1.69396377383721,3.09251010048485,NA,1.14699676905047,1.48224451070325,NA,210,1092,NA,172,825,NA,0.819047619047619,0.755494505494505,NA,185,4,92,1,3.04713693135135,3.946141,2.64451314021739,NA,281,0.658362989323843,9,77,0.77,0.22,1.5110400633739
"ATMBF18","17640",0,"SpaceCakesLevel 4-0",200,1649,26,"3841",1370,1.42834415482482,0.742442669407351,1,1.6855,NA,278,1.3484014942446,0.76566374640932,19,17,0.89,262,843,265,1.2807846980916,1.45867435030842,1.47774876943396,0.985852875854324,0.641522764808756,0.746965834607206,299,990,360,262,843,265,0.876254180602007,0.851515151515152,0.736111111111111,187,NA,90,1,1.5892189657754,NA,1.30735304666667,NA,277,0.675090252707581,12,83,0.83,0.17,1.90833050629239
"ATMBF18","17645",0,"SpaceCakesLevel 2-1",274,634,11,"1102",395,1.68274514248101,1.25103673357836,6,1.05398318333333,1.18701626789478,233,1.44669082150215,1.29017646927255,2,1,0.5,NA,395,NA,NA,1.68274514248101,NA,NA,1.25103673357836,NA,NA,634,NA,NA,395,NA,NA,0.623028391167192,NA,133,3,95,2,1.52870017887218,1.8020097,1.31954917789474,NA,231,0.575757575757576,43,62,0.62,0.37,0.637334134536214
"ATMBF18","17654",0,"SpaceCakesLevel 3-2",170,2145,27,"4531",1607,1.54218872501556,1.11354094059524,18,0.743329277777778,1.09749884199,520,1.34628478748077,1.3102882510276,13,11,0.85,343,1264,NA,1.63221353236152,1.51775952492089,NA,1.19751895273582,1.08885431303367,NA,435,1710,NA,343,1264,NA,0.788505747126437,0.739181286549708,NA,347,2,170,1,1.56653462737752,2.895011,1.30499175882353,NA,519,0.66859344894027,8,75,0.75,0.24,1.38079231303617
"ATMBF18","17662",0,"SpaceCakesLevel 4-0",320,2099,25,"4840",1789,1.69412957931805,0.915920807348622,4,0.308695,0.61739,306,1.7108796019281,1.06844711153765,19,16,0.84,344,1051,394,1.32335544505814,1.6105016489058,2.24092972411168,0.67764651743479,0.803682787238114,1.11868330790258,360,1215,524,344,1051,394,0.955555555555556,0.865020576131687,0.751908396946565,216,1,88,1,1.98212124212963,1.23478,1.57671050784091,NA,305,0.708196721311475,15,85,0.85,0.15,2.07286677898758
"ATMBF18","17665",0,"SpaceCakesLevel 3-0",120,2018,29,"4463",1485,1.27171982154209,0.721095227728872,4,0.366988725,0.470620655969507,529,1.07826245198488,0.835051432102852,12,9,0.75,347,1138,NA,1.23423837694524,1.28314869788225,NA,0.797435850889604,0.69613137878615,NA,380,1638,NA,347,1138,NA,0.913157894736842,0.694749694749695,NA,350,2,175,2,1.36485603914286,0.73397745,1.038706844,NA,527,0.664136622390892,6,74,0.74,0.26,1.28669081078583
"ATMBF18","17666",0,"SpaceCakesLevel 2-3",60,1740,19,"3247",1228,1.25115549917752,0.860721911363336,6,1.43465918333333,1.02626947114791,506,0.950446607134387,0.936695441947126,4,3,0.75,NA,1228,NA,NA,1.25115549917752,NA,NA,0.860721911363336,NA,NA,1740,NA,NA,1228,NA,NA,0.705747126436782,NA,353,1,151,1,1.19191726883853,2.001305,1.03652910066225,NA,505,0.699009900990099,3,71,0.71,0.29,1.10676943911135
"ATMBF18","17670",0,"SpaceCakesLevel 4-2",40,1963,29,"4703",1553,1.52975041919511,0.810790867639557,13,1.38364684615385,1.79595455292795,397,1.5026892765995,1.10645838799668,18,15,0.83,362,804,387,1.35868324723757,1.67424043544776,1.38958593129199,0.901861049903898,0.763913946214868,0.760167247817698,440,999,524,362,804,387,0.822727272727273,0.804804804804805,0.738549618320611,282,1,114,NA,1.67595548407801,1.001175,1.51324492903509,NA,397,0.710327455919396,2,79,0.79,0.2,1.64804248059115
"ATMBF18","17671",0,"SpaceCakesLevel 3-2",50,1701,24,"3367",1237,1.63276285383994,1.23614587860646,23,2.99310960869565,2.0078070295825,441,1.3780521106576,1.22471533643153,8,6,0.75,NA,1237,NA,NA,1.63276285383994,NA,NA,1.23614587860646,NA,NA,1701,NA,NA,1237,NA,NA,0.727219282774838,NA,296,7,135,3,1.56778376351351,2.21930671428571,1.33252181407407,NA,438,0.675799086757991,3,73,0.73,0.26,1.25615839640954
"ATMBF18","17679",0.483825,"SpaceCakesLevel 3-2",60,640,10,"1453",518,2.44724733996139,1.04468834943417,17,4.57584217647059,1.89475080500561,105,3.04913417238095,1.63530490228467,8,6,0.75,NA,518,NA,NA,2.44724733996139,NA,NA,1.04468834943417,NA,NA,640,NA,NA,518,NA,NA,0.809375,NA,66,9,30,NA,3.13778393939394,4.74239422222222,3.96366786666667,NA,105,0.628571428571429,9,81,0.81,0.16,1.87235417826098
"ATMBF18","17683",0.433745,"SpaceCakesLevel 4-3",60,1840,27,"4376",1648,2.60632329447816,1.42628464359784,15,3.7125892,1.93077435356296,177,3.45266601299435,1.81109584615909,22,21,0.95,202,862,584,1.5365379980198,2.48003618863109,3.1627549984589,0.922008746653706,1.21792570524747,1.59152086732643,210,940,690,202,862,584,0.961904761904762,0.917021276595745,0.846376811594203,121,5,49,2,3.99634352066116,4.613481,4.11164350816327,NA,175,0.691428571428571,3,90,0.9,0.1,2.5631031310892
"ATMBF18","17684",0,"SpaceCakesLevel 3-4",180,1418,19,"3123",1094,2.1800214808958,1.06867704069136,9,3.08465922222222,1.325437213038,315,1.91568769079365,1.28412767437322,10,8,0.8,NA,976,118,NA,2.13911448995902,2.51837082966102,NA,1.01300621193476,1.41001983659316,NA,1238,180,NA,976,118,NA,0.788368336025848,0.655555555555556,237,NA,77,1,2.20739147383966,NA,2.39869191428571,NA,314,0.754777070063694,13,77,0.77,0.22,1.5110400633739
"ATMBF18","17689",0,"SpaceCakesLevel 5-1",7,1747,26,"4071",1629,1.6172054572744,0.773270116386715,0,NA,NA,118,1.8233997059322,1.27839544883393,25,23,0.92,177,848,604,1.09441664745763,1.50582162735849,1.92678676043046,0.423533642485459,0.590204769137091,0.937567628355939,180,888,679,177,848,604,0.983333333333333,0.954954954954955,0.889543446244477,95,NA,21,2,2.34984341263158,NA,1.73126338571429,NA,116,0.818965517241379,0,93,0.93,0.07,2.95158205635834
"ATMBF18","17691",0.350365,"SpaceCakesLevel 4-1",160,1430,19,"3250",1173,2.20185892446718,1.10550626007312,2,4.487941,0.000749533188057626,255,2.65747748745098,1.32521325984018,12,11,0.92,NA,905,268,NA,2.10852250850829,2.51704346343284,NA,1.07070662265213,1.16356722011063,NA,1080,350,NA,905,268,NA,0.837962962962963,0.765714285714286,182,1,71,1,2.77751027032967,4.487411,3.35291304225352,NA,254,0.716535433070866,11,82,0.82,0.18,1.83073017568563
"ATMBF18","17696",0,"SpaceCakesLevel 2-4",300,1820,25,"3989",1365,1.58784847956044,0.936862236740159,10,1.67660009,1.09183229205405,445,1.29294662896629,1.13999424250344,9,8,0.89,236,1129,NA,1.25705024364407,1.65699673790965,NA,0.727184825163611,0.960988588557458,NA,300,1520,NA,236,1129,NA,0.786666666666667,0.742763157894737,NA,316,2,124,3,1.75280629367089,1.150705,1.19153459830645,NA,442,0.714932126696833,16,75,0.75,0.24,1.38079231303617
"ATMBF18","17700",0,"SpaceCakesLevel 3-4",60,1624,24,"3692",1342,1.74591265372578,0.769004578314453,8,3.174499,0.493967985834247,274,1.78204367664234,0.874440858731418,17,12,0.71,154,1132,56,1.57284363051948,1.7752157840106,1.62951061964286,0.931081810832904,0.748192464239698,0.616715064181974,180,1384,60,154,1132,56,0.855555555555556,0.817919075144509,0.933333333333333,202,1,70,1,2.20657511089109,2.8366,1.95326091428571,NA,273,0.73992673992674,4,83,0.83,0.17,1.90833050629239
"ATMBF18","18592",0.55146,"SpaceCakesLevel 3-2",20,610,11,"1438",532,2.18670726503759,1.08301658577022,0,NA,NA,78,2.70327606282051,1.17861581274464,9,6,0.67,29,503,NA,0.884355337931034,2.26179316143141,NA,0.268990479533317,1.0644320402611,NA,30,580,NA,29,503,NA,0.966666666666667,0.867241379310345,NA,59,NA,19,NA,2.86908249152542,NA,3.42832757894737,NA,78,0.756410256410256,3,87,0.87,0.13,2.2527822580776
