"id","userID","accessCode","task","post_nihScore","post_nihAccuracy","post_nihRTScore"
1220,18630,"fa18UCp1","flanker",8.08068,5,3.55687
1219,18630,"fa18UCp1","flanker",7.72966,4,3.3249
1218,17248,"fa18UCp1","flanker",8.00005,4,3.59529
1221,17653,"FA18UCpost","flanker",7.99949,5,2.99949
1222,17697,"FA18UCpost","flanker",5.42116,4,1.0164
1223,17688,"FA18UCpost","flanker",7.90658,5,2.90658
1224,17686,"FA18UCpost","flanker",3.21429,3,2.34375
1225,17684,"FA18UCpost","flanker",6.83696,5,1.956
1226,17680,"FA18UCpost","flanker",8.46819,5,3.46819
1227,17701,"FA18UCpost","flanker",8.67462,5,3.67462
1228,17700,"FA18UCpost","flanker",6.17172,4,2.1241
1229,17699,"FA18UCpost","flanker",6.8314,5,2.06949
1230,17698,"FA18UCpost","flanker",7.27275,4,2.98703
1231,17695,"FA18UCpost","flanker",7.20966,5,2.20966
1232,17690,"FA18UCpost","flanker",8.05735,5,3.1764
1233,17689,"FA18UCpost","flanker",8.25494,5,3.37399
1234,17687,"FA18UCpost","flanker",6.75376,5,1.99186
1235,17685,"FA18UCpost","flanker",7.03397,5,2.03397
1236,17685,"FA18UCpost","flanker",5,5,0
1237,17685,"FA18UCpost","flanker",5,5,0
1238,17683,"FA18UCpost","flanker",7.93653,5,2.93653
1239,17682,"FA18UCpost","flanker",7.89917,5,2.89917
1240,17681,"FA18UCpost","flanker",8.13896,5,3.13896
1241,17679,"FA18UCpost","flanker",7.44546,5,2.56451
1242,17678,"FA18UCpost","flanker",6.93028,5,2.16838
1243,17677,"FA18UCpost","flanker",7.8582,5,2.8582
1244,17672,"FA18UCpost","flanker",3.57143,4,1.25169
1245,17671,"FA18UCpost","flanker",7.93755,5,3.05659
1246,17669,"FA18UCpost","flanker",3.57143,4,0.341436
1247,17668,"FA18UCpost","flanker",6.07418,5,1.19323
1248,17666,"FA18UCpost","flanker",7.21506,5,2.45316
1249,17661,"FA18UCpost","flanker",6.93901,5,2.41521
1250,17655,"FA18UCpost","flanker",6.21637,5,1.69256
1251,17652,"FA18UCpost","flanker",7.53877,5,2.53877
1252,17670,"FA18UCpost","flanker",7.73049,5,2.84954
1253,17667,"FA18UCpost","flanker",7.66859,5,2.66859
1254,17665,"FA18UCpost","flanker",3.57143,4,2.24774
1255,17663,"FA18UCpost","flanker",7.46665,5,2.82379
1256,17662,"FA18UCpost","flanker",3.80952,4,1.33793
1257,17659,"FA18UCpost","flanker",8.02666,5,3.14571
1258,17657,"FA18UCpost","flanker",7.97169,5,3.09074
1259,17654,"FA18UCpost","flanker",7.88044,5,2.99949
1260,17651,"FA18UCpost","flanker",6.21898,4,2.17137
1261,17645,"FA18UCpost","flanker",4.88413,5,0.241278
1262,17638,"FA18UCpost","flanker",7.51339,5,2.51339
1263,17629,"FA18UCpost","flanker",7.96024,5,3.07929
1264,17628,"FA18UCpost","flanker",7.52619,5,2.64524
1265,17642,"FA18UCpost","flanker",6.74857,5,2.10572
1266,17641,"FA18UCpost","flanker",7.59139,5,2.82948
1267,17640,"FA18UCpost","flanker",8.18547,5,3.30452
1268,17637,"FA18UCpost","flanker",5,5,0
1269,17636,"FA18UCpost","flanker",7.82948,5,2.82948
1270,17635,"FA18UCpost","flanker",6.95333,5,2.19142
1271,17634,"FA18UCpost","flanker",3.80952,4,2.6896
1272,17632,"FA18UCpost","flanker",8.05016,5,3.05016
1273,17630,"FA18UCpost","flanker",8.30084,5,3.30084
1274,17627,"FA18UCpost","flanker",6.92234,5,2.04139
1275,17625,"FA18UCpost","flanker",7.28934,5,2.40839
1276,17621,"FA18UCpost","flanker",7.6504,5,2.6504
1277,17615,"FA18UCpost","flanker",5.85064,5,0.850637
1278,17612,"FA18UCpost","flanker",3.80952,4,2.35584
1279,17607,"FA18UCpost","flanker",7.07338,5,2.19243
1280,17605,"FA18UCpost","flanker",8.03005,5,3.1491
1281,17603,"FA18UCpost","flanker",8.00314,5,3.12219
1282,17602,"FA18UCpost","flanker",7.15943,5,2.15943
1283,17600,"FA18UCpost","flanker",7.06384,5,2.06384
1284,17600,"FA18UCpost","flanker",7.06384,5,2.06384
1285,17623,"FA18UCpost","flanker",7.52543,5,2.52543
1286,17622,"FA18UCpost","flanker",8.10613,5,3.22517
1287,17622,"FA18UCpost","flanker",8.10613,5,3.22517
1288,17620,"FA18UCpost","flanker",6.65748,5,2.01462
1289,17619,"FA18UCpost","flanker",7.65017,5,2.76922
1290,17618,"FA18UCpost","flanker",7.36911,5,2.36911
1291,17617,"FA18UCpost","flanker",7.3388,5,2.57689
1292,17616,"FA18UCpost","flanker",7.80542,5,2.80542
1293,17613,"FA18UCpost","flanker",8.36255,5,3.36255
1294,17611,"FA18UCpost","flanker",7.88221,5,3.23935
1295,17610,"FA18UCpost","flanker",8.19223,5,3.43033
1296,17608,"FA18UCpost","flanker",8.14537,5,3.26442
1297,17606,"FA18UCpost","flanker",4.80228,5,0.278471
1298,17604,"FA18UCpost","flanker",6.61336,4,2.56575
1299,17601,"FA18UCpost","flanker",7.39151,5,2.74865
1300,17599,"FA18UCpost","flanker",7.4467,5,2.56575
1301,17597,"FA18UCpost","flanker",8.15079,5,3.15079
1302,17594,"FA18UCpost","flanker",8.21988,5,3.21989
1303,17579,"FA18UCpost","flanker",5.97893,4,1.93132
1304,17596,"FA18UCpost","flanker",8.33111,5,3.45016
1305,17596,"FA18UCpost","flanker",8.33111,5,3.45016
1306,17595,"FA18UCpost","flanker",8.04024,5,3.15929
1307,17592,"FA18UCpost","flanker",7.35377,5,2.59186
1308,17591,"FA18UCpost","flanker",8.40292,5,3.40291
1309,17590,"FA18UCpost","flanker",7.98984,5,3.10888
1310,17589,"FA18UCpost","flanker",8.43823,5,3.43823
1311,17588,"FA18UCpost","flanker",8.37974,5,3.37974
1312,17587,"FA18UCpost","flanker",8.21988,5,3.21989
1313,17585,"FA18UCpost","flanker",8.37782,5,3.37782
1314,17584,"FA18UCpost","flanker",7.84954,5,2.84954
1315,17583,"FA18UCpost","flanker",8.10888,5,3.10888
1316,17582,"FA18UCpost","flanker",7.47772,5,2.47772
1317,17581,"FA18UCpost","flanker",7.73688,5,3.09403
1318,17580,"FA18UCpost","flanker",7.73041,5,2.96851
1319,17578,"FA18UCpost","flanker",8.28984,5,3.28984
1320,17576,"FA18UCpost","flanker",6.69918,5,2.05632
1321,17575,"FA18UCpost","flanker",6.70024,5,1.93834
1322,17574,"FA18UCpost","flanker",8.58883,5,3.58883
1323,17574,"FA18UCpost","flanker",8.58883,5,3.58883
1324,17573,"FA18UCpost","flanker",7.30826,5,2.78445
1325,17572,"FA18UCpost","flanker",7.21772,4,2.932
1326,17563,"FA18UCpost","flanker",7.84092,5,2.84092
1327,17571,"FA18UCpost","flanker",7.83519,5,2.83519
1328,17570,"FA18UCpost","flanker",7.40737,4,3.00261
1329,17570,"FA18UCpost","flanker",7.40737,4,3.00261
1330,17569,"FA18UCpost","flanker",7.38696,5,2.38696
1331,17568,"FA18UCpost","flanker",7.63097,5,2.75001
1332,17567,"FA18UCpost","flanker",7.23221,5,2.23221
1333,17566,"FA18UCpost","flanker",8.07011,5,3.30821
1334,17565,"FA18UCpost","flanker",7.54357,5,2.78167
1335,17564,"FA18UCpost","flanker",7.8815,5,2.8815
1336,17562,"FA18UCpost","flanker",7.54976,5,2.54976
1337,17561,"FA18UCpost","flanker",7.58144,5,2.81954
1338,17560,"FA18UCpost","flanker",8.11875,5,3.35685
1339,17559,"FA18UCpost","flanker",7.02013,5,2.02013
1340,17558,"FA18UCpost","flanker",8.09732,5,3.09732
1341,17557,"FA18UCpost","flanker",7.86836,5,2.86836
1342,17556,"FA18UCpost","flanker",6.92234,5,2.04139
1343,17554,"FA18UCpost","flanker",8.23579,5,3.23579
1344,17553,"FA18UCpost","flanker",8.40292,5,3.40291
1345,17552,"FA18UCpost","flanker",8.04375,5,3.04375
1346,17551,"FA18UCpost","flanker",8.16099,5,3.16099
1347,17550,"FA18UCpost","flanker",8.75987,5,3.75987
1348,17549,"FA18UCpost","flanker",7.71472,5,2.83376
1349,17548,"FA18UCpost","flanker",8.05982,5,3.05982
1350,17548,"FA18UCpost","flanker",8.05982,5,3.05982
1351,17547,"FA18UCpost","flanker",8.1122,5,3.1122
1352,18690,"FA18UCpost","flanker",8.0781,5,3.19714
1353,18661,"FA18UCpost","flanker",7.80402,5,2.80402
1354,18618,"FA18UCpost","flanker",7.07069,4,3.02307
1355,18617,"FA18UCpost","flanker",7.94258,5,2.94258
1356,17347,"FA18UCpost","flanker",3.92857,4,2.6504
1357,17346,"FA18UCpost","flanker",8.58668,5,3.58668
1358,17345,"FA18UCpost","flanker",8.47424,5,3.47424
1359,17344,"FA18UCpost","flanker",7.67907,5,2.67907
1360,17100,"FA18UCpost","flanker",6.34134,4,1.93658
1361,17099,"FA18UCpost","flanker",7.61619,5,3.09238
1362,17098,"FA18UCpost","flanker",8.27611,5,3.39516
1363,17097,"FA18UCpost","flanker",8.13559,5,3.13559
1364,17097,"FA18UCpost","flanker",8.13559,5,3.13559
1365,17097,"FA18UCpost","flanker",8.13559,5,3.13559
1366,17097,"FA18UCpost","flanker",8.13559,5,3.13559
1367,17096,"FA18UCpost","flanker",7.76805,4,3.48234
1368,17095,"FA18UCpost","flanker",7.67382,5,2.67382
1369,17094,"FA18UCpost","flanker",7.78308,5,2.90213
1370,17093,"FA18UCpost","flanker",8.01017,5,3.24826
1371,17092,"FA18UCpost","flanker",7.92899,5,2.92899
1372,17091,"FA18UCpost","flanker",7.69994,5,2.93804
1373,17090,"FA18UCpost","flanker",7.49528,5,2.85242
1374,17089,"FA18UCpost","flanker",7.60253,5,2.72158
1375,17088,"FA18UCpost","flanker",7.23427,5,2.23427
1376,17087,"FA18UCpost","flanker",7.71614,5,2.83519
1377,17086,"FA18UCpost","flanker",8.1026,5,3.22165
1378,17085,"FA18UCpost","flanker",7.46781,5,2.58686
1379,17083,"FA18UCpost","flanker",8.25902,5,3.25902
1380,17175,"FA18UCpost","flanker",5,5,0
1381,17175,"FA18UCpost","flanker",5,5,0
1382,17175,"FA18UCpost","flanker",5,5,0
1383,17174,"FA18UCpost","flanker",7.6478,5,2.8859
1384,17173,"FA18UCpost","flanker",6.73897,5,2.09611
1385,17172,"FA18UCpost","flanker",8.39322,5,3.39322
1386,17170,"FA18UCpost","flanker",7.87411,5,3.1122
1387,17169,"FA18UCpost","flanker",6.65071,5,1.65071
1388,17168,"FA18UCpost","flanker",8.07603,5,3.07603
1389,17167,"FA18UCpost","flanker",6.70105,5,1.70105
1390,17166,"FA18UCpost","flanker",7.76245,5,2.8815
1391,17164,"FA18UCpost","flanker",7.74729,5,2.74729
1392,17163,"FA18UCpost","flanker",6.83135,4,2.66468
1393,17162,"FA18UCpost","flanker",7.40839,5,2.40839
1394,17161,"FA18UCpost","flanker",6.40307,5,1.52212
1395,17160,"FA18UCpost","flanker",3.69048,4,2.1884
1396,17159,"FA18UCpost","flanker",5.7864,5,0.786402
1397,17158,"FA18UCpost","flanker",6.56341,4,2.51579
1398,17157,"FA18UCpost","flanker",8.05016,5,3.05016
1399,17156,"FA18UCpost","flanker",7.86255,5,2.86255
1400,17077,"FA18UCpost","flanker",7.52785,5,2.52785
1401,17076,"FA18UCpost","flanker",3.92857,4,2.75685
1402,17074,"FA18UCpost","flanker",5.76128,5,1.11842
1403,17073,"FA18UCpost","flanker",7.99315,5,3.1122
1404,17072,"FA18UCpost","flanker",7.78497,5,3.02307
1405,17071,"FA18UCpost","flanker",7.33769,5,2.81388
1406,17070,"FA18UCpost","flanker",3.92857,4,1.62976
1407,17069,"FA18UCpost","flanker",3.21429,3,3.711
1408,17068,"FA18UCpost","flanker",8.05256,4,3.64779
1409,17067,"FA18UCpost","flanker",7.82615,5,3.18329
1410,17066,"FA18UCpost","flanker",7.29502,5,2.41407
1411,17065,"FA18UCpost","flanker",8.17652,5,3.41461
1412,17064,"FA18UCpost","flanker",5,5,0
1413,17062,"FA18UCpost","flanker",7.61433,5,2.85242
1414,17062,"FA18UCpost","flanker",3.21429,3,5
1415,17061,"FA18UCpost","flanker",3.92857,4,2.42319
1416,17060,"FA18UCpost","flanker",2.97619,3,0.0288425
1417,17059,"FA18UCpost","flanker",8.28436,5,3.28436
1418,17058,"FA18UCpost","flanker",7.58647,5,2.70552
1419,17152,"FA18UCpost","flanker",7.55098,5,2.55098
1420,17151,"FA18UCpost","flanker",8.33111,5,3.45016
1421,17150,"FA18UCpost","flanker",3.80952,4,1.16294
1422,17149,"FA18UCpost","flanker",6.60264,5,1.84073
1423,17147,"FA18UCpost","flanker",7.00408,5,2.12312
1424,17146,"FA18UCpost","flanker",6.61312,5,1.97026
1425,17145,"FA18UCpost","flanker",3.80952,4,1.44179
1426,17144,"FA18UCpost","flanker",7.2519,5,2.2519
1427,17143,"FA18UCpost","flanker",3.45238,3,1.77198
1428,17142,"FA18UCpost","flanker",7.57014,5,2.80824
1429,17141,"FA18UCpost","flanker",7.65155,5,2.7706
1430,17140,"FA18UCpost","flanker",7.98322,5,3.10227
1431,17139,"FA18UCpost","flanker",7.35694,5,2.35694
1432,17138,"FA18UCpost","flanker",6.76858,4,2.60191
1433,17138,"FA18UCpost","flanker",6.76858,4,2.60191
1434,17137,"FA18UCpost","flanker",7.51099,5,2.51099
1435,17137,"FA18UCpost","flanker",7.51099,5,2.51099
1436,17137,"FA18UCpost","flanker",7.51099,5,2.51099
1437,17136,"FA18UCpost","flanker",7.93502,5,2.93502
1438,17135,"FA18UCpost","flanker",7.86981,5,2.86981
1439,17134,"FA18UCpost","flanker",7.44793,5,2.56698
1440,17133,"FA18UCpost","flanker",7.50262,5,2.50262
1441,17132,"FA18UCpost","flanker",6.9066,5,2.02565
1442,17057,"FA18UCpost","flanker",8.40486,5,3.40486
1443,17051,"FA18UCpost","flanker",7.75822,5,2.75822
1444,17051,"FA18UCpost","flanker",7.75822,5,2.75822
1445,17050,"FA18UCpost","flanker",7.88443,5,2.88443
1446,17049,"FA18UCpost","flanker",7.74785,5,2.8669
1447,17048,"FA18UCpost","flanker",7.66558,4,3.26082
1448,17046,"FA18UCpost","flanker",6.15372,5,1.15372
1449,17046,"FA18UCpost","flanker",6.15372,5,1.15372
1450,17045,"FA18UCpost","flanker",7.44388,5,2.44388
1451,17044,"FA18UCpost","flanker",6.39011,5,1.39011
1452,17042,"FA18UCpost","flanker",8.06143,5,3.06143
1453,17041,"FA18UCpost","flanker",6.92234,5,2.04139
1454,17040,"FA18UCpost","flanker",8.10888,5,3.10888
1455,17039,"FA18UCpost","flanker",7.80246,5,3.04055
1456,17038,"FA18UCpost","flanker",8.17125,5,3.17125
1457,17037,"FA18UCpost","flanker",8.13559,5,3.13559
1458,17036,"FA18UCpost","flanker",8.22341,5,3.22341
1459,17035,"FA18UCpost","flanker",8.01045,5,3.01045
1460,17034,"FA18UCpost","flanker",6.83823,5,1.83823
1461,16960,"FA18UCpost","flanker",7.72617,5,2.84522
1462,16959,"FA18UCpost","flanker",3.80952,4,1.48186
1463,16957,"FA18UCpost","flanker",7.95016,5,2.95016
1464,16955,"FA18UCpost","flanker",7.59312,5,2.59312
1465,16954,"FA18UCpost","flanker",6.71813,5,1.71813
1466,16953,"FA18UCpost","flanker",7.90877,5,3.02782
1467,16951,"FA18UCpost","flanker",7.44887,5,2.68696
1468,16950,"FA18UCpost","flanker",8.08255,5,3.08255
1469,16948,"FA18UCpost","flanker",6.58058,5,1.58058
1470,16947,"FA18UCpost","flanker",8.29955,5,3.65669
1471,16946,"FA18UCpost","flanker",7.16438,5,2.28342
1472,16944,"FA18UCpost","flanker",7.04109,5,2.27919
1473,17033,"FA18UCpost","flanker",8.06139,5,3.41853
1474,17032,"FA18UCpost","flanker",7.5785,5,2.69755
1475,17031,"FA18UCpost","flanker",8.16349,5,3.28254
1476,17029,"FA18UCpost","flanker",8.26262,5,3.26262
1477,17028,"FA18UCpost","flanker",7.90955,5,2.90955
1478,17027,"FA18UCpost","flanker",7.38137,5,2.38137
1479,17026,"FA18UCpost","flanker",8.1902,5,3.1902
1480,17025,"FA18UCpost","flanker",8.00125,5,3.23935
1481,17024,"FA18UCpost","flanker",7.74865,5,2.74865
1482,17023,"FA18UCpost","flanker",5,5,0
1483,17022,"FA18UCpost","flanker",8.12386,5,3.12386
1484,17021,"FA18UCpost","flanker",7.74865,5,2.74865
1485,17020,"FA18UCpost","flanker",6.83158,5,1.83158
1486,17019,"FA18UCpost","flanker",5,5,0
1487,17018,"FA18UCpost","flanker",5,5,0
1488,17018,"FA18UCpost","flanker",6.77584,5,1.89489
1489,17017,"FA18UCpost","flanker",7.88826,5,3.00731
1490,17016,"FA18UCpost","flanker",7.32523,5,2.32523
1491,17015,"FA18UCpost","flanker",7.56451,5,2.56451
1492,17014,"FA18UCpost","flanker",8.00261,5,3.00261
1493,17013,"FA18UCpost","flanker",7.88443,5,2.88443
1494,17012,"FA18UCpost","flanker",7.53935,4,3.25363
1495,17011,"FA18UCpost","flanker",7.90762,5,3.14571
1496,17010,"FA18UCpost","flanker",8.47021,5,3.47021
1497,17009,"FA18UCpost","flanker",6.22199,5,1.57913
1498,17008,"FA18UCpost","flanker",8.10888,5,3.10888
1499,17007,"FA18UCpost","flanker",6.71221,5,2.1884
1500,17006,"FA18UCpost","flanker",7.77474,5,2.77474
1501,16941,"FA18UCpost","flanker",3.69048,4,2.8669
1502,16940,"FA18UCpost","flanker",7.48244,5,2.48244
1503,16938,"FA18UCpost","flanker",8.05498,5,3.05498
1504,16937,"FA18UCpost","flanker",7.25816,5,2.25816
1505,16936,"FA18UCpost","flanker",8.06791,5,3.06791
1506,16935,"FA18UCpost","flanker",5,5,0
1507,16934,"FA18UCpost","flanker",7.87565,5,2.87564
1508,16933,"FA18UCpost","flanker",8.12219,5,3.12219
1509,16932,"FA18UCpost","flanker",8.23591,5,3.35495
1510,16931,"FA18UCpost","flanker",7.79796,5,2.917
1511,16930,"FA18UCpost","flanker",7.78445,5,2.78445
1512,16929,"FA18UCpost","flanker",7.99949,5,2.99949
1513,16928,"FA18UCpost","flanker",7.78605,5,2.90509
1514,16927,"FA18UCpost","flanker",7.9383,5,3.1764
1515,16926,"FA18UCpost","flanker",6.16299,4,2.11537
1516,16925,"FA18UCpost","flanker",7.44097,5,2.67907
1517,16924,"FA18UCpost","flanker",8.37017,5,3.37017
1518,16923,"FA18UCpost","flanker",7.70286,5,2.70286
1519,16922,"FA18UCpost","flanker",7.84092,5,2.84092
1520,16921,"FA18UCpost","flanker",7.86087,5,3.09897
1521,16920,"FA18UCpost","flanker",8.08582,5,3.08582
1522,16998,"FA18UCpost","flanker",6.35557,5,1.59367
1523,16996,"FA18UCpost","flanker",7.11419,5,2.23324
1524,16995,"FA18UCpost","flanker",6.52235,5,1.8795
1525,16994,"FA18UCpost","flanker",8.22871,5,3.22871
1526,16993,"FA18UCpost","flanker",7.57814,5,2.57814
1527,16992,"FA18UCpost","flanker",7.94561,5,2.94561
1528,16991,"FA18UCpost","flanker",7.90368,5,3.26082
1529,16990,"FA18UCpost","flanker",8.22517,5,3.22517
1530,16988,"FA18UCpost","flanker",7.6378,5,2.75685
1531,16987,"FA18UCpost","flanker",7.63233,5,2.75138
1532,16986,"FA18UCpost","flanker",6.89673,5,2.13482
1533,16985,"FA18UCpost","flanker",8.33424,5,3.33424
1534,16984,"FA18UCpost","flanker",8.04215,5,3.04215
1535,16983,"FA18UCpost","flanker",8.13728,5,3.13728
1536,16982,"FA18UCpost","flanker",6.69518,5,2.17137
1537,18652,"FA18UCpost","flanker",8.16275,5,3.63894
1538,17246,"FA18UCpost","flanker",7.65303,4,3.24826
1539,18650,"FA18UCpost","flanker",5,5,0
1540,17248,"FA18UCpost","flanker",7.45285,4,3.28619
1541,16908,"FA18UCpost","flanker",8.20062,5,3.20062
1542,16907,"FA18UCpost","flanker",8.17038,5,3.52753
1543,16906,"FA18UCpost","flanker",8.06804,5,3.54423
1544,16904,"FA18UCpost","flanker",3.80952,4,3.17125
1545,16903,"FA18UCpost","flanker",7.8867,5,3.00574
1546,16901,"FA18UCpost","flanker",8.17847,5,3.41657
1547,16899,"FA18UCpost","flanker",7.80542,5,2.80542
1548,16897,"FA18UCpost","flanker",7.84946,5,2.96851
1549,16896,"FA18UCpost","flanker",7.99061,5,3.22871
1550,16889,"FA18UCpost","flanker",7.9977,5,3.23579
1551,16888,"FA18UCpost","flanker",8.24921,5,3.36826
1552,16887,"FA18UCpost","flanker",7.42789,5,2.66598
1553,16886,"FA18UCpost","flanker",7.9639,5,2.9639
1554,16885,"FA18UCpost","flanker",7.98703,5,2.98703
1555,16884,"FA18UCpost","flanker",7.91701,5,2.917
1556,16882,"FA18UCpost","flanker",7.95373,5,3.07278
1557,16881,"FA18UCpost","flanker",8.30636,5,3.30636
1558,16881,"FA18UCpost","flanker",8.02307,5,3.02307
1559,16880,"FA18UCpost","flanker",8.60394,5,3.60394
1560,16879,"FA18UCpost","flanker",6.51369,5,1.63274
1561,16878,"FA18UCpost","flanker",7.61455,5,2.61455
1562,16877,"FA18UCpost","flanker",8.28254,5,3.28254
1563,16876,"FA18UCpost","flanker",7.63752,5,2.63752
1564,16875,"FA18UCpost","flanker",8.30636,5,3.30636
1565,16874,"FA18UCpost","flanker",8.02836,5,3.38551
1566,16873,"FA18UCpost","flanker",8.50685,5,3.50685
1567,16872,"FA18UCpost","flanker",6.14512,5,1.14512
1568,16868,"FA18UCpost","flanker",7.36339,5,2.48244
1569,16867,"FA18UCpost","flanker",8.20772,5,3.32677
1570,16866,"FA18UCpost","flanker",7.97004,5,2.97004
1571,16867,"FA18UCpost","flanker",8.20772,5,3.32677
1572,16865,"FA18UCpost","flanker",7.64704,5,3.00418
1573,16864,"FA18UCpost","flanker",8.25902,5,3.25902
1574,16863,"FA18UCpost","flanker",8.37208,5,3.37208
1575,16862,"FA18UCpost","flanker",8.12888,5,3.12888
1576,16861,"FA18UCpost","flanker",7.36579,5,2.36579
1577,16860,"FA18UCpost","flanker",8.30821,5,3.30821
1578,16859,"FA18UCpost","flanker",5.17307,5,0.292119
1579,16858,"FA18UCpost","flanker",7.69692,5,2.93502
1580,16857,"FA18UCpost","flanker",8.34713,5,3.46618
1581,16856,"FA18UCpost","flanker",3.57143,4,2.41976
1582,16855,"FA18UCpost","flanker",6.66098,5,1.78003
1583,16854,"FA18UCpost","flanker",8.10966,5,3.22871
1584,16854,"FA18UCpost","flanker",8.10966,5,3.22871
1585,16853,"FA18UCpost","flanker",8.57384,5,3.57384
1586,16852,"FA18UCpost","flanker",3.45238,3,1.69333
1587,16851,"FA18UCpost","flanker",3.09524,3,2.58561
1588,16850,"FA18UCpost","flanker",7.76784,5,2.76784
1589,16848,"FA18UCpost","flanker",8.40097,5,3.40097
1590,16847,"FA18UCpost","flanker",5.72437,4,1.31961
1591,16846,"FA18UCpost","flanker",7.78862,5,2.78862
1592,16845,"FA18UCpost","flanker",7.225,5,2.225
1593,16844,"FA18UCpost","flanker",3.33333,3,2.67382
1594,16843,"FA18UCpost","flanker",8.38551,5,3.38551
1595,16842,"FA18UCpost","flanker",7.99325,5,2.99325
1596,16841,"FA18UCpost","flanker",6.5101,4,2.46248
1597,16840,"FA18UCpost","flanker",8.67653,5,3.79558
1598,16839,"FA18UCpost","flanker",6.75279,5,1.75279
1599,16838,"FA18UCpost","flanker",5.50139,4,1.21568
1600,16836,"FA18UCpost","flanker",5,5,0
1601,16835,"FA18UCpost","flanker",7.08147,5,2.20052
1602,16834,"FA18UCpost","flanker",7.58063,5,2.58063
1603,16833,"FA18UCpost","flanker",6.82082,5,1.82082
1604,16832,"FA18UCpost","flanker",8.50685,5,3.50685
1605,16831,"FA18UCpost","flanker",8.44617,5,3.44618
1606,16830,"FA18UCpost","flanker",8.41657,5,3.41657
1607,16827,"FA18UCpost","flanker",7.47302,5,2.47302
1608,16826,"FA18UCpost","flanker",7.90361,5,2.90361
1609,16825,"FA18UCpost","flanker",5.90131,5,1.1394
1610,16824,"FA18UCpost","flanker",8.07278,5,3.07278
1611,16823,"FA18UCpost","flanker",2.61905,3,0
1612,16823,"FA18UCpost","flanker",2.61905,3,0
1613,16821,"FA18UCpost","flanker",7.78181,5,3.0199
1614,16820,"FA18UCpost","flanker",8.22165,5,3.22165
1615,16818,"FA18UCpost","flanker",8.21988,5,3.21989
1616,16817,"FA18UCpost","flanker",7.99648,5,3.11552
1617,16816,"FA18UCpost","flanker",3.29268,3,2.40839
1618,16815,"FA18UCpost","flanker",5.93465,5,1.28349
1619,16815,"FA18UCpost","flanker",5.93465,5,1.28349
1620,16813,"FA18UCpost","flanker",7.88737,5,2.88737
1621,16812,"FA18UCpost","flanker",7.96697,5,2.96697
1622,16812,"FA18UCpost","flanker",7.96697,5,2.96697
1623,16810,"FA18UCpost","flanker",8.29716,5,3.29716
1624,16809,"FA18UCpost","flanker",7.51579,5,2.51579
1625,16806,"FA18UCpost","flanker",8.25902,5,3.25902
1626,16805,"FA18UCpost","flanker",8.32677,5,3.32677
1627,16805,"FA18UCpost","flanker",8.32677,5,3.32677
1628,16804,"FA18UCpost","flanker",6.3086,4,2.02289
1629,16803,"FA18UCpost","flanker",8.56746,5,3.56746
1630,16802,"FA18UCpost","flanker",8.34512,5,3.46417
1631,16800,"FA18UCpost","flanker",4.89768,5,0.191799
1632,16797,"FA18UCpost","flanker",8.04245,5,3.1644
1633,16797,"FA18UCpost","flanker",5,5,0
1634,16796,"FA18UCpost","flanker",6.29536,4,1.8906
1635,16793,"FA18UCpost","flanker",8.01675,5,3.01675
1636,16793,"FA18UCpost","flanker",8.01675,5,3.01675
1637,16792,"FA18UCpost","flanker",8.31746,5,3.31746
1638,16791,"FA18UCpost","flanker",7.27075,5,2.27075
1639,16790,"FA18UCpost","flanker",7.44042,5,2.44042
1640,16789,"FA18UCpost","flanker",3.33333,3,0.486971
1641,16787,"FA18UCpost","flanker",5,5,0
1642,16786,"FA18UCpost","flanker",7.92299,5,2.92299
1643,16786,"FA18UCpost","flanker",7.92299,5,2.92299
1644,16786,"FA18UCpost","flanker",7.92299,5,2.92299
1645,16785,"FA18UCpost","flanker",8.1272,5,3.12721
1646,16784,"FA18UCpost","flanker",7.34877,5,2.58686
1647,16783,"FA18UCpost","flanker",7.96697,5,2.96697
1648,16783,"FA18UCpost","flanker",7.96697,5,2.96697
1649,16782,"FA18UCpost","flanker",5.68213,5,1.15832
1650,16780,"FA18UCpost","flanker",8.22165,5,3.22165
1651,16779,"FA18UCpost","flanker",7.52664,5,2.52664
1652,16778,"FA18UCpost","flanker",8.10888,5,3.10888
1653,16777,"FA18UCpost","flanker",8.38936,5,3.38936
1654,16777,"FA18UCpost","flanker",8.38936,5,3.38936
1655,16776,"FA18UCpost","flanker",8.13997,5,3.25902
1656,16776,"FA18UCpost","flanker",8.31128,5,3.43033
1657,16775,"FA18UCpost","flanker",7.29553,5,2.41748
1658,16774,"FA18UCpost","flanker",7.95626,5,2.95626
1659,16773,"FA18UCpost","flanker",5,5,0
1660,16771,"FA18UCpost","flanker",7.70752,5,3.06467
1661,16771,"FA18UCpost","flanker",7.70752,5,3.06467
1662,16770,"FA18UCpost","flanker",5,5,0
1663,16770,"FA18UCpost","flanker",7.16148,4,3.11386
1664,17247,"FA18UCpost","flanker",7.76552,4,3.7179
1665,18630,"FA18UCpost","flanker",5,5,0
1666,18630,"FA18UCpost","flanker",5,5,0
1667,17252,"JRPOF18","flanker",3.80952,4,3.26442
1668,17253,"JRPOF18","flanker",7.71401,5,3.1902
1669,17255,"JRPOF18","flanker",7.18167,5,2.41976
1670,18129,"JRPOF18","flanker",3.09524,3,0
1671,18128,"JRPOF18","flanker",3.21429,3,0.588245
1672,17386,"JRPOF18","flanker",3.57143,4,2.64266
1673,17213,"JRPOF18","flanker",7.91253,5,2.91253
1674,17209,"JRPOF18","flanker",7.93351,5,2.93351
1675,17208,"JRPOF18","flanker",5.88319,4,1.47843
1676,17207,"JRPOF18","flanker",6.79865,5,2.03675
1677,17206,"JRPOF18","flanker",3.21429,3,4.55869
1678,17205,"JRPOF18","flanker",4.69046,4,0.52379
1679,17202,"JRPOF18","flanker",7.62727,5,2.62727
1680,17202,"JRPOF18","flanker",3.33333,3,1.27119
1681,17198,"JRPOF18","flanker",7.97662,5,3.09567
1682,17195,"JRPOF18","flanker",7.58936,5,2.58936
1683,17194,"JRPOF18","flanker",7.89917,5,2.89917
1684,17192,"JRPOF18","flanker",3.92857,4,1.16641
1685,17394,"JRPOF18","flanker",3.45238,3,1.69025
1686,17212,"JRPOF18","flanker",8.34002,5,3.57811
1687,17211,"JRPOF18","flanker",7.48091,5,2.83805
1688,17210,"JRPOF18","flanker",6.82122,5,2.17836
1689,17204,"JRPOF18","flanker",3.69048,4,2.84666
1690,17203,"JRPOF18","flanker",7.21885,5,2.21885
1691,17201,"JRPOF18","flanker",8.27224,5,3.39129
1692,17200,"JRPOF18","flanker",8.36635,5,3.36635
1693,17199,"JRPOF18","flanker",7.86798,5,2.98703
1694,17197,"JRPOF18","flanker",3.57143,4,2.09995
1695,17196,"JRPOF18","flanker",7.0275,5,2.0275
1696,17256,"JRPOF18","flanker",3.80952,4,2.65299
1697,17258,"JRPOF18","flanker",3.45238,3,3.96149
1698,17230,"JRPOF18","flanker",3.80952,4,3.19714
1699,17230,"JRPOF18","flanker",5,5,0
1700,18648,"JRPOF18","flanker",7.95048,5,3.06953
