"id.x","userID","accessCode.x","task.x","pre_nihScore","pre_nihAccuracy","pre_nihRTScore","dateTime.x","id.y","accessCode.y","task.y","post_nihScore","post_nihAccuracy","post_nihRTScore","dateTime.y"
309,16770,"PUF18","dccs",8.30115,5,3.68577,"2018-10-16 09:15:15",1053,"FA18UCpost","dccs",3.81579,4,3.26498,"2018-11-27 09:13:48"
308,16771,"PUF18","dccs",7.0958,5,2.35221,"2018-10-16 09:14:52",1052,"FA18UCpost","dccs",6.66845,4,2.61439,"2018-11-27 09:19:20"
307,16772,"PUF18","dccs",8.29719,5,3.4254,"2018-10-16 09:15:04",1051,"FA18UCpost","dccs",3.15789,3,4.59807,"2018-11-27 09:24:06"
306,16773,"PUF18","dccs",7.88364,5,3.14005,"2018-10-16 09:14:47",1050,"FA18UCpost","dccs",3.46154,3,2.48673,"2018-11-27 09:20:48"
305,16774,"PUF18","dccs",6.99032,4,2.63135,"2018-10-16 09:17:54",1049,"FA18UCpost","dccs",7.41073,5,2.66073,"2018-12-04 09:04:07"
304,16775,"PUF18","dccs",7.52575,5,2.52575,"2018-10-16 09:17:42",1048,"FA18UCpost","dccs",6.84395,5,2.22856,"2018-11-27 09:14:58"
303,16776,"PUF18","dccs",9.13407,5,4.13407,"2018-10-16 09:17:54",1047,"FA18UCpost","dccs",3.20513,3,3.12931,"2018-11-27 09:20:58"
302,16777,"PUF18","dccs",7.26471,4,2.90573,"2018-10-16 09:17:50",1045,"FA18UCpost","dccs",7.73372,5,2.99013,"2018-11-27 09:23:04"
301,16778,"PUF18","dccs",3.71795,4,2.23666,"2018-10-16 09:13:37",1044,"FA18UCpost","dccs",7.59347,5,2.85663,"2018-11-27 09:13:01"
300,16779,"PUF18","dccs",7.60837,5,2.60837,"2018-10-16 09:12:37",1043,"FA18UCpost","dccs",7.33842,4,2.86473,"2018-11-27 09:15:32"
299,16780,"PUF18","dccs",6.71937,4,2.61681,"2018-10-16 09:14:34",1042,"FA18UCpost","dccs",7.83783,5,2.83783,"2018-11-27 09:11:24"
298,16781,"PUF18","dccs",2.4359,2,1.95737,"2018-10-16 09:18:27",1041,"FA18UCpost","dccs",3.78378,4,2.80071,"2018-11-27 09:13:54"
297,16782,"PUF18","dccs",2.5641,3,2.44727,"2018-10-16 09:20:22",1040,"FA18UCpost","dccs",3.84615,4,2.63988,"2018-11-27 09:11:01"
296,16783,"PUF18","dccs",7.66071,5,3.04532,"2018-10-16 09:20:28",1039,"FA18UCpost","dccs",6.79107,5,2.17568,"2018-11-27 09:17:11"
295,16784,"PUF18","dccs",7.18678,5,2.57139,"2018-10-16 09:24:23",1038,"FA18UCpost","dccs",6.71863,4,2.48786,"2018-12-04 09:06:42"
294,16785,"PUF18","dccs",8.07895,5,3.20715,"2018-10-16 09:20:54",1037,"FA18UCpost","dccs",7.65762,5,2.91403,"2018-11-27 09:17:45"
293,16786,"PUF18","dccs",8.17601,5,3.43242,"2018-10-16 09:22:25",1036,"FA18UCpost","dccs",7.99443,5,2.99443,"2018-12-04 09:08:09"
292,16787,"PUF18","dccs",7.33103,5,2.71564,"2018-10-16 09:17:42",1035,"FA18UCpost","dccs",7.81659,4,3.32941,"2018-11-27 09:15:12"
290,16789,"PUF18","dccs",7.58039,4,3.34962,"2018-10-16 09:17:23",1034,"FA18UCpost","dccs",6.55237,4,2.06519,"2018-11-27 09:14:03"
289,16790,"PUF18","dccs",8.32773,5,3.32773,"2018-10-16 09:19:05",1033,"FA18UCpost","dccs",7.33735,5,2.72197,"2018-11-27 09:18:54"
288,16791,"PUF18","dccs",7.46936,5,2.59757,"2018-10-16 09:18:41",1032,"FA18UCpost","dccs",5.92013,4,1.68936,"2018-11-27 09:25:10"
287,16792,"PUF18","dccs",7.03822,5,2.42284,"2018-10-16 09:20:08",1031,"FA18UCpost","dccs",5,5,0,"2018-11-27 09:12:25"
285,16795,"PUF18","dccs",7.80809,5,2.9363,"2018-10-16 09:56:48",1029,"FA18UCpost","dccs",8.17809,5,3.58349,"2018-11-27 09:52:42"
284,16796,"PUF18","dccs",7.5447,5,2.92931,"2018-10-16 09:57:38",1028,"FA18UCpost","dccs",3.33333,3,1.79098,"2018-12-04 09:52:21"
283,16797,"PUF18","dccs",4.69909,4,0.468325,"2018-10-16 10:00:58",1027,"FA18UCpost","dccs",6.67879,5,1.9352,"2018-11-27 10:06:51"
281,16799,"PUF18","dccs",6.96928,4,2.73851,"2018-10-16 10:00:48",1026,"FA18UCpost","dccs",6.78459,4,2.3109,"2018-11-27 09:54:42"
280,16800,"PUF18","dccs",9.45189,5,4.5801,"2018-10-16 09:58:36",1025,"FA18UCpost","dccs",3.58974,4,2.27656,"2018-11-27 09:59:18"
279,16801,"PUF18","dccs",7.52809,4,3.04092,"2018-10-16 09:55:49",1024,"FA18UCpost","dccs",8.39609,5,3.52767,"2018-11-27 09:51:07"
278,16802,"PUF18","dccs",7.55484,5,2.81125,"2018-10-16 09:54:45",1023,"FA18UCpost","dccs",3.71795,4,2.47199,"2018-11-27 09:54:38"
277,16803,"PUF18","dccs",7.53774,5,2.92235,"2018-10-16 09:53:41",1022,"FA18UCpost","dccs",7.66298,5,3.03798,"2018-12-04 09:47:40"
276,16804,"PUF18","dccs",7.19321,5,2.32142,"2018-10-16 09:53:37",1021,"FA18UCpost","dccs",7.35538,5,2.6411,"2018-11-27 09:50:10"
275,16805,"PUF18","dccs",7.70033,5,2.95033,"2018-10-16 09:53:23",1020,"FA18UCpost","dccs",7.65483,5,3.03945,"2018-12-04 09:44:41"
273,16807,"PUF18","dccs",7.60838,5,2.993,"2018-10-23 09:58:06",1019,"FA18UCpost","dccs",8.01672,5,3.27313,"2018-11-27 09:53:13"
272,16808,"PUF18","dccs",6.52495,4,2.29418,"2018-10-16 09:55:23",1018,"FA18UCpost","dccs",2.82051,3,1.91325,"2018-11-27 10:00:52"
271,16809,"PUF18","dccs",7.72959,5,2.72959,"2018-10-16 09:56:33",1017,"FA18UCpost","dccs",6.55641,4,2.32564,"2018-12-04 10:02:32"
270,16810,"PUF18","dccs",7.38964,4,3.03066,"2018-10-16 09:55:15",1016,"FA18UCpost","dccs",7.80064,4,3.34118,"2018-11-27 09:56:16"
269,16811,"PUF18","dccs",5.87744,4,1.39026,"2018-10-16 09:57:02",1015,"FA18UCpost","dccs",7.46973,5,2.46973,"2018-12-04 09:50:03"
268,16812,"PUF18","dccs",7.52388,5,2.90849,"2018-10-16 09:55:59",1014,"FA18UCpost","dccs",7.7407,5,3.13544,"2018-11-27 09:59:54"
267,16813,"PUF18","dccs",8.03807,5,3.29448,"2018-10-16 09:56:41",1013,"FA18UCpost","dccs",5,5,0,"2018-11-27 09:55:08"
266,16814,"PUF18","dccs",8.83365,5,4.21826,"2018-10-16 09:53:54",1011,"FA18UCpost","dccs",8.85917,5,4.2539,"2018-11-27 09:53:19"
265,16815,"PUF18","dccs",7.86092,5,3.24553,"2018-10-16 09:54:01",1010,"FA18UCpost","dccs",3.75,4,0.215158,"2018-11-27 09:58:15"
264,16816,"PUF18","dccs",7.96772,5,3.09593,"2018-10-16 09:53:46",1007,"FA18UCpost","dccs",9.08128,5,4.08128,"2018-11-27 10:09:08"
263,16817,"PUF18","dccs",3.07692,3,2.16683,"2018-10-16 09:59:31",1006,"FA18UCpost","dccs",7.49748,5,2.75389,"2018-12-04 09:46:22"
262,16818,"PUF18","dccs",7.04375,5,2.42837,"2018-10-16 09:58:38",1005,"FA18UCpost","dccs",7.63744,5,2.63744,"2018-11-27 10:03:48"
260,16820,"PUF18","dccs",8.20624,5,3.33444,"2018-10-16 11:22:20",1004,"FA18UCpost","dccs",8.9121,5,4.04368,"2018-11-27 11:20:05"
259,16821,"PUF18","dccs",8.01514,4,3.91258,"2018-10-16 11:22:23",1003,"FA18UCpost","dccs",0,4,0,"2018-11-27 11:24:35"
258,16822,"PUF18","dccs",3.97436,4,4.90096,"2018-10-16 11:23:25",1002,"FA18UCpost","dccs",7.59334,5,2.99875,"2018-11-27 11:20:23"
257,16823,"PUF18","dccs",8.85843,5,3.85843,"2018-10-16 11:29:08",1001,"FA18UCpost","dccs",5,5,0,"2018-11-27 11:33:59"
256,16824,"PUF18","dccs",7.13292,5,2.26113,"2018-10-16 11:22:02",1000,"FA18UCpost","dccs",7.45381,5,2.84855,"2018-11-27 11:18:26"
255,16825,"PUF18","dccs",2.05128,2,2.83382,"2018-10-16 11:21:59",999,"FA18UCpost","dccs",7.35485,4,2.99587,"2018-11-27 11:19:27"
254,16826,"PUF18","dccs",8.36495,4,3.87777,"2018-10-16 11:27:48",998,"FA18UCpost","dccs",8.33781,5,3.33781,"2018-11-27 11:19:12"
253,16827,"PUF18","dccs",3.75,4,0.606912,"2018-10-16 11:23:51",997,"FA18UCpost","dccs",5.61061,4,1.50805,"2018-11-27 11:26:18"
251,16829,"PUF18","dccs",8.52239,4,4.16341,"2018-10-16 11:19:14",996,"FA18UCpost","dccs",7.67399,5,3.05861,"2018-11-27 11:21:35"
250,16830,"PUF18","dccs",8.11533,5,3.37174,"2018-10-16 11:19:57",995,"FA18UCpost","dccs",7.86092,5,3.24553,"2018-11-27 11:17:02"
249,16831,"PUF18","dccs",7.89662,5,3.02482,"2018-10-16 11:22:55",994,"FA18UCpost","dccs",9.22013,5,4.34833,"2018-11-27 11:20:32"
248,16832,"PUF18","dccs",8.03812,5,3.16633,"2018-10-16 11:23:08",993,"FA18UCpost","dccs",8.32187,5,3.45008,"2018-11-27 11:18:42"
247,16833,"PUF18","dccs",8.21211,5,3.59673,"2018-10-16 11:20:06",992,"FA18UCpost","dccs",7.65974,4,3.17256,"2018-11-27 11:18:47"
246,16834,"PUF18","dccs",7.75284,5,2.88104,"2018-10-16 11:24:43",991,"FA18UCpost","dccs",6.84944,5,2.10585,"2018-11-27 11:20:14"
245,16835,"PUF18","dccs",6.51992,5,1.90453,"2018-10-16 11:25:29",990,"FA18UCpost","dccs",5.59645,4,1.36569,"2018-11-27 11:24:24"
244,16836,"PUF18","dccs",7.33877,5,2.59518,"2018-10-16 11:22:05",989,"FA18UCpost","dccs",8.61961,5,3.61961,"2018-11-27 11:32:43"
242,16838,"PUF18","dccs",6.43138,4,2.32881,"2018-10-16 11:21:59",988,"FA18UCpost","dccs",7.75294,5,3.0161,"2018-11-27 11:18:26"
241,16839,"PUF18","dccs",6.26106,5,1.64568,"2018-10-16 11:29:34",987,"FA18UCpost","dccs",6.37784,4,1.89066,"2018-12-04 11:20:17"
240,16840,"PUF18","dccs",8.20968,5,3.46609,"2018-10-23 11:26:41",986,"FA18UCpost","dccs",8.02819,5,3.2846,"2018-11-27 11:24:34"
239,16841,"PUF18","dccs",8.38926,4,4.15849,"2018-10-23 11:40:07",985,"FA18UCpost","dccs",5.25734,4,1.04682,"2018-11-27 11:19:16"
238,16842,"PUF18","dccs",2.4359,2,2.71944,"2018-10-23 11:20:11",984,"FA18UCpost","dccs",3.94737,4,3.36832,"2018-11-27 11:20:28"
237,16843,"PUF18","dccs",8.9144,5,4.17081,"2018-10-16 11:23:45",983,"FA18UCpost","dccs",8.26498,5,3.26498,"2018-11-27 11:18:12"
236,16844,"PUF18","dccs",8.11749,5,3.5021,"2018-10-16 11:22:52",982,"FA18UCpost","dccs",8.15968,5,3.28789,"2018-11-27 11:20:01"
235,16845,"PUF18","dccs",7.56521,4,3.33444,"2018-10-16 12:49:09",981,"FA18UCpost","dccs",7.0024,5,2.0024,"2018-11-27 12:42:53"
234,16846,"PUF18","dccs",7.07982,5,2.33623,"2018-10-16 12:59:46",980,"FA18UCpost","dccs",7.53746,5,2.66566,"2018-11-27 12:46:16"
233,16847,"PUF18","dccs",0,4,0,"2018-10-16 13:01:26",979,"FA18UCpost","dccs",3.58974,4,0,"2018-11-27 12:49:26"
232,16848,"PUF18","dccs",7.33027,5,2.45847,"2018-10-16 12:50:54",978,"FA18UCpost","dccs",8.03812,5,3.16633,"2018-11-27 12:45:48"
231,16850,"PUF18","dccs",6.57337,4,2.34261,"2018-10-16 12:56:19",977,"FA18UCpost","dccs",6.65009,4,2.16291,"2018-11-27 12:47:48"
230,16851,"PUF18","dccs",2.05128,2,3.63692,"2018-10-16 13:01:34",976,"FA18UCpost","dccs",2.17949,2,3.70562,"2018-11-27 12:42:29"
228,16852,"PUF18","dccs",8.21146,5,3.46787,"2018-10-16 12:53:04",975,"FA18UCpost","dccs",5.88418,4,1.65342,"2018-11-27 12:45:25"
227,16853,"PUF18","dccs",3.97436,4,4.14869,"2018-10-30 12:52:52",974,"FA18UCpost","dccs",6.53748,4,2.30671,"2018-11-27 12:43:53"
226,16854,"PUF18","dccs",8.78727,5,4.04368,"2018-10-16 12:45:50",973,"FA18UCpost","dccs",3.20513,3,5,"2018-11-27 12:54:14"
225,16855,"PUF18","dccs",7.15352,5,2.28173,"2018-10-16 12:55:35",972,"FA18UCpost","dccs",7.49506,5,2.87968,"2018-11-27 12:43:37"
224,16856,"PUF18","dccs",2.4359,2,3.45362,"2018-10-16 12:56:31",971,"FA18UCpost","dccs",3.97436,4,3.2715,"2018-11-27 12:43:26"
223,16857,"PUF18","dccs",5,5,0,"2018-10-16 13:10:34",970,"FA18UCpost","dccs",8.51397,5,3.77038,"2018-11-27 12:42:52"
222,16858,"PUF18","dccs",6.18846,4,2.0859,"2018-10-16 12:52:20",969,"FA18UCpost","dccs",6.42768,4,1.9405,"2018-11-27 12:44:04"
221,16859,"PUF18","dccs",7.02229,4,2.79152,"2018-10-16 12:52:15",968,"FA18UCpost","dccs",8.07132,5,3.32773,"2018-11-27 12:43:07"
220,16860,"PUF18","dccs",3.97436,4,2.75647,"2018-10-16 12:52:59",967,"FA18UCpost","dccs",8.22466,5,3.22466,"2018-11-27 12:43:04"
219,16861,"PUF18","dccs",8.35301,5,3.35301,"2018-10-16 12:51:31",966,"FA18UCpost","dccs",6.00775,4,1.64877,"2018-11-27 12:52:23"
218,16862,"PUF18","dccs",8.41738,4,3.9302,"2018-10-16 12:53:16",965,"FA18UCpost","dccs",7.10866,5,2.36507,"2018-11-27 12:46:16"
217,16863,"PUF18","dccs",3.84615,4,2.95597,"2018-10-16 13:00:45",964,"FA18UCpost","dccs",6.84758,4,2.61681,"2018-11-27 12:48:13"
216,16864,"PUF18","dccs",8.63602,5,3.76423,"2018-10-16 12:53:35",963,"FA18UCpost","dccs",8.40019,5,3.78481,"2018-11-27 12:42:50"
215,16865,"PUF18","dccs",7.27023,4,2.91126,"2018-10-16 12:57:05",962,"FA18UCpost","dccs",3.94737,4,4.43028,"2018-11-27 12:46:43"
214,16866,"PUF18","dccs",6.63127,4,2.38127,"2018-10-16 12:50:39",961,"FA18UCpost","dccs",6.84399,5,1.96899,"2018-11-27 12:46:56"
213,16867,"PUF18","dccs",7.4681,5,2.72451,"2018-10-16 12:49:32",960,"FA18UCpost","dccs",8.05131,5,3.30772,"2018-11-27 12:42:51"
212,16868,"PUF18","dccs",6.79757,5,2.05398,"2018-10-23 12:47:49",959,"FA18UCpost","dccs",7.41668,5,2.67309,"2018-11-27 12:45:35"
211,16870,"PUF18","dccs",6.6815,5,1.6815,"2018-10-16 13:40:09",958,"FA18UCpost","dccs",6.054,4,1.56682,"2018-11-27 13:38:14"
210,16871,"PUF18","dccs",8.81396,5,3.81396,"2018-10-16 13:41:05",957,"FA18UCpost","dccs",7.58677,5,2.84318,"2018-11-27 13:33:37"
209,16872,"PUF18","dccs",7.35542,5,2.35542,"2018-10-16 13:42:35",956,"FA18UCpost","dccs",7.24673,5,2.63135,"2018-11-27 13:33:26"
208,16873,"PUF18","dccs",7.46301,4,2.97583,"2018-10-16 13:36:03",955,"FA18UCpost","dccs",7.94125,5,3.19766,"2018-11-27 13:27:59"
207,16874,"PUF18","dccs",7.35456,4,3.25199,"2018-10-16 13:34:15",954,"FA18UCpost","dccs",7.8368,4,3.34962,"2018-11-27 13:27:39"
206,16875,"PUF18","dccs",7.93726,4,3.45008,"2018-10-16 13:33:40",953,"FA18UCpost","dccs",7.82051,5,2.82051,"2018-11-27 13:26:40"
205,16876,"PUF18","dccs",3.46154,3,2.81521,"2018-10-16 13:39:21",952,"FA18UCpost","dccs",6.55446,4,2.19549,"2018-11-27 13:34:59"
204,16877,"PUF18","dccs",7.73851,5,2.73851,"2018-10-16 13:35:13",951,"FA18UCpost","dccs",7.51045,5,2.63866,"2018-11-27 13:27:50"
203,16878,"PUF18","dccs",7.15761,5,2.41402,"2018-10-16 13:41:07",950,"FA18UCpost","dccs",7.33638,5,2.59279,"2018-11-27 13:29:27"
202,16879,"PUF18","dccs",6.57947,4,2.2205,"2018-10-16 13:42:02",949,"FA18UCpost","dccs",5.77957,5,0.907771,"2018-11-27 13:32:04"
201,16880,"PUF18","dccs",7.78582,5,2.91403,"2018-10-16 13:35:35",948,"FA18UCpost","dccs",8.62152,5,3.62152,"2018-11-27 13:29:00"
200,16881,"PUF18","dccs",0,4,0,"2018-10-16 13:35:18",947,"FA18UCpost","dccs",6.8915,4,2.66073,"2018-11-27 13:30:56"
199,16882,"PUF18","dccs",6.70973,4,2.60717,"2018-10-16 13:37:58",945,"FA18UCpost","dccs",7.49314,4,3.00596,"2018-11-27 13:28:46"
197,16884,"PUF18","dccs",5.71863,4,1.23145,"2018-10-16 13:37:25",944,"FA18UCpost","dccs",7.30554,5,2.56195,"2018-11-27 13:30:07"
196,16885,"PUF18","dccs",2.05128,2,3.14466,"2018-10-16 13:34:27",943,"FA18UCpost","dccs",3.20513,3,3.73371,"2018-11-27 13:37:15"
195,16886,"PUF18","dccs",7.43947,5,2.43947,"2018-10-16 13:36:44",942,"FA18UCpost","dccs",6.84279,4,2.59279,"2018-11-27 13:28:12"
194,16887,"PUF18","dccs",6.12265,4,1.74765,"2018-10-16 13:38:14",941,"FA18UCpost","dccs",6.82202,4,2.47991,"2018-11-27 13:30:38"
193,16888,"PUF18","dccs",5.59106,4,1.23208,"2018-10-23 13:32:50",940,"FA18UCpost","dccs",7.33609,5,2.7207,"2018-11-27 13:26:43"
192,16889,"PUF18","dccs",7.4399,4,3.08092,"2018-10-23 13:32:54",939,"FA18UCpost","dccs",7.29614,5,2.55255,"2018-11-27 13:28:49"
191,16890,"PUF18","dccs",8.44408,4,3.9569,"2018-10-23 13:33:42",938,"FA18UCpost","dccs",6.77689,4,2.67433,"2018-11-27 13:29:34"
189,16896,"PUF18","dccs",7.66356,4,3.56099,"2018-10-23 14:20:08",937,"FA18UCpost","dccs",6.62508,4,2.39431,"2018-11-27 14:13:13"
188,16897,"PUF18","dccs",6.34506,4,1.98608,"2018-10-16 14:17:24",936,"FA18UCpost","dccs",7.40645,4,3.17568,"2018-12-04 14:12:11"
186,16899,"PUF18","dccs",7.6052,5,2.73341,"2018-10-16 14:18:59",935,"FA18UCpost","dccs",7.36029,5,2.74491,"2018-11-27 14:13:20"
184,16901,"PUF18","dccs",7.01055,4,2.77978,"2018-10-23 14:18:23",934,"FA18UCpost","dccs",5.70787,4,1.4771,"2018-11-27 14:13:35"
182,16903,"PUF18","dccs",7.90831,5,3.03652,"2018-10-23 14:19:55",933,"FA18UCpost","dccs",7.97678,5,3.10498,"2018-11-27 14:12:08"
181,16904,"PUF18","dccs",4.92459,4,0.693822,"2018-10-23 14:19:18",932,"FA18UCpost","dccs",4.9806,4,0.749834,"2018-11-27 14:15:00"
179,16906,"PUF18","dccs",7.60022,5,2.85663,"2018-10-23 14:20:35",931,"FA18UCpost","dccs",8.86937,5,3.99757,"2018-11-27 14:12:17"
178,16907,"PUF18","dccs",8.46663,5,3.59483,"2018-10-23 14:23:04",930,"FA18UCpost","dccs",8.04605,5,3.43066,"2018-11-27 14:16:16"
177,16908,"PUF18","dccs",8.37174,5,3.37174,"2018-10-30 14:14:54",929,"FA18UCpost","dccs",7.88644,5,3.01465,"2018-11-27 14:12:06"
537,16920,"PUF18a","dccs",5,5,0,"2018-10-09 09:09:23",910,"FA18UCpost","dccs",4.74145,4,0.25427,"2018-12-04 08:58:04"
540,16921,"PUF18a","dccs",7.2896,5,2.71817,"2018-10-09 09:10:28",909,"FA18UCpost","dccs",3.97436,4,2.55372,"2018-12-04 08:54:46"
454,16922,"PUF18","dccs",7.46697,5,2.59518,"2018-10-16 09:06:16",908,"FA18UCpost","dccs",7.81654,5,2.81654,"2018-12-04 08:55:12"
545,16923,"PUF18a","dccs",6.99111,4,2.86068,"2018-10-09 09:08:44",907,"FA18UCpost","dccs",7.60022,5,2.85663,"2018-12-04 08:54:10"
529,16924,"PUF18a","dccs",5,5,0,"2018-10-09 09:10:35",906,"FA18UCpost","dccs",7.60562,5,2.86203,"2018-12-11 08:55:27"
531,16925,"PUF18a","dccs",5,5,0,"2018-10-09 09:10:08",905,"FA18UCpost","dccs",7.14445,5,2.40086,"2018-12-04 08:54:38"
534,16926,"PUF18a","dccs",5,5,0,"2018-10-09 09:09:47",904,"FA18UCpost","dccs",7.21897,5,2.47538,"2018-12-04 08:54:33"
532,16927,"PUF18a","dccs",6.44926,5,1.82426,"2018-10-16 08:50:18",903,"FA18UCpost","dccs",3.97436,4,2.26832,"2018-12-04 08:56:15"
538,16928,"PUF18a","dccs",5,5,0,"2018-10-09 09:09:38",902,"FA18UCpost","dccs",6.07645,4,1.58927,"2018-12-04 08:55:27"
539,16929,"PUF18a","dccs",5,5,0,"2018-10-09 09:08:58",901,"FA18UCpost","dccs",7.26471,5,2.52112,"2018-12-11 09:00:08"
432,16930,"PUF18","dccs",7.26873,5,2.65334,"2018-10-16 09:04:31",900,"FA18UCpost","dccs",7.64932,5,2.90573,"2018-12-04 08:56:24"
549,16931,"PUF18a","dccs",6.62172,5,1.87172,"2018-10-09 09:09:14",899,"FA18UCpost","dccs",7.16422,5,2.42063,"2018-12-04 08:54:48"
544,16932,"PUF18a","dccs",8.62173,4,4.19316,"2018-10-09 09:09:56",898,"FA18UCpost","dccs",7.67226,4,3.18508,"2018-12-11 08:55:55"
542,16933,"PUF18a","dccs",2.59259,3,3.80559,"2018-10-09 09:10:16",897,"FA18UCpost","dccs",7.24107,4,2.75389,"2018-12-04 08:54:29"
543,16934,"PUF18a","dccs",3.27586,3,2.86609,"2018-10-09 09:10:07",896,"FA18UCpost","dccs",7.97981,5,3.10801,"2018-12-04 08:55:13"
451,16935,"PUF18","dccs",3.875,4,1.90976,"2018-10-23 08:55:51",895,"FA18UCpost","dccs",7.45399,5,2.45399,"2018-12-04 08:56:51"
431,16936,"PUF18","dccs",7.95597,5,2.95597,"2018-10-16 09:05:12",894,"FA18UCpost","dccs",8.87561,5,3.87561,"2018-12-04 08:55:45"
430,16937,"PUF18","dccs",6.34867,4,1.9897,"2018-10-16 09:07:58",893,"FA18UCpost","dccs",6.9056,4,2.41843,"2018-12-04 08:55:28"
429,16938,"PUF18","dccs",7.98816,5,3.22626,"2018-10-23 09:11:30",892,"FA18UCpost","dccs",6.94637,5,2.07458,"2018-12-04 08:57:30"
426,16940,"PUF18","dccs",7.56971,5,2.94471,"2018-10-23 09:08:21",891,"FA18UCpost","dccs",6.91937,5,1.91937,"2018-12-04 08:56:39"
425,16941,"PUF18","dccs",7.5841,5,2.96872,"2018-10-23 09:09:06",890,"FA18UCpost","dccs",8.42936,5,3.68577,"2018-12-04 08:58:07"
435,16945,"PUF18","dccs",2.30769,2,1.48283,"2018-10-16 09:44:54",860,"FA18UCpost","dccs",2.4359,2,1.01539,"2018-12-11 09:37:16"
434,16946,"PUF18","dccs",3.46154,3,2.28795,"2018-10-16 09:47:29",859,"FA18UCpost","dccs",6.28625,4,1.92727,"2018-12-04 09:33:50"
609,16947,"preflank","dccs",3.84615,4,3.29283,"2018-10-16 09:33:12",858,"FA18UCpost","dccs",7.70068,4,3.2135,"2018-12-04 09:30:08"
439,16948,"PUF18","dccs",7.39256,5,2.77717,"2018-10-16 09:32:44",857,"FA18UCpost","dccs",8.23427,5,3.23427,"2018-12-04 09:31:28"
424,16949,"PUF18","dccs",3.71795,4,4.3537,"2018-10-23 09:38:53",856,"FA18UCpost","dccs",7.24115,5,2.36615,"2018-12-11 09:32:03"
433,16950,"PUF18","dccs",6.71632,5,1.71632,"2018-10-16 09:34:33",855,"FA18UCpost","dccs",8.09326,5,3.22147,"2018-12-04 09:34:21"
423,16951,"PUF18","dccs",6.43543,4,2.07646,"2018-10-16 09:38:20",853,"FA18UCpost","dccs",6.40866,5,1.66507,"2018-12-04 09:32:07"
422,16952,"PUF18","dccs",3.58974,4,5,"2018-10-23 09:35:59",852,"FA18UCpost","dccs",3.58974,4,2.82184,"2018-12-04 09:33:50"
421,16953,"PUF18","dccs",7.92301,5,3.05122,"2018-10-16 09:40:23",851,"FA18UCpost","dccs",6.35556,5,1.61197,"2018-12-04 09:32:26"
420,16954,"PUF18","dccs",7.48338,5,2.73979,"2018-10-16 09:39:11",850,"FA18UCpost","dccs",6.88332,5,2.01152,"2018-12-04 09:33:12"
419,16955,"PUF18","dccs",7.15408,4,2.6669,"2018-10-16 09:38:33",849,"FA18UCpost","dccs",7.17263,5,2.55725,"2018-12-04 09:31:48"
418,16956,"PUF18","dccs",3.84615,4,1.49792,"2018-10-16 09:45:06",848,"FA18UCpost","dccs",5.64832,4,1.27332,"2018-12-04 09:33:10"
417,16957,"PUF18","dccs",7.9419,5,2.9419,"2018-10-23 09:39:24",847,"FA18UCpost","dccs",7.58508,5,2.73213,"2018-12-04 09:32:26"
415,16959,"PUF18","dccs",2.375,2,2.80202,"2018-10-30 09:32:04",846,"FA18UCpost","dccs",7.40802,5,2.66443,"2018-12-04 09:33:06"
414,16960,"PUF18","dccs",7.23297,4,2.98297,"2018-11-20 09:41:22",845,"FA18UCpost","dccs",7.60126,4,3.11408,"2018-12-04 09:30:49"
495,16967,"PUF18a","dccs",7.15037,4,2.66319,"2018-10-09 10:08:17",1130,"spFA18UCPOST","dccs",3.71795,4,3.13697,"2018-12-04 10:06:41"
490,16968,"PUF18a","dccs",2.05128,2,3.25361,"2018-10-09 10:09:35",1129,"spFA18UCPOST","dccs",3.58974,4,1.35553,"2018-12-04 10:11:54"
493,16969,"PUF18a","dccs",6.83073,4,2.59997,"2018-10-09 10:08:29",1128,"spFA18UCPOST","dccs",8.22786,5,3.22786,"2018-12-04 10:09:27"
492,16970,"PUF18a","dccs",2.94872,3,2.58088,"2018-10-09 10:08:57",1127,"spFA18UCPOST","dccs",3.84615,4,2.29835,"2018-12-04 10:07:06"
471,16971,"PUF18a","dccs",3.71795,4,2.90022,"2018-10-09 10:13:41",1126,"spFA18UCPOST","dccs",3.97436,4,3.21987,"2018-12-04 10:11:40"
488,16972,"PUF18a","dccs",2.69231,3,1.85806,"2018-10-09 10:11:38",1125,"spFA18UCPOST","dccs",6.19753,4,1.83856,"2018-12-04 10:11:15"
494,16973,"PUF18a","dccs",3.58974,4,1.915,"2018-10-09 10:13:17",1124,"spFA18UCPOST","dccs",7.07948,5,2.4641,"2018-12-04 10:14:31"
581,16974,"PespF18","dccs",0,4,0,"2018-10-16 10:24:08",1123,"spFA18UCPOST","dccs",3.07692,3,5,"2018-12-04 10:18:12"
579,16975,"PespF18","dccs",5,5,0,"2018-10-23 10:22:39",1122,"spFA18UCPOST","dccs",3.71795,4,2.63866,"2018-12-04 10:09:34"
577,16976,"PespF18","dccs",3.97436,4,0,"2018-10-16 10:25:38",1121,"spFA18UCPOST","dccs",2.4359,2,1.98428,"2018-12-04 10:13:05"
486,16977,"PUF18a","dccs",3.71795,4,2.4328,"2018-10-09 10:11:57",1120,"spFA18UCPOST","dccs",7.20788,4,2.7207,"2018-12-04 10:07:56"
572,16979,"PespF18","dccs",3.84615,4,0,"2018-10-16 10:23:23",1119,"spFA18UCPOST","dccs",2.17949,2,1.67679,"2018-12-11 10:09:42"
468,16980,"PUF18a","dccs",2.05128,2,3.07495,"2018-10-09 10:16:52",1118,"spFA18UCPOST","dccs",2.05128,2,2.64844,"2018-12-04 10:11:00"
485,16981,"PUF18a","dccs",2.17949,2,4.19816,"2018-10-09 10:17:44",1116,"spFA18UCPOST","dccs",5,5,0,"2018-12-11 10:14:45"
535,16982,"PUF18a","dccs",7.82956,5,2.95456,"2018-10-09 09:10:55",925,"FA18UCpost","dccs",7.48829,4,3.12931,"2018-12-04 08:53:52"
541,16983,"PUF18a","dccs",7.71942,5,2.97583,"2018-10-09 09:11:18",924,"FA18UCpost","dccs",8.37174,5,3.37174,"2018-12-04 08:54:57"
449,16984,"PUF18","dccs",7.1234,4,2.63622,"2018-10-23 08:56:39",923,"FA18UCpost","dccs",7.50193,5,2.63013,"2018-12-04 08:54:16"
528,16985,"PUF18a","dccs",8.28132,5,3.28132,"2018-10-09 09:11:23",922,"FA18UCpost","dccs",7.81521,5,2.81521,"2018-12-04 08:55:53"
527,16986,"PUF18a","dccs",6.44591,5,1.82091,"2018-10-09 09:11:04",921,"FA18UCpost","dccs",7.31768,4,3.08691,"2018-12-04 08:56:04"
547,16987,"PUF18a","dccs",7.43213,4,3.05713,"2018-10-09 09:10:55",920,"FA18UCpost","dccs",7.28795,5,2.54436,"2018-12-04 08:58:22"
530,16988,"PUF18a","dccs",7.36408,4,3.11408,"2018-10-09 09:10:55",919,"FA18UCpost","dccs",7.59407,5,2.97868,"2018-12-04 08:56:08"
526,16990,"PUF18a","dccs",7.13866,5,2.63866,"2018-10-09 09:12:44",918,"FA18UCpost","dccs",6.92,5,2.30462,"2018-12-04 08:54:11"
525,16991,"PUF18a","dccs",6.50615,4,2.50615,"2018-10-09 09:12:15",917,"FA18UCpost","dccs",6.16303,5,1.41303,"2018-12-04 08:58:08"
550,16992,"PUF18a","dccs",7.74156,5,2.99156,"2018-10-09 09:09:47",916,"FA18UCpost","dccs",7.46937,5,2.72578,"2018-12-04 08:54:39"
548,16993,"PUF18a","dccs",6.70846,5,2.20846,"2018-10-09 09:10:20",915,"FA18UCpost","dccs",7.47765,5,2.47765,"2018-12-04 08:56:27"
444,16994,"PUF18","dccs",2.4359,2,3.76423,"2018-10-23 09:03:03",914,"FA18UCpost","dccs",6.50237,4,2.1434,"2018-12-04 08:58:18"
552,16995,"PUF18a","dccs",5.85425,4,1.47925,"2018-10-09 09:04:43",913,"FA18UCpost","dccs",5.63688,4,1.40611,"2018-12-04 09:05:52"
413,16996,"PUF18","dccs",3.07692,3,5,"2018-10-16 09:03:19",912,"FA18UCpost","dccs",5.87283,4,1.51385,"2018-12-04 09:01:21"
412,16998,"PUF18","dccs",3.58974,4,2.62164,"2018-10-16 09:05:23",911,"FA18UCpost","dccs",6.899,4,2.41182,"2018-12-04 08:56:26"
515,17006,"PUF18a","dccs",7.66167,5,3.16167,"2018-10-09 09:45:27",889,"FA18UCpost","dccs",8.03359,5,3.03359,"2018-12-04 09:31:38"
514,17007,"PUF18a","dccs",7.88385,5,3.00885,"2018-10-09 09:45:31",888,"FA18UCpost","dccs",7.58552,5,2.97014,"2018-12-04 09:34:39"
517,17008,"PUF18a","dccs",7.61203,5,2.86203,"2018-10-09 09:45:18",887,"FA18UCpost","dccs",7.74522,5,3.00163,"2018-12-11 09:30:50"
516,17009,"PUF18a","dccs",7.94846,5,3.07346,"2018-10-09 09:45:14",886,"FA18UCpost","dccs",6.73155,5,1.85976,"2018-12-04 09:34:36"
441,17010,"PUF18","dccs",8.07803,5,3.33444,"2018-10-23 09:42:44",885,"FA18UCpost","dccs",7.7845,5,3.04092,"2018-12-04 09:27:42"
498,17011,"PUF18a","dccs",7.20293,4,3.07793,"2018-10-09 09:46:06",884,"FA18UCpost","dccs",6.73922,4,2.50845,"2018-12-04 09:37:50"
501,17012,"PUF18a","dccs",6.74928,4,2.49928,"2018-10-09 09:46:28",883,"FA18UCpost","dccs",3.84615,4,3.37003,"2018-12-04 09:34:53"
500,17013,"PUF18a","dccs",8.12016,5,3.12016,"2018-10-09 09:46:49",882,"FA18UCpost","dccs",7.49586,5,2.62407,"2018-12-04 09:28:45"
509,17014,"PUF18a","dccs",7.86408,5,3.11408,"2018-10-09 09:45:28",881,"FA18UCpost","dccs",6.13009,4,1.89932,"2018-12-04 09:34:44"
502,17015,"PUF18a","dccs",7.19747,5,2.32247,"2018-10-09 09:46:13",880,"FA18UCpost","dccs",0,4,0,"2018-12-04 09:35:06"
511,17016,"PUF18a","dccs",8.11409,5,3.23909,"2018-10-09 09:45:34",879,"FA18UCpost","dccs",7.37694,5,2.37694,"2018-12-04 09:35:11"
513,17017,"PUF18a","dccs",8.02216,5,3.52216,"2018-10-09 09:44:25",878,"FA18UCpost","dccs",7.68503,4,3.32606,"2018-12-04 09:28:47"
497,17018,"PUF18a","dccs",6.12377,4,1.99877,"2018-10-09 09:47:42",877,"FA18UCpost","dccs",3.71795,4,2.43502,"2018-12-11 09:31:23"
520,17019,"PUF18a","dccs",6.42836,5,1.67836,"2018-10-09 09:40:58",876,"FA18UCpost","dccs",7.0629,5,2.31931,"2018-12-04 09:36:05"
504,17020,"PUF18a","dccs",7.15673,5,2.28173,"2018-10-09 09:45:58",875,"FA18UCpost","dccs",0,4,0,"2018-12-04 09:31:15"
503,17021,"PUF18a","dccs",6.68854,5,2.18854,"2018-10-09 09:45:58",874,"FA18UCpost","dccs",7.31349,5,2.4417,"2018-12-04 09:34:23"
519,17022,"PUF18a","dccs",7.86203,5,2.86203,"2018-10-09 09:39:49",873,"FA18UCpost","dccs",8.07895,5,3.20715,"2018-12-04 09:34:00"
524,17023,"PUF18a","dccs",8.31184,4,3.93684,"2018-10-09 09:36:55",872,"FA18UCpost","dccs",8.8831,5,4.0113,"2018-12-04 09:28:44"
518,17024,"PUF18a","dccs",8.35339,4,4.22839,"2018-10-09 09:42:18",871,"FA18UCpost","dccs",3.97436,4,1.49865,"2018-12-04 09:30:17"
521,17025,"PUF18a","dccs",6.57148,4,2.19648,"2018-10-09 09:39:03",870,"FA18UCpost","dccs",7.63148,5,3.0161,"2018-12-04 09:29:31"
442,17026,"PUF18","dccs",8.15595,5,3.54057,"2018-10-23 09:43:35",869,"FA18UCpost","dccs",8.40273,5,3.40273,"2018-12-04 09:27:22"
522,17027,"PUF18a","dccs",7.22758,4,2.85258,"2018-10-09 09:38:59",868,"FA18UCpost","dccs",6.99333,4,2.50615,"2018-12-04 09:30:11"
506,17028,"PUF18a","dccs",7.89198,5,2.89198,"2018-10-09 09:45:00",867,"FA18UCpost","dccs",7.88644,5,3.01465,"2018-12-04 09:28:00"
508,17029,"PUF18a","dccs",7.37632,5,2.75132,"2018-10-09 09:45:59",866,"FA18UCpost","dccs",8.50782,5,3.76423,"2018-12-04 09:37:54"
510,17030,"PUF18a","dccs",8.05068,5,3.17568,"2018-10-09 09:45:20",865,"FA18UCpost","dccs",8.08212,5,3.21033,"2018-12-04 09:34:31"
507,17031,"PUF18a","dccs",6.97765,5,2.47765,"2018-10-09 09:44:41",864,"FA18UCpost","dccs",4.23077,4,0,"2018-12-04 09:31:46"
505,17032,"PUF18a","dccs",6.37184,5,1.74684,"2018-10-09 09:44:38",863,"FA18UCpost","dccs",7.19022,4,2.70304,"2018-12-04 09:33:33"
512,17033,"PUF18a","dccs",8.29983,5,3.54983,"2018-10-09 09:43:34",862,"FA18UCpost","dccs",3.33333,3,4.46961,"2018-12-04 09:29:40"
483,17035,"PUF18a","dccs",7.4669,5,2.7169,"2018-10-09 10:11:16",843,"FA18UCpost","dccs",7.45857,5,2.84318,"2018-12-04 10:02:25"
475,17036,"PUF18a","dccs",7.54444,4,3.16944,"2018-10-09 10:10:20",842,"FA18UCpost","dccs",7.16231,4,2.80334,"2018-12-04 10:02:01"
479,17037,"PUF18a","dccs",7.09159,5,2.59159,"2018-10-09 10:10:23",841,"FA18UCpost","dccs",6.83541,5,1.96362,"2018-12-04 10:13:49"
480,17038,"PUF18a","dccs",8.01661,5,3.26661,"2018-10-09 10:09:11",840,"FA18UCpost","dccs",8.69766,5,3.69766,"2018-12-04 10:06:35"
491,17039,"PUF18a","dccs",6.77911,5,2.15411,"2018-10-09 10:07:40",839,"FA18UCpost","dccs",2.5641,3,2.30253,"2018-12-04 10:05:33"
477,17040,"PUF18a","dccs",6.64932,5,1.89932,"2018-10-09 10:10:08",838,"FA18UCpost","dccs",7.83207,5,3.21668,"2018-12-04 10:06:54"
481,17041,"PUF18a","dccs",7.35945,5,2.48445,"2018-10-09 10:09:51",837,"FA18UCpost","dccs",7.46184,5,2.46184,"2018-12-04 10:06:51"
478,17042,"PUF18a","dccs",8.90473,5,4.27973,"2018-10-09 10:09:23",836,"FA18UCpost","dccs",8.06316,5,3.19136,"2018-12-04 10:03:56"
487,17043,"PUF18a","dccs",7.40217,5,2.77717,"2018-10-09 10:08:02",835,"FA18UCpost","dccs",7.08326,5,2.21146,"2018-12-04 10:01:30"
470,17044,"PUF18a","dccs",7.82716,5,2.82716,"2018-10-09 10:13:35",834,"FA18UCpost","dccs",7.39213,5,2.39213,"2018-12-04 10:05:33"
469,17045,"PUF18a","dccs",7.28073,4,2.90573,"2018-10-09 10:13:27",833,"FA18UCpost","dccs",6.20716,5,1.46357,"2018-12-04 10:06:49"
467,17046,"PUF18a","dccs",7.31113,5,2.43613,"2018-10-09 10:14:46",832,"FA18UCpost","dccs",7.32915,5,2.45735,"2018-12-11 10:07:42"
476,17048,"PUF18a","dccs",3.5,4,3.82025,"2018-10-09 10:09:16",831,"FA18UCpost","dccs",3.97436,4,4.40262,"2018-12-04 10:20:07"
474,17049,"PUF18a","dccs",7.32051,5,2.69551,"2018-10-09 10:10:38",830,"FA18UCpost","dccs",7.4937,5,2.87831,"2018-12-04 10:00:55"
410,17051,"PUF18","dccs",6.75305,4,2.52228,"2018-10-16 10:20:46",828,"FA18UCpost","dccs",7.05491,5,2.05491,"2018-12-11 10:10:05"
409,17058,"PUF18","dccs",7.30793,5,2.43613,"2018-10-10 09:10:34",806,"FA18UCpost","dccs",7.14826,5,2.14826,"2018-12-05 08:55:38"
408,17059,"PUF18","dccs",3.84615,4,3.39581,"2018-10-10 09:07:48",805,"FA18UCpost","dccs",8.69378,5,3.95019,"2018-12-05 08:55:16"
407,17060,"PUF18","dccs",2.17949,2,2.60116,"2018-10-10 09:06:12",804,"FA18UCpost","dccs",7.03951,4,2.68054,"2018-12-19 08:57:31"
406,17061,"PUF18","dccs",2.05128,2,3.46966,"2018-10-10 09:06:08",803,"FA18UCpost","dccs",2.05128,2,2.85393,"2018-12-05 08:57:32"
405,17062,"PUF18","dccs",6.31456,4,1.95559,"2018-10-24 08:57:59",802,"FA18UCpost","dccs",7.03702,4,2.67805,"2018-12-05 08:58:28"
404,17063,"PUF18","dccs",2.05128,2,3.63499,"2018-10-10 09:06:37",800,"FA18UCpost","dccs",7.60429,4,3.11712,"2018-12-05 08:54:40"
403,17064,"PUF18","dccs",2.5,3,3.14774,"2018-10-10 09:08:53",799,"FA18UCpost","dccs",8.8153,5,3.94351,"2018-12-05 08:54:57"
402,17065,"PUF18","dccs",7.82751,5,3.08392,"2018-10-10 09:08:15",798,"FA18UCpost","dccs",7.93071,5,2.93071,"2018-12-05 08:55:11"
401,17066,"PUF18","dccs",3.46154,3,1.21492,"2018-10-24 09:00:27",797,"FA18UCpost","dccs",3.33333,3,0,"2018-12-05 09:00:54"
400,17067,"PUF18","dccs",2.5,3,3.72766,"2018-10-10 09:12:59",796,"FA18UCpost","dccs",3.97436,4,2.98154,"2018-12-05 08:59:36"
398,17068,"PUF18","dccs",7.53218,5,2.9168,"2018-10-10 09:07:52",795,"FA18UCpost","dccs",8.24267,5,3.62729,"2018-12-05 08:54:28"
397,17069,"PUF18","dccs",5.91966,4,1.6604,"2018-10-10 09:12:12",794,"FA18UCpost","dccs",3.84615,4,2.38127,"2018-12-05 08:58:43"
395,17070,"PUF18","dccs",6.86398,4,2.505,"2018-10-10 09:10:22",793,"FA18UCpost","dccs",7.23209,4,2.74491,"2018-12-05 08:56:27"
394,17071,"PUF18","dccs",7.51909,4,3.16012,"2018-10-10 09:07:11",792,"FA18UCpost","dccs",7.73659,5,2.993,"2018-12-05 08:57:15"
393,17072,"PUF18","dccs",6.79285,4,2.30567,"2018-10-10 09:06:54",791,"FA18UCpost","dccs",7.27717,5,2.77717,"2018-12-05 08:56:54"
392,17073,"PUF18","dccs",6.66977,4,2.18259,"2018-10-10 09:04:26",790,"FA18UCpost","dccs",7.30554,5,2.56195,"2018-12-05 08:55:03"
391,17074,"PUF18","dccs",7.01519,5,2.1434,"2018-10-24 09:04:00",789,"FA18UCpost","dccs",7.20543,5,2.46184,"2018-12-05 08:55:52"
390,17075,"PUF18","dccs",6.58921,4,2.10203,"2018-10-31 09:04:12",788,"FA18UCpost","dccs",5,5,0,"2018-12-05 09:00:52"
389,17076,"PUF18","dccs",2.05128,2,2.44951,"2018-10-31 09:08:41",787,"FA18UCpost","dccs",3.33333,3,2.75518,"2018-12-05 08:58:43"
388,17077,"PUF18","dccs",3.66667,4,2.36185,"2018-11-28 09:09:27",786,"FA18UCpost","dccs",6.53539,4,2.30462,"2018-12-05 08:56:55"
387,17083,"PUF18","dccs",6.94048,5,2.34048,"2018-10-10 10:24:15",768,"FA18UCpost","dccs",7.56551,5,2.69051,"2018-12-05 10:06:23"
385,17084,"PUF18","dccs",0,5,0,"2018-10-10 10:22:36",767,"FA18UCpost","dccs",7.89662,5,3.02482,"2018-12-05 10:07:14"
382,17085,"PUF18","dccs",8.67338,5,4.00671,"2018-10-10 10:22:55",766,"FA18UCpost","dccs",7.63283,5,2.88924,"2018-12-05 10:09:07"
381,17086,"PUF18","dccs",7.43751,4,2.95033,"2018-10-10 10:19:41",765,"FA18UCpost","dccs",8.10169,5,3.3581,"2018-12-05 10:04:30"
379,17087,"PUF18","dccs",3.04348,3,1.3147,"2018-10-10 10:21:51",764,"FA18UCpost","dccs",7.94079,5,3.06899,"2018-12-05 10:03:36"
378,17088,"PUF18","dccs",6.55958,5,1.68778,"2018-10-24 10:03:53",763,"FA18UCpost","dccs",7.1278,5,2.25601,"2018-12-05 10:05:54"
376,17089,"PUF18","dccs",6.77144,5,2.15606,"2018-10-10 10:24:18",762,"FA18UCpost","dccs",7.34921,4,2.86203,"2018-12-05 10:04:32"
375,17090,"PUF18","dccs",7.90831,5,3.03652,"2018-10-10 10:21:27",761,"FA18UCpost","dccs",8.34862,5,3.47683,"2018-12-05 10:07:33"
374,17091,"PUF18","dccs",6.99755,5,2.25396,"2018-10-10 10:21:29",760,"FA18UCpost","dccs",7.32684,5,2.58325,"2018-12-05 10:05:25"
373,17092,"PUF18","dccs",4.48718,4,0,"2018-10-10 10:18:19",759,"FA18UCpost","dccs",6.579,5,1.96362,"2018-12-05 10:06:15"
372,17093,"PUF18","dccs",9.36282,5,4.61923,"2018-10-10 10:16:14",758,"FA18UCpost","dccs",8.85831,5,4.11472,"2018-12-05 10:05:44"
371,17094,"PUF18","dccs",8.12561,5,3.38202,"2018-10-10 10:15:22",757,"FA18UCpost","dccs",7.46049,5,2.7169,"2018-12-05 10:06:58"
370,17095,"PUF18","dccs",7.05869,5,2.3151,"2018-10-10 10:14:43",756,"FA18UCpost","dccs",7.14544,4,2.65826,"2018-12-05 10:05:15"
369,17096,"PUF18","dccs",3.20513,3,4.03438,"2018-10-10 10:16:42",755,"FA18UCpost","dccs",3.07692,3,3.20399,"2018-12-05 10:05:25"
368,17097,"PUF18","dccs",7.47416,5,2.60236,"2018-10-10 10:16:30",754,"FA18UCpost","dccs",8.10045,5,3.10045,"2018-12-05 10:11:31"
367,17098,"PUF18","dccs",7.59978,5,2.9844,"2018-10-10 10:18:19",753,"FA18UCpost","dccs",7.8053,5,2.9335,"2018-12-05 10:06:39"
366,17099,"PUF18","dccs",6.88548,5,1.88548,"2018-10-10 10:20:10",752,"FA18UCpost","dccs",7.42435,5,2.55255,"2018-12-05 10:05:46"
365,17100,"PUF18","dccs",6.42238,4,1.9352,"2018-10-10 10:21:51",751,"FA18UCpost","dccs",6.46196,4,2.10299,"2018-12-05 10:06:42"
364,17132,"PUF18","dccs",7.57985,5,2.96446,"2018-10-10 09:13:43",826,"FA18UCpost","dccs",7.61798,5,2.74619,"2018-12-05 09:03:47"
363,17133,"PUF18","dccs",7.32233,4,2.83515,"2018-10-10 09:13:37",825,"FA18UCpost","dccs",7.51039,5,2.7668,"2018-12-05 08:55:22"
362,17134,"PUF18","dccs",8.60147,5,3.72968,"2018-10-10 09:12:29",824,"FA18UCpost","dccs",7.36754,4,3.26498,"2018-12-05 09:00:39"
361,17135,"PUF18","dccs",6.93222,4,2.44504,"2018-10-10 09:12:17",823,"FA18UCpost","dccs",7.3079,5,2.56431,"2018-12-05 08:59:49"
360,17136,"PUF18","dccs",2.4359,2,2.77978,"2018-10-10 09:11:09",822,"FA18UCpost","dccs",6.91333,4,2.42615,"2018-12-05 09:01:44"
359,17137,"PUF18","dccs",6.75684,5,2.14146,"2018-10-24 09:03:29",821,"FA18UCpost","dccs",3.71795,4,0,"2018-12-05 09:03:02"
358,17138,"PUF18","dccs",7.28657,4,2.79939,"2018-10-10 09:04:59",820,"FA18UCpost","dccs",8.54378,5,3.67198,"2018-12-05 08:58:58"
357,17139,"PUF18","dccs",6.57455,4,2.47199,"2018-10-10 09:07:40",819,"FA18UCpost","dccs",6.35291,4,1.86573,"2018-12-05 09:00:37"
356,17140,"PUF18","dccs",7.00605,5,2.00605,"2018-10-10 09:07:37",818,"FA18UCpost","dccs",8.01119,5,3.39581,"2018-12-05 09:01:23"
355,17141,"PUF18","dccs",7.78238,5,2.78238,"2018-10-24 09:10:32",817,"FA18UCpost","dccs",6.63598,5,1.89239,"2018-12-05 09:03:30"
354,17142,"PUF18","dccs",2.05128,2,3.21987,"2018-10-24 09:10:56",816,"FA18UCpost","dccs",6.84597,5,2.23058,"2018-12-05 09:04:09"
353,17143,"PUF18","dccs",6.52704,4,2.29627,"2018-11-07 09:08:04",815,"FA18UCpost","dccs",7.6725,5,2.80071,"2018-12-05 08:59:18"
352,17144,"PUF18","dccs",7.18259,5,2.18259,"2018-10-24 09:13:35",814,"FA18UCpost","dccs",6.34523,4,2.11446,"2018-12-05 08:59:41"
350,17145,"PUF18","dccs",6.82426,5,1.82426,"2018-10-10 09:05:59",813,"FA18UCpost","dccs",3.84615,4,2.9016,"2018-12-05 08:59:37"
349,17146,"PUF18","dccs",2.17949,2,3.4483,"2018-10-10 09:06:55",812,"FA18UCpost","dccs",2.125,2,0.149816,"2018-12-05 09:06:19"
348,17147,"PUF18","dccs",7.20484,5,2.33305,"2018-10-24 08:56:58",811,"FA18UCpost","dccs",7.6519,5,3.03652,"2018-12-05 08:57:42"
347,17149,"PUF18","dccs",3.84615,4,0.346104,"2018-10-24 08:57:56",810,"FA18UCpost","dccs",6.13827,4,1.65109,"2018-12-05 09:00:10"
345,17150,"PUF18","dccs",5,5,0,"2018-10-10 09:14:52",809,"FA18UCpost","dccs",7.24881,4,2.76163,"2018-12-05 08:57:40"
344,17151,"PUF18","dccs",8.5201,5,3.8951,"2018-10-31 08:53:19",808,"FA18UCpost","dccs",8.46723,5,3.72364,"2018-12-05 08:59:46"
343,17156,"PUF18","dccs",2.5641,3,3.63306,"2018-10-24 09:45:59",785,"FA18UCpost","dccs",2.69231,3,1.65342,"2018-12-19 09:37:08"
341,17157,"PUF18","dccs",0,4,0,"2018-10-24 09:48:21",784,"FA18UCpost","dccs",7.37154,5,2.37154,"2018-12-19 09:41:03"
340,17158,"PUF18","dccs",7.8306,5,2.9588,"2018-10-10 09:47:44",783,"FA18UCpost","dccs",7.18674,4,2.95597,"2018-12-19 09:34:38"
339,17159,"PUF18","dccs",6.83775,4,2.47878,"2018-10-10 09:47:47",782,"FA18UCpost","dccs",7.37701,5,2.76163,"2018-12-19 09:41:55"
338,17160,"PUF18","dccs",2.17949,2,0.462495,"2018-10-10 09:47:28",781,"FA18UCpost","dccs",3.58974,4,2.24886,"2018-12-19 09:40:26"
337,17161,"PUF18","dccs",2.17949,2,2.68178,"2018-10-10 09:47:08",780,"FA18UCpost","dccs",2.17949,2,3.06899,"2018-12-19 09:41:31"
336,17162,"PUF18","dccs",5,5,0,"2018-10-24 09:49:30",779,"FA18UCpost","dccs",3.71795,4,1.93255,"2018-12-19 09:44:15"
334,17163,"PUF18","dccs",3.71795,4,0,"2018-10-10 09:42:35",778,"FA18UCpost","dccs",6.84619,4,2.74363,"2018-12-19 09:36:33"
333,17164,"PUF18","dccs",7.78629,5,2.78629,"2018-10-10 09:40:40",777,"FA18UCpost","dccs",7.30839,5,2.69301,"2018-12-19 09:37:48"
331,17166,"PUF18","dccs",3.97436,4,2.57376,"2018-10-10 09:39:07",776,"FA18UCpost","dccs",5.96074,4,1.71074,"2018-12-19 09:29:56"
330,17167,"PUF18","dccs",8.17777,5,3.43418,"2018-10-24 09:46:23",775,"FA18UCpost","dccs",6.81723,5,2.07364,"2018-12-19 09:40:36"
329,17168,"PUF18","dccs",3.46154,3,2.51997,"2018-10-10 09:47:55",774,"FA18UCpost","dccs",7.505,5,2.505,"2018-12-19 09:35:54"
328,17169,"PUF18","dccs",2.69231,3,1.18411,"2018-10-10 09:45:37",773,"FA18UCpost","dccs",6.12044,5,1.37044,"2018-12-19 09:38:34"
327,17170,"PUF18","dccs",7.31498,5,2.57139,"2018-10-31 09:33:05",772,"FA18UCpost","dccs",7.39828,5,2.77328,"2018-12-19 09:37:21"
324,17172,"PUF18","dccs",7.2774,4,2.79022,"2018-10-10 09:46:49",771,"FA18UCpost","dccs",7.6507,5,2.90711,"2018-12-19 09:36:37"
323,17173,"PUF18","dccs",9.23077,4,5,"2018-10-10 09:48:03",770,"FA18UCpost","dccs",6.85114,5,2.35114,"2018-12-19 09:46:51"
321,17174,"PUF18","dccs",3.52941,4,3.39927,"2018-10-10 09:50:04",769,"FA18UCpost","dccs",3.97436,4,2.78238,"2018-12-19 09:38:17"
461,17248,"PUF18","dccs",8.10606,5,3.23106,"2018-10-08 21:35:10",612,"fa18UCp1","dccs",2.82051,3,5,"2018-11-26 09:58:20"
606,17325,"PespF18","dccs",7.03569,5,2.2921,"2018-10-31 09:41:59",1110,"spFA18UCPOST","dccs",6.37903,4,2.14826,"2018-12-05 09:38:19"
605,17326,"PespF18","dccs",5,5,0,"2018-10-10 09:47:43",1112,"spFA18UCPOST","dccs",7.00946,4,2.52228,"2018-12-05 09:36:05"
602,17328,"PespF18","dccs",2.4359,2,2.9349,"2018-10-24 09:29:13",1109,"spFA18UCPOST","dccs",3.46154,3,5,"2018-12-05 09:38:02"
600,17329,"PespF18","dccs",2.83784,3,2.97441,"2018-10-10 09:46:27",1107,"spFA18UCPOST","dccs",6.02288,5,1.40749,"2018-12-05 09:37:23"
599,17330,"PespF18","dccs",6.90891,4,2.42173,"2018-10-10 09:45:12",1108,"spFA18UCPOST","dccs",6.31894,4,2.06894,"2018-12-05 09:43:19"
597,17334,"PespF18","dccs",3.83333,4,2.24988,"2018-10-24 09:36:47",1103,"spFA18UCPOST","dccs",6.90063,5,2.15704,"2018-12-05 09:35:23"
596,17335,"PespF18","dccs",2.69231,3,4.80955,"2018-10-24 09:35:45",1102,"spFA18UCPOST","dccs",2.17949,2,2.88514,"2018-12-05 09:38:09"
595,17336,"PespF18","dccs",6.86283,4,2.50386,"2018-10-24 09:30:08",1099,"spFA18UCPOST","dccs",7.66006,4,3.30109,"2018-12-05 09:36:49"
593,17337,"PespF18","dccs",5,5,0,"2018-10-10 09:47:44",1100,"spFA18UCPOST","dccs",2.05128,2,2.25601,"2018-12-05 09:41:37"
592,17338,"PespF18","dccs",7.13072,4,2.64354,"2018-10-24 09:33:47",1098,"spFA18UCPOST","dccs",7.22441,4,2.73723,"2018-12-05 09:35:12"
591,17339,"PespF18","dccs",0,4,0,"2018-10-24 09:36:19",1101,"spFA18UCPOST","dccs",7.31607,4,3.2135,"2018-12-05 09:41:23"
590,17340,"PespF18","dccs",5,5,0,"2018-10-24 09:34:36",1097,"spFA18UCPOST","dccs",2.75,3,2.26523,"2018-12-05 09:36:17"
318,17343,"PUF18","dccs",6.97864,4,2.67309,"2018-10-10 10:23:08",748,"FA18UCpost","dccs",8.0779,5,3.46252,"2018-12-05 10:09:34"
319,17344,"PUF18","dccs",7.73979,5,2.73979,"2018-10-10 10:22:34",750,"FA18UCpost","dccs",7.57613,5,2.57613,"2018-12-05 10:06:41"
316,17345,"PUF18","dccs",7.79872,5,3.06899,"2018-10-10 10:23:03",749,"FA18UCpost","dccs",8.27968,5,3.27968,"2018-12-05 10:05:47"
314,17346,"PUF18","dccs",7.50988,5,2.90988,"2018-10-10 10:23:57",747,"FA18UCpost","dccs",7.42911,5,2.68552,"2018-12-05 10:05:24"
311,17347,"PUF18","dccs",8.22324,5,3.47324,"2018-10-10 10:22:19",746,"FA18UCpost","dccs",6.51353,4,2.28276,"2018-12-05 10:07:20"
566,17453,"PespF18","dccs",6.1483,4,1.78933,"2018-10-23 10:13:27",1115,"spFA18UCPOST","dccs",7.28526,4,2.79808,"2018-12-04 10:11:12"
176,17547,"PUF18","dccs",7.73554,5,3.12016,"2018-10-23 09:18:54",741,"FA18UCpost","dccs",7.21015,5,2.33835,"2018-12-11 09:08:02"
175,17548,"PUF18","dccs",7.69956,5,2.95597,"2018-10-23 09:19:59",740,"FA18UCpost","dccs",3.84615,4,2.34048,"2018-12-11 09:08:21"
174,17549,"PUF18","dccs",6.75983,4,2.40086,"2018-10-23 09:16:39",739,"FA18UCpost","dccs",6.96527,5,2.09348,"2018-12-11 09:06:35"
173,17550,"PUF18","dccs",2.17949,2,3.66023,"2018-10-23 09:20:02",738,"FA18UCpost","dccs",3.07692,3,2.46973,"2018-12-11 09:07:38"
172,17551,"PUF18","dccs",7.69629,5,2.8245,"2018-10-23 09:18:35",737,"FA18UCpost","dccs",7.83916,5,2.83916,"2018-12-11 09:07:27"
171,17552,"PUF18","dccs",7.87487,5,3.00307,"2018-10-23 09:20:30",736,"FA18UCpost","dccs",8.29448,5,3.29448,"2018-12-11 09:08:12"
170,17553,"PUF18","dccs",7.57741,5,2.83382,"2018-10-23 09:19:27",735,"FA18UCpost","dccs",7.2059,5,2.33411,"2018-12-11 09:07:14"
169,17554,"PUF18","dccs",8.78778,4,4.3006,"2018-10-23 09:18:55",734,"FA18UCpost","dccs",8.7366,5,3.99301,"2018-12-11 09:06:59"
168,17555,"PUF18","dccs",2.5641,3,2.50845,"2018-10-30 09:21:49",718,"FA18UCpost","dccs",2.30769,2,2.20047,"2018-12-11 09:10:59"
167,17556,"PUF18","dccs",6.85039,5,2.1068,"2018-10-23 09:19:10",733,"FA18UCpost","dccs",7.83173,4,3.34455,"2018-12-11 09:07:32"
166,17557,"PUF18","dccs",2.69231,3,2.36615,"2018-10-23 09:17:16",732,"FA18UCpost","dccs",2.82051,3,4.3537,"2018-12-11 09:05:11"
165,17558,"PUF18","dccs",7.34687,5,2.34687,"2018-10-23 09:17:46",731,"FA18UCpost","dccs",7.67929,5,2.67929,"2018-12-11 09:09:46"
164,17559,"PUF18","dccs",7.32578,5,2.45399,"2018-10-23 09:18:11",730,"FA18UCpost","dccs",6.65342,5,1.65342,"2018-12-11 09:09:04"
163,17560,"PUF18","dccs",7.6754,4,3.18822,"2018-10-23 09:18:26",729,"FA18UCpost","dccs",5.09824,4,0.867466,"2018-12-11 09:09:47"
162,17561,"PUF18","dccs",3.97436,4,2.92653,"2018-10-23 09:21:19",728,"FA18UCpost","dccs",6.63252,4,2.14534,"2018-12-11 09:07:18"
161,17562,"PUF18","dccs",7.30637,4,2.81919,"2018-10-23 09:21:07",727,"FA18UCpost","dccs",6.98431,5,2.24072,"2018-12-11 09:07:16"
160,17563,"PUF18","dccs",7.58945,5,2.84586,"2018-10-30 09:14:27",717,"FA18UCpost","dccs",7.39777,5,2.78238,"2018-12-11 09:07:28"
159,17564,"PUF18","dccs",2.17949,2,3.77861,"2018-10-23 09:20:18",726,"FA18UCpost","dccs",7.48593,4,2.99875,"2018-12-11 09:08:54"
158,17565,"PUF18","dccs",6.77781,5,1.77781,"2018-10-23 09:23:56",725,"FA18UCpost","dccs",7.9844,5,2.9844,"2018-12-11 09:09:04"
157,17566,"PUF18","dccs",7.33103,5,2.71564,"2018-10-23 09:17:16",724,"FA18UCpost","dccs",8.00531,5,3.26172,"2018-12-11 09:07:29"
156,17567,"PUF18","dccs",6.64291,5,1.89932,"2018-10-23 09:25:11",723,"FA18UCpost","dccs",6.83415,5,1.95915,"2018-12-11 09:08:59"
155,17568,"PUF18","dccs",2.30769,2,2.12118,"2018-10-23 09:21:39",722,"FA18UCpost","dccs",3.46154,3,2.05584,"2018-12-11 09:08:03"
154,17569,"PUF18","dccs",6.75694,5,2.01335,"2018-10-23 09:24:08",721,"FA18UCpost","dccs",7.44674,5,2.57494,"2018-12-11 09:07:30"
153,17570,"PUF18","dccs",3.97436,4,3.33613,"2018-10-23 09:21:40",720,"FA18UCpost","dccs",9.48718,4,5,"2018-12-11 09:09:05"
152,17571,"PUF18","dccs",7.65974,4,3.17256,"2018-10-23 09:22:00",719,"FA18UCpost","dccs",7.71089,5,2.9673,"2018-12-11 09:08:45"
151,17572,"PUF18","dccs",7.68168,4,3.32271,"2018-10-30 09:30:57",716,"FA18UCpost","dccs",8.12936,4,3.77038,"2018-12-11 09:16:46"
150,17573,"PUF18","dccs",0,4,0,"2018-10-23 10:31:21",715,"FA18UCpost","dccs",2.30769,2,2.55021,"2018-12-11 10:41:22"
149,17574,"PUF18","dccs",8.03212,5,3.03212,"2018-10-23 10:30:59",714,"FA18UCpost","dccs",7.7083,5,3.09292,"2018-12-11 10:41:57"
148,17575,"PUF18","dccs",6.94641,4,2.71564,"2018-10-23 10:31:29",713,"FA18UCpost","dccs",6.34938,4,2.24682,"2018-12-11 10:39:57"
147,17576,"PUF18","dccs",7.99397,5,3.37859,"2018-10-23 10:36:42",712,"FA18UCpost","dccs",7.20915,4,2.72197,"2018-12-11 10:41:37"
145,17578,"PUF18","dccs",7.89198,5,2.89198,"2018-10-23 10:29:10",711,"FA18UCpost","dccs",7.78744,5,3.04385,"2018-12-18 10:02:14"
144,17579,"PUF18","dccs",2.30769,2,2.10776,"2018-11-20 10:33:24",696,"FA18UCpost","dccs",4.54545,5,0,"2018-12-11 10:43:36"
143,17580,"PUF18","dccs",7.73979,5,2.73979,"2018-10-23 10:32:57",710,"FA18UCpost","dccs",6.91555,4,2.42837,"2018-12-11 10:41:48"
142,17581,"PUF18","dccs",6.9796,4,2.49242,"2018-10-23 10:31:27",709,"FA18UCpost","dccs",8.27445,4,4.04368,"2018-12-11 10:39:38"
141,17582,"PUF18","dccs",2.05128,2,2.09538,"2018-10-23 10:30:30",708,"FA18UCpost","dccs",3.46154,3,2.23869,"2018-12-11 10:40:23"
140,17583,"PUF18","dccs",2.4359,2,2.64966,"2018-10-23 10:28:58",707,"FA18UCpost","dccs",2.05128,2,3.16322,"2018-12-11 10:40:03"
139,17584,"PUF18","dccs",2.5641,3,3.61004,"2018-10-23 10:34:15",706,"FA18UCpost","dccs",3.46154,3,2.55372,"2018-12-11 10:40:57"
138,17585,"PUF18","dccs",8.26759,5,3.524,"2018-10-23 10:31:56",705,"FA18UCpost","dccs",7.92867,5,3.18508,"2018-12-11 10:41:33"
137,17587,"PUF18","dccs",6.55025,5,2.05025,"2018-10-23 10:28:25",704,"FA18UCpost","dccs",7.57982,5,2.82982,"2018-12-11 10:38:58"
136,17588,"PUF18","dccs",8.97198,5,4.22839,"2018-10-23 10:29:58",703,"FA18UCpost","dccs",7.92449,5,3.05269,"2018-12-11 10:40:14"
135,17589,"PUF18","dccs",7.05527,4,2.8245,"2018-10-23 10:30:53",702,"FA18UCpost","dccs",3.46154,3,3.10498,"2018-12-11 10:40:30"
134,17590,"PUF18","dccs",6.69029,5,1.9467,"2018-10-23 10:30:36",701,"FA18UCpost","dccs",6.85156,5,1.97977,"2018-12-11 10:41:13"
133,17591,"PUF18","dccs",6.61561,4,2.51305,"2018-10-23 10:34:55",700,"FA18UCpost","dccs",7.04265,5,2.42726,"2018-12-11 10:42:20"
132,17592,"PUF18","dccs",7.80619,4,3.70362,"2018-10-23 10:35:07",699,"FA18UCpost","dccs",7.40536,4,2.91818,"2018-12-11 10:42:00"
131,17594,"PUF18","dccs",0,4,0,"2018-10-23 10:30:52",694,"FA18UCpost","dccs",3.20513,3,2.29002,"2018-12-11 10:40:13"
130,17595,"PUF18","dccs",7.7038,5,3.08841,"2018-10-23 10:31:08",698,"FA18UCpost","dccs",8.27494,5,3.53135,"2018-12-11 10:40:27"
129,17596,"PUF18","dccs",8.75719,5,4.0136,"2018-10-23 10:31:24",697,"FA18UCpost","dccs",6.86161,4,2.75905,"2018-12-11 10:39:57"
128,17597,"PUF18","dccs",6.61056,5,1.73877,"2018-10-30 10:33:33",693,"FA18UCpost","dccs",7.78157,5,3.03798,"2018-12-11 10:41:09"
127,17599,"PUF18","dccs",5.68513,4,1.45436,"2018-10-23 11:14:40",692,"FA18UCpost","dccs",3.58974,4,0.958945,"2018-12-11 11:02:47"
126,17600,"PUF18","dccs",7.08225,5,2.21046,"2018-10-30 11:09:15",677,"FA18UCpost","dccs",7.23332,5,2.48332,"2018-12-11 11:00:18"
125,17601,"PUF18","dccs",7.8039,5,2.9321,"2018-10-23 11:08:48",691,"FA18UCpost","dccs",6.71796,5,1.97437,"2018-12-11 11:05:53"
124,17603,"PUF18","dccs",7.47776,5,2.60597,"2018-10-30 11:02:46",675,"FA18UCpost","dccs",7.5142,5,2.5142,"2018-12-11 10:57:19"
123,17604,"PUF18","dccs",7.28001,4,2.79283,"2018-10-23 11:08:43",690,"FA18UCpost","dccs",3.33333,3,2.3109,"2018-12-11 10:57:59"
122,17605,"PUF18","dccs",6.6604,5,1.6604,"2018-10-30 11:09:24",674,"FA18UCpost","dccs",7.05835,5,2.18655,"2018-12-11 10:58:25"
121,17606,"PUF18","dccs",3.375,3,2.6411,"2018-10-23 11:08:50",689,"FA18UCpost","dccs",8.29369,5,3.4219,"2018-12-11 10:58:42"
120,17607,"PUF18","dccs",6.23287,5,1.48928,"2018-11-27 11:00:09",673,"FA18UCpost","dccs",7.37959,5,2.76421,"2018-12-11 11:00:29"
119,17608,"PUF18","dccs",7.21021,4,2.85124,"2018-10-23 11:10:23",688,"FA18UCpost","dccs",7.6373,5,3.02191,"2018-12-11 10:57:20"
118,17610,"PUF18","dccs",9.04945,5,4.30586,"2018-10-23 11:06:12",687,"FA18UCpost","dccs",7.53904,5,2.79545,"2018-12-11 10:56:42"
115,17611,"PUF18","dccs",7.24188,5,2.62649,"2018-10-23 11:08:52",686,"FA18UCpost","dccs",6.32405,4,1.83687,"2018-12-11 11:01:03"
114,17612,"PUF18","dccs",0,4,0,"2018-11-27 11:12:55",672,"FA18UCpost","dccs",6.85969,4,2.62892,"2018-12-11 11:01:14"
113,17613,"PUF18","dccs",7.42928,5,2.81389,"2018-10-23 11:11:45",685,"FA18UCpost","dccs",7.06629,5,2.19449,"2018-12-11 10:57:31"
112,17615,"PUF18","dccs",2.05128,2,3.11104,"2018-10-30 11:08:38",671,"FA18UCpost","dccs",2.4359,2,2.76939,"2018-12-11 11:01:48"
111,17616,"PUF18","dccs",7.5424,5,2.67061,"2018-10-23 11:11:51",684,"FA18UCpost","dccs",7.65027,5,2.77847,"2018-12-11 11:01:01"
110,17617,"PUF18","dccs",7.8305,5,3.08691,"2018-10-23 11:08:02",683,"FA18UCpost","dccs",8.16477,5,3.16477,"2018-12-11 10:58:55"
109,17618,"PUF18","dccs",7.44033,4,2.95315,"2018-10-23 11:12:44",682,"FA18UCpost","dccs",6.70798,4,2.349,"2018-12-11 10:58:54"
108,17619,"PUF18","dccs",6.95909,4,2.72832,"2018-10-23 11:08:50",681,"FA18UCpost","dccs",7.6219,5,2.87831,"2018-12-11 10:59:05"
107,17620,"PUF18","dccs",3.71795,4,1.82929,"2018-10-23 11:11:30",680,"FA18UCpost","dccs",7.19022,4,2.70304,"2018-12-11 10:58:06"
106,17621,"PUF18","dccs",1.79487,2,3.3803,"2018-11-20 11:15:51",670,"FA18UCpost","dccs",2.375,2,3.03945,"2018-12-11 10:59:39"
105,17622,"PUF18","dccs",7.47305,4,3.11408,"2018-10-23 11:08:49",679,"FA18UCpost","dccs",6.24079,5,1.4972,"2018-12-11 10:58:36"
104,17623,"PUF18","dccs",2.69231,3,3.08392,"2018-10-23 11:10:04",678,"FA18UCpost","dccs",2.30769,2,2.94471,"2018-12-11 10:58:53"
103,17625,"PUF18","dccs",6.63952,5,2.13952,"2018-10-23 13:24:26",669,"FA18UCpost","dccs",7.33877,5,2.59518,"2018-12-11 13:17:08"
102,17627,"PUF18","dccs",7.46429,5,2.7207,"2018-10-23 13:28:18",668,"FA18UCpost","dccs",7.719,5,2.84721,"2018-12-11 13:17:38"
101,17628,"PUF18","dccs",7.05825,4,2.69927,"2018-10-30 13:35:07",658,"FA18UCpost","dccs",7.57483,5,2.70304,"2018-12-11 09:09:51"
100,17629,"PUF18","dccs",8.63218,5,3.88859,"2018-10-30 13:30:21",657,"FA18UCpost","dccs",8.15311,5,3.28132,"2018-12-11 13:17:12"
99,17630,"PUF18","dccs",6.99032,4,2.63135,"2018-10-23 13:26:43",667,"FA18UCpost","dccs",8.05687,5,3.18508,"2018-12-11 13:17:01"
98,17632,"PUF18","dccs",7.6594,5,2.7876,"2018-10-23 13:24:11",666,"FA18UCpost","dccs",6.52468,5,1.78109,"2018-12-11 13:21:05"
97,17634,"PUF18","dccs",6.44812,4,1.96094,"2018-10-23 13:24:57",665,"FA18UCpost","dccs",5.78084,5,1.16546,"2018-12-11 13:18:06"
96,17635,"PUF18","dccs",7.42068,4,2.9335,"2018-10-23 13:26:46",664,"FA18UCpost","dccs",7.03465,5,2.29106,"2018-12-11 13:19:12"
95,17636,"PUF18","dccs",7.27149,5,2.39649,"2018-10-23 13:23:41",663,"FA18UCpost","dccs",6.83517,5,2.09158,"2018-12-11 13:17:07"
94,17637,"PUF18","dccs",7.28912,5,2.54553,"2018-10-23 13:23:39",662,"FA18UCpost","dccs",6.92816,5,2.18457,"2018-12-11 13:17:22"
93,17638,"PUF18","dccs",6.57144,4,2.21246,"2018-10-30 13:28:12",656,"FA18UCpost","dccs",7.35245,4,3.12168,"2018-12-11 13:15:54"
92,17640,"PUF18","dccs",8.19012,5,3.44653,"2018-10-23 13:20:53",661,"FA18UCpost","dccs",8.13767,4,3.65049,"2018-12-11 13:14:14"
91,17641,"PUF18","dccs",6.8715,5,2.12791,"2018-10-23 13:22:21",660,"FA18UCpost","dccs",6.18385,5,1.44026,"2018-12-11 13:20:34"
90,17642,"PUF18","dccs",8.16297,5,3.29118,"2018-10-30 13:18:39",659,"FA18UCpost","dccs",3.46154,3,4.32434,"2018-12-18 13:15:22"
89,17645,"PUF18","dccs",2.05128,2,1.922,"2018-10-30 13:33:16",655,"FA18UCpost","dccs",3.33333,3,2.15021,"2018-12-11 13:31:10"
88,17651,"PUF18","dccs",8.03812,5,3.16633,"2018-10-23 14:06:28",654,"FA18UCpost","dccs",7.14445,5,2.40086,"2018-12-11 13:57:36"
565,17652,"PespF18","dccs",2.05128,2,3.1065,"2018-10-30 14:02:46",645,"FA18UCpost","dccs",2.05128,2,2.88241,"2018-12-11 13:59:47"
87,17653,"PUF18","dccs",6.9786,5,2.1068,"2018-10-23 14:11:38",615,"FA18UCpost","dccs",6.3684,5,1.3684,"2018-12-11 14:13:04"
86,17654,"PUF18","dccs",2.30769,2,3.71561,"2018-10-23 14:06:19",653,"FA18UCpost","dccs",7.4136,4,3.31104,"2018-12-11 13:58:39"
85,17655,"PUF18","dccs",7.51535,5,2.51535,"2018-10-30 14:06:21",644,"FA18UCpost","dccs",7.60717,5,2.60717,"2018-12-11 14:00:08"
84,17657,"PUF18","dccs",6.5121,5,1.89672,"2018-10-23 14:10:15",652,"FA18UCpost","dccs",7.76652,5,2.89472,"2018-12-18 14:02:18"
83,17659,"PUF18","dccs",2.05128,2,3.76628,"2018-10-23 14:02:03",651,"FA18UCpost","dccs",6.88104,4,2.77847,"2018-12-11 14:01:08"
564,17660,"PespF18","dccs",2.30769,2,2.12021,"2018-10-23 14:09:52",1091,"spFA18UCPOST","dccs",2.30769,2,3.29118,"2018-12-11 14:01:37"
82,17661,"PUF18","dccs",7.5532,4,3.06602,"2018-10-30 14:02:52",643,"FA18UCpost","dccs",6.67438,5,1.93079,"2018-12-11 13:59:15"
81,17662,"PUF18","dccs",7.65662,4,3.16944,"2018-10-23 14:03:34",650,"FA18UCpost","dccs",7.32233,4,2.83515,"2018-12-11 13:58:21"
80,17663,"PUF18","dccs",8.24206,5,3.49847,"2018-10-23 14:04:34",649,"FA18UCpost","dccs",7.86985,5,3.12626,"2018-12-11 13:58:20"
563,17664,"PespF18","dccs",2.5641,3,0,"2018-10-23 14:06:35",1089,"spFA18UCPOST","dccs",5,5,0,"2018-12-11 13:59:45"
79,17665,"PUF18","dccs",2.17949,2,3.82025,"2018-10-23 14:06:56",648,"FA18UCpost","dccs",7.52112,5,2.90573,"2018-12-11 14:02:36"
78,17666,"PUF18","dccs",2.05128,2,2.6156,"2018-10-30 14:05:30",642,"FA18UCpost","dccs",2.05128,2,3.39927,"2018-12-11 13:58:43"
77,17667,"PUF18","dccs",6.0208,5,1.40542,"2018-10-23 14:06:21",647,"FA18UCpost","dccs",7.01515,5,2.39977,"2018-12-11 13:59:02"
76,17668,"PUF18","dccs",7.39844,4,2.91126,"2018-10-30 14:03:31",641,"FA18UCpost","dccs",5.28757,4,1.0568,"2018-12-11 14:01:49"
75,17669,"PUF18","dccs",6.9222,4,2.43502,"2018-10-30 14:06:31",640,"FA18UCpost","dccs",7.70178,5,2.70178,"2018-12-11 14:04:19"
74,17670,"PUF18","dccs",2.17949,2,3.34793,"2018-10-23 14:02:43",646,"FA18UCpost","dccs",6.7831,4,2.68054,"2018-12-11 13:59:44"
73,17671,"PUF18","dccs",7.65485,5,2.91126,"2018-10-30 14:10:12",639,"FA18UCpost","dccs",7.79283,5,2.79283,"2018-12-11 14:01:03"
72,17672,"PUF18","dccs",2.5641,3,1.9115,"2018-10-30 14:14:24",638,"FA18UCpost","dccs",3.46154,3,2.20446,"2018-12-11 14:01:05"
71,17677,"PUF18","dccs",3.84615,4,1.31802,"2018-10-23 14:43:47",637,"FA18UCpost","dccs",6.18827,4,1.82929,"2018-12-11 14:36:13"
70,17678,"PUF18","dccs",6.62907,5,1.88548,"2018-10-23 14:43:37",636,"FA18UCpost","dccs",7.36402,5,2.62043,"2018-12-11 14:35:20"
69,17679,"PUF18","dccs",6.50086,5,1.88548,"2018-10-23 14:42:55",635,"FA18UCpost","dccs",7.21671,5,2.47312,"2018-12-11 14:35:26"
68,17680,"PUF18","dccs",8.42393,4,4.19316,"2018-10-30 14:44:22",621,"FA18UCpost","dccs",6.94758,4,2.57258,"2018-12-11 14:33:19"
67,17681,"PUF18","dccs",2.30769,2,3.3615,"2018-10-23 14:44:03",634,"FA18UCpost","dccs",2.4359,2,2.79022,"2018-12-11 14:35:23"
66,17682,"PUF18","dccs",7.50522,5,2.76163,"2018-10-23 14:43:18",633,"FA18UCpost","dccs",7.87443,5,3.13084,"2018-12-11 14:35:58"
65,17683,"PUF18","dccs",8.3095,5,3.4377,"2018-10-23 14:45:09",632,"FA18UCpost","dccs",7.88787,5,2.88787,"2018-12-11 14:33:43"
64,17684,"PUF18","dccs",6.96928,4,2.73851,"2018-10-30 14:42:39",620,"FA18UCpost","dccs",7.77477,5,2.90298,"2018-12-11 14:36:44"
63,17685,"PUF18","dccs",6.79798,5,2.18259,"2018-10-23 14:42:59",631,"FA18UCpost","dccs",7.01705,5,2.27346,"2018-12-11 14:34:08"
62,17686,"PUF18","dccs",3.07692,3,4.02512,"2018-10-30 14:41:51",619,"FA18UCpost","dccs",3.58974,4,2.46747,"2018-12-11 14:34:43"
61,17687,"PUF18","dccs",6.54284,5,1.79925,"2018-10-23 14:43:53",630,"FA18UCpost","dccs",7.0774,5,2.0774,"2018-12-11 14:34:05"
60,17688,"PUF18","dccs",7.72832,5,2.72832,"2018-10-30 14:42:35",618,"FA18UCpost","dccs",7.37251,5,2.62892,"2018-12-11 14:32:36"
59,17689,"PUF18","dccs",8.07197,5,3.07197,"2018-10-23 14:42:12",629,"FA18UCpost","dccs",7.88848,4,3.52951,"2018-12-11 14:32:54"
58,17690,"PUF18","dccs",7.27119,5,2.6558,"2018-10-23 14:41:57",628,"FA18UCpost","dccs",6.37416,4,2.01518,"2018-12-11 14:34:35"
57,17691,"PUF18","dccs",7.90988,5,2.90988,"2018-10-30 14:40:32",617,"FA18UCpost","dccs",8.01492,5,3.14312,"2018-12-18 14:35:31"
56,17695,"PUF18","dccs",3.97436,4,2.52807,"2018-10-23 14:42:25",627,"FA18UCpost","dccs",8.03642,5,3.29283,"2018-12-11 14:34:35"
55,17696,"PUF18","dccs",3.84615,4,2.64721,"2018-10-23 14:42:33",626,"FA18UCpost","dccs",6.48167,4,2.2509,"2018-12-11 14:34:40"
54,17697,"PUF18","dccs",5,5,0,"2018-11-27 14:41:17",616,"FA18UCpost","dccs",6.4499,4,1.96272,"2018-12-11 14:32:45"
52,17698,"PUF18","dccs",5.51907,4,1.41651,"2018-10-23 14:41:46",625,"FA18UCpost","dccs",6.97732,4,2.49014,"2018-12-11 14:35:31"
51,17699,"PUF18","dccs",3.46154,3,1.54238,"2018-10-23 14:42:04",624,"FA18UCpost","dccs",7.67513,5,2.80334,"2018-12-11 14:36:24"
50,17700,"PUF18","dccs",7.20817,5,2.59279,"2018-10-23 14:45:29",623,"FA18UCpost","dccs",7.22015,5,2.60476,"2018-12-11 14:35:01"
49,17701,"PUF18","dccs",3.71795,4,3.50937,"2018-10-23 14:41:59",622,"FA18UCpost","dccs",7.93968,5,3.19609,"2018-12-11 14:33:18"
562,18530,"PespF18","dccs",3.625,4,2.19549,"2018-10-24 09:44:19",1096,"spFA18UCPOST","dccs",6.22855,4,2.12599,"2018-12-05 09:38:18"
561,18531,"PespF18","dccs",3.97436,4,2.48559,"2018-10-24 09:44:11",1094,"spFA18UCPOST","dccs",3.75,4,0,"2018-12-05 09:44:53"
560,18572,"PespF18","dccs",3.75,4,2.68926,"2018-10-30 10:16:31",1114,"spFA18UCPOST","dccs",6.51885,5,2.01885,"2018-12-04 10:14:46"
559,18592,"PespF18","dccs",3.71795,4,3.26824,"2018-11-07 09:37:01",1092,"spFA18UCPOST","dccs",7.85769,5,3.24231,"2018-12-05 09:43:58"
557,18611,"PespF18","dccs",2.17949,2,2.25294,"2018-11-27 10:11:03",1095,"spFA18UCPOST","dccs",2.05128,2,1.07989,"2018-12-04 10:14:23"
48,18617,"PUF18","dccs",7.12843,5,2.51305,"2018-11-14 10:19:28",745,"FA18UCpost","dccs",7.76104,5,2.88924,"2018-12-05 10:11:17"
47,18618,"PUF18","dccs",7.12584,4,2.63866,"2018-11-14 10:18:48",744,"FA18UCpost","dccs",7.88688,5,3.2715,"2018-12-05 10:06:40"
46,18661,"PUF18","dccs",7.45054,5,2.83515,"2018-11-28 10:17:14",743,"FA18UCpost","dccs",7.34752,5,2.73213,"2018-12-05 10:06:22"
