"id","userID","accessCode","task","post_nihScore","post_nihAccuracy","post_nihRTScore","dateTime"
1053,16770,"FA18UCpost","dccs",3.81579,4,3.26498,"2018-11-27 09:13:48"
1052,16771,"FA18UCpost","dccs",6.66845,4,2.61439,"2018-11-27 09:19:20"
1051,16772,"FA18UCpost","dccs",3.15789,3,4.59807,"2018-11-27 09:24:06"
1050,16773,"FA18UCpost","dccs",3.46154,3,2.48673,"2018-11-27 09:20:48"
1049,16774,"FA18UCpost","dccs",7.41073,5,2.66073,"2018-12-04 09:04:07"
1048,16775,"FA18UCpost","dccs",6.84395,5,2.22856,"2018-11-27 09:14:58"
1047,16776,"FA18UCpost","dccs",3.20513,3,3.12931,"2018-11-27 09:20:58"
1045,16777,"FA18UCpost","dccs",7.73372,5,2.99013,"2018-11-27 09:23:04"
1044,16778,"FA18UCpost","dccs",7.59347,5,2.85663,"2018-11-27 09:13:01"
1043,16779,"FA18UCpost","dccs",7.33842,4,2.86473,"2018-11-27 09:15:32"
1042,16780,"FA18UCpost","dccs",7.83783,5,2.83783,"2018-11-27 09:11:24"
1041,16781,"FA18UCpost","dccs",3.78378,4,2.80071,"2018-11-27 09:13:54"
1040,16782,"FA18UCpost","dccs",3.84615,4,2.63988,"2018-11-27 09:11:01"
1039,16783,"FA18UCpost","dccs",6.79107,5,2.17568,"2018-11-27 09:17:11"
1038,16784,"FA18UCpost","dccs",6.71863,4,2.48786,"2018-12-04 09:06:42"
1037,16785,"FA18UCpost","dccs",7.65762,5,2.91403,"2018-11-27 09:17:45"
1036,16786,"FA18UCpost","dccs",7.99443,5,2.99443,"2018-12-04 09:08:09"
1035,16787,"FA18UCpost","dccs",7.81659,4,3.32941,"2018-11-27 09:15:12"
1034,16789,"FA18UCpost","dccs",6.55237,4,2.06519,"2018-11-27 09:14:03"
1033,16790,"FA18UCpost","dccs",7.33735,5,2.72197,"2018-11-27 09:18:54"
1032,16791,"FA18UCpost","dccs",5.92013,4,1.68936,"2018-11-27 09:25:10"
1031,16792,"FA18UCpost","dccs",5,5,0,"2018-11-27 09:12:25"
1029,16795,"FA18UCpost","dccs",8.17809,5,3.58349,"2018-11-27 09:52:42"
1028,16796,"FA18UCpost","dccs",3.33333,3,1.79098,"2018-12-04 09:52:21"
1027,16797,"FA18UCpost","dccs",6.67879,5,1.9352,"2018-11-27 10:06:51"
1026,16799,"FA18UCpost","dccs",6.78459,4,2.3109,"2018-11-27 09:54:42"
1025,16800,"FA18UCpost","dccs",3.58974,4,2.27656,"2018-11-27 09:59:18"
1024,16801,"FA18UCpost","dccs",8.39609,5,3.52767,"2018-11-27 09:51:07"
1023,16802,"FA18UCpost","dccs",3.71795,4,2.47199,"2018-11-27 09:54:38"
1022,16803,"FA18UCpost","dccs",7.66298,5,3.03798,"2018-12-04 09:47:40"
1021,16804,"FA18UCpost","dccs",7.35538,5,2.6411,"2018-11-27 09:50:10"
1020,16805,"FA18UCpost","dccs",7.65483,5,3.03945,"2018-12-04 09:44:41"
1019,16807,"FA18UCpost","dccs",8.01672,5,3.27313,"2018-11-27 09:53:13"
1018,16808,"FA18UCpost","dccs",2.82051,3,1.91325,"2018-11-27 10:00:52"
1017,16809,"FA18UCpost","dccs",6.55641,4,2.32564,"2018-12-04 10:02:32"
1016,16810,"FA18UCpost","dccs",7.80064,4,3.34118,"2018-11-27 09:56:16"
1015,16811,"FA18UCpost","dccs",7.46973,5,2.46973,"2018-12-04 09:50:03"
1014,16812,"FA18UCpost","dccs",7.7407,5,3.13544,"2018-11-27 09:59:54"
1013,16813,"FA18UCpost","dccs",5,5,0,"2018-11-27 09:55:08"
1011,16814,"FA18UCpost","dccs",8.85917,5,4.2539,"2018-11-27 09:53:19"
1010,16815,"FA18UCpost","dccs",3.75,4,0.215158,"2018-11-27 09:58:15"
1007,16816,"FA18UCpost","dccs",9.08128,5,4.08128,"2018-11-27 10:09:08"
1006,16817,"FA18UCpost","dccs",7.49748,5,2.75389,"2018-12-04 09:46:22"
1005,16818,"FA18UCpost","dccs",7.63744,5,2.63744,"2018-11-27 10:03:48"
1004,16820,"FA18UCpost","dccs",8.9121,5,4.04368,"2018-11-27 11:20:05"
1003,16821,"FA18UCpost","dccs",0,4,0,"2018-11-27 11:24:35"
1002,16822,"FA18UCpost","dccs",7.59334,5,2.99875,"2018-11-27 11:20:23"
1001,16823,"FA18UCpost","dccs",5,5,0,"2018-11-27 11:33:59"
1000,16824,"FA18UCpost","dccs",7.45381,5,2.84855,"2018-11-27 11:18:26"
999,16825,"FA18UCpost","dccs",7.35485,4,2.99587,"2018-11-27 11:19:27"
998,16826,"FA18UCpost","dccs",8.33781,5,3.33781,"2018-11-27 11:19:12"
997,16827,"FA18UCpost","dccs",5.61061,4,1.50805,"2018-11-27 11:26:18"
996,16829,"FA18UCpost","dccs",7.67399,5,3.05861,"2018-11-27 11:21:35"
995,16830,"FA18UCpost","dccs",7.86092,5,3.24553,"2018-11-27 11:17:02"
994,16831,"FA18UCpost","dccs",9.22013,5,4.34833,"2018-11-27 11:20:32"
993,16832,"FA18UCpost","dccs",8.32187,5,3.45008,"2018-11-27 11:18:42"
992,16833,"FA18UCpost","dccs",7.65974,4,3.17256,"2018-11-27 11:18:47"
991,16834,"FA18UCpost","dccs",6.84944,5,2.10585,"2018-11-27 11:20:14"
990,16835,"FA18UCpost","dccs",5.59645,4,1.36569,"2018-11-27 11:24:24"
989,16836,"FA18UCpost","dccs",8.61961,5,3.61961,"2018-11-27 11:32:43"
988,16838,"FA18UCpost","dccs",7.75294,5,3.0161,"2018-11-27 11:18:26"
987,16839,"FA18UCpost","dccs",6.37784,4,1.89066,"2018-12-04 11:20:17"
986,16840,"FA18UCpost","dccs",8.02819,5,3.2846,"2018-11-27 11:24:34"
985,16841,"FA18UCpost","dccs",5.25734,4,1.04682,"2018-11-27 11:19:16"
984,16842,"FA18UCpost","dccs",3.94737,4,3.36832,"2018-11-27 11:20:28"
983,16843,"FA18UCpost","dccs",8.26498,5,3.26498,"2018-11-27 11:18:12"
982,16844,"FA18UCpost","dccs",8.15968,5,3.28789,"2018-11-27 11:20:01"
981,16845,"FA18UCpost","dccs",7.0024,5,2.0024,"2018-11-27 12:42:53"
980,16846,"FA18UCpost","dccs",7.53746,5,2.66566,"2018-11-27 12:46:16"
979,16847,"FA18UCpost","dccs",3.58974,4,0,"2018-11-27 12:49:26"
978,16848,"FA18UCpost","dccs",8.03812,5,3.16633,"2018-11-27 12:45:48"
977,16850,"FA18UCpost","dccs",6.65009,4,2.16291,"2018-11-27 12:47:48"
976,16851,"FA18UCpost","dccs",2.17949,2,3.70562,"2018-11-27 12:42:29"
975,16852,"FA18UCpost","dccs",5.88418,4,1.65342,"2018-11-27 12:45:25"
974,16853,"FA18UCpost","dccs",6.53748,4,2.30671,"2018-11-27 12:43:53"
973,16854,"FA18UCpost","dccs",3.20513,3,5,"2018-11-27 12:54:14"
972,16855,"FA18UCpost","dccs",7.49506,5,2.87968,"2018-11-27 12:43:37"
971,16856,"FA18UCpost","dccs",3.97436,4,3.2715,"2018-11-27 12:43:26"
970,16857,"FA18UCpost","dccs",8.51397,5,3.77038,"2018-11-27 12:42:52"
969,16858,"FA18UCpost","dccs",6.42768,4,1.9405,"2018-11-27 12:44:04"
968,16859,"FA18UCpost","dccs",8.07132,5,3.32773,"2018-11-27 12:43:07"
967,16860,"FA18UCpost","dccs",8.22466,5,3.22466,"2018-11-27 12:43:04"
966,16861,"FA18UCpost","dccs",6.00775,4,1.64877,"2018-11-27 12:52:23"
965,16862,"FA18UCpost","dccs",7.10866,5,2.36507,"2018-11-27 12:46:16"
964,16863,"FA18UCpost","dccs",6.84758,4,2.61681,"2018-11-27 12:48:13"
963,16864,"FA18UCpost","dccs",8.40019,5,3.78481,"2018-11-27 12:42:50"
962,16865,"FA18UCpost","dccs",3.94737,4,4.43028,"2018-11-27 12:46:43"
961,16866,"FA18UCpost","dccs",6.84399,5,1.96899,"2018-11-27 12:46:56"
960,16867,"FA18UCpost","dccs",8.05131,5,3.30772,"2018-11-27 12:42:51"
959,16868,"FA18UCpost","dccs",7.41668,5,2.67309,"2018-11-27 12:45:35"
958,16870,"FA18UCpost","dccs",6.054,4,1.56682,"2018-11-27 13:38:14"
957,16871,"FA18UCpost","dccs",7.58677,5,2.84318,"2018-11-27 13:33:37"
956,16872,"FA18UCpost","dccs",7.24673,5,2.63135,"2018-11-27 13:33:26"
955,16873,"FA18UCpost","dccs",7.94125,5,3.19766,"2018-11-27 13:27:59"
954,16874,"FA18UCpost","dccs",7.8368,4,3.34962,"2018-11-27 13:27:39"
953,16875,"FA18UCpost","dccs",7.82051,5,2.82051,"2018-11-27 13:26:40"
952,16876,"FA18UCpost","dccs",6.55446,4,2.19549,"2018-11-27 13:34:59"
951,16877,"FA18UCpost","dccs",7.51045,5,2.63866,"2018-11-27 13:27:50"
950,16878,"FA18UCpost","dccs",7.33638,5,2.59279,"2018-11-27 13:29:27"
949,16879,"FA18UCpost","dccs",5.77957,5,0.907771,"2018-11-27 13:32:04"
948,16880,"FA18UCpost","dccs",8.62152,5,3.62152,"2018-11-27 13:29:00"
947,16881,"FA18UCpost","dccs",6.8915,4,2.66073,"2018-11-27 13:30:56"
945,16882,"FA18UCpost","dccs",7.49314,4,3.00596,"2018-11-27 13:28:46"
944,16884,"FA18UCpost","dccs",7.30554,5,2.56195,"2018-11-27 13:30:07"
943,16885,"FA18UCpost","dccs",3.20513,3,3.73371,"2018-11-27 13:37:15"
942,16886,"FA18UCpost","dccs",6.84279,4,2.59279,"2018-11-27 13:28:12"
941,16887,"FA18UCpost","dccs",6.82202,4,2.47991,"2018-11-27 13:30:38"
940,16888,"FA18UCpost","dccs",7.33609,5,2.7207,"2018-11-27 13:26:43"
939,16889,"FA18UCpost","dccs",7.29614,5,2.55255,"2018-11-27 13:28:49"
938,16890,"FA18UCpost","dccs",6.77689,4,2.67433,"2018-11-27 13:29:34"
937,16896,"FA18UCpost","dccs",6.62508,4,2.39431,"2018-11-27 14:13:13"
936,16897,"FA18UCpost","dccs",7.40645,4,3.17568,"2018-12-04 14:12:11"
935,16899,"FA18UCpost","dccs",7.36029,5,2.74491,"2018-11-27 14:13:20"
934,16901,"FA18UCpost","dccs",5.70787,4,1.4771,"2018-11-27 14:13:35"
933,16903,"FA18UCpost","dccs",7.97678,5,3.10498,"2018-11-27 14:12:08"
932,16904,"FA18UCpost","dccs",4.9806,4,0.749834,"2018-11-27 14:15:00"
931,16906,"FA18UCpost","dccs",8.86937,5,3.99757,"2018-11-27 14:12:17"
930,16907,"FA18UCpost","dccs",8.04605,5,3.43066,"2018-11-27 14:16:16"
929,16908,"FA18UCpost","dccs",7.88644,5,3.01465,"2018-11-27 14:12:06"
910,16920,"FA18UCpost","dccs",4.74145,4,0.25427,"2018-12-04 08:58:04"
909,16921,"FA18UCpost","dccs",3.97436,4,2.55372,"2018-12-04 08:54:46"
908,16922,"FA18UCpost","dccs",7.81654,5,2.81654,"2018-12-04 08:55:12"
907,16923,"FA18UCpost","dccs",7.60022,5,2.85663,"2018-12-04 08:54:10"
906,16924,"FA18UCpost","dccs",7.60562,5,2.86203,"2018-12-11 08:55:27"
905,16925,"FA18UCpost","dccs",7.14445,5,2.40086,"2018-12-04 08:54:38"
904,16926,"FA18UCpost","dccs",7.21897,5,2.47538,"2018-12-04 08:54:33"
903,16927,"FA18UCpost","dccs",3.97436,4,2.26832,"2018-12-04 08:56:15"
902,16928,"FA18UCpost","dccs",6.07645,4,1.58927,"2018-12-04 08:55:27"
901,16929,"FA18UCpost","dccs",7.26471,5,2.52112,"2018-12-11 09:00:08"
900,16930,"FA18UCpost","dccs",7.64932,5,2.90573,"2018-12-04 08:56:24"
899,16931,"FA18UCpost","dccs",7.16422,5,2.42063,"2018-12-04 08:54:48"
898,16932,"FA18UCpost","dccs",7.67226,4,3.18508,"2018-12-11 08:55:55"
897,16933,"FA18UCpost","dccs",7.24107,4,2.75389,"2018-12-04 08:54:29"
896,16934,"FA18UCpost","dccs",7.97981,5,3.10801,"2018-12-04 08:55:13"
895,16935,"FA18UCpost","dccs",7.45399,5,2.45399,"2018-12-04 08:56:51"
894,16936,"FA18UCpost","dccs",8.87561,5,3.87561,"2018-12-04 08:55:45"
893,16937,"FA18UCpost","dccs",6.9056,4,2.41843,"2018-12-04 08:55:28"
892,16938,"FA18UCpost","dccs",6.94637,5,2.07458,"2018-12-04 08:57:30"
891,16940,"FA18UCpost","dccs",6.91937,5,1.91937,"2018-12-04 08:56:39"
890,16941,"FA18UCpost","dccs",8.42936,5,3.68577,"2018-12-04 08:58:07"
861,16944,"FA18UCpost","dccs",2.5641,3,0.743708,"2018-12-04 09:32:55"
860,16945,"FA18UCpost","dccs",2.4359,2,1.01539,"2018-12-11 09:37:16"
859,16946,"FA18UCpost","dccs",6.28625,4,1.92727,"2018-12-04 09:33:50"
858,16947,"FA18UCpost","dccs",7.70068,4,3.2135,"2018-12-04 09:30:08"
857,16948,"FA18UCpost","dccs",8.23427,5,3.23427,"2018-12-04 09:31:28"
856,16949,"FA18UCpost","dccs",7.24115,5,2.36615,"2018-12-11 09:32:03"
855,16950,"FA18UCpost","dccs",8.09326,5,3.22147,"2018-12-04 09:34:21"
853,16951,"FA18UCpost","dccs",6.40866,5,1.66507,"2018-12-04 09:32:07"
852,16952,"FA18UCpost","dccs",3.58974,4,2.82184,"2018-12-04 09:33:50"
851,16953,"FA18UCpost","dccs",6.35556,5,1.61197,"2018-12-04 09:32:26"
850,16954,"FA18UCpost","dccs",6.88332,5,2.01152,"2018-12-04 09:33:12"
849,16955,"FA18UCpost","dccs",7.17263,5,2.55725,"2018-12-04 09:31:48"
848,16956,"FA18UCpost","dccs",5.64832,4,1.27332,"2018-12-04 09:33:10"
847,16957,"FA18UCpost","dccs",7.58508,5,2.73213,"2018-12-04 09:32:26"
846,16959,"FA18UCpost","dccs",7.40802,5,2.66443,"2018-12-04 09:33:06"
845,16960,"FA18UCpost","dccs",7.60126,4,3.11408,"2018-12-04 09:30:49"
1130,16967,"spFA18UCPOST","dccs",3.71795,4,3.13697,"2018-12-04 10:06:41"
1129,16968,"spFA18UCPOST","dccs",3.58974,4,1.35553,"2018-12-04 10:11:54"
1128,16969,"spFA18UCPOST","dccs",8.22786,5,3.22786,"2018-12-04 10:09:27"
1127,16970,"spFA18UCPOST","dccs",3.84615,4,2.29835,"2018-12-04 10:07:06"
1126,16971,"spFA18UCPOST","dccs",3.97436,4,3.21987,"2018-12-04 10:11:40"
1125,16972,"spFA18UCPOST","dccs",6.19753,4,1.83856,"2018-12-04 10:11:15"
1124,16973,"spFA18UCPOST","dccs",7.07948,5,2.4641,"2018-12-04 10:14:31"
1123,16974,"spFA18UCPOST","dccs",3.07692,3,5,"2018-12-04 10:18:12"
1122,16975,"spFA18UCPOST","dccs",3.71795,4,2.63866,"2018-12-04 10:09:34"
1121,16976,"spFA18UCPOST","dccs",2.4359,2,1.98428,"2018-12-04 10:13:05"
1120,16977,"spFA18UCPOST","dccs",7.20788,4,2.7207,"2018-12-04 10:07:56"
1119,16979,"spFA18UCPOST","dccs",2.17949,2,1.67679,"2018-12-11 10:09:42"
1118,16980,"spFA18UCPOST","dccs",2.05128,2,2.64844,"2018-12-04 10:11:00"
1116,16981,"spFA18UCPOST","dccs",5,5,0,"2018-12-11 10:14:45"
925,16982,"FA18UCpost","dccs",7.48829,4,3.12931,"2018-12-04 08:53:52"
924,16983,"FA18UCpost","dccs",8.37174,5,3.37174,"2018-12-04 08:54:57"
923,16984,"FA18UCpost","dccs",7.50193,5,2.63013,"2018-12-04 08:54:16"
922,16985,"FA18UCpost","dccs",7.81521,5,2.81521,"2018-12-04 08:55:53"
921,16986,"FA18UCpost","dccs",7.31768,4,3.08691,"2018-12-04 08:56:04"
920,16987,"FA18UCpost","dccs",7.28795,5,2.54436,"2018-12-04 08:58:22"
919,16988,"FA18UCpost","dccs",7.59407,5,2.97868,"2018-12-04 08:56:08"
918,16990,"FA18UCpost","dccs",6.92,5,2.30462,"2018-12-04 08:54:11"
917,16991,"FA18UCpost","dccs",6.16303,5,1.41303,"2018-12-04 08:58:08"
916,16992,"FA18UCpost","dccs",7.46937,5,2.72578,"2018-12-04 08:54:39"
915,16993,"FA18UCpost","dccs",7.47765,5,2.47765,"2018-12-04 08:56:27"
914,16994,"FA18UCpost","dccs",6.50237,4,2.1434,"2018-12-04 08:58:18"
913,16995,"FA18UCpost","dccs",5.63688,4,1.40611,"2018-12-04 09:05:52"
912,16996,"FA18UCpost","dccs",5.87283,4,1.51385,"2018-12-04 09:01:21"
911,16998,"FA18UCpost","dccs",6.899,4,2.41182,"2018-12-04 08:56:26"
889,17006,"FA18UCpost","dccs",8.03359,5,3.03359,"2018-12-04 09:31:38"
888,17007,"FA18UCpost","dccs",7.58552,5,2.97014,"2018-12-04 09:34:39"
887,17008,"FA18UCpost","dccs",7.74522,5,3.00163,"2018-12-11 09:30:50"
886,17009,"FA18UCpost","dccs",6.73155,5,1.85976,"2018-12-04 09:34:36"
885,17010,"FA18UCpost","dccs",7.7845,5,3.04092,"2018-12-04 09:27:42"
884,17011,"FA18UCpost","dccs",6.73922,4,2.50845,"2018-12-04 09:37:50"
883,17012,"FA18UCpost","dccs",3.84615,4,3.37003,"2018-12-04 09:34:53"
882,17013,"FA18UCpost","dccs",7.49586,5,2.62407,"2018-12-04 09:28:45"
881,17014,"FA18UCpost","dccs",6.13009,4,1.89932,"2018-12-04 09:34:44"
880,17015,"FA18UCpost","dccs",0,4,0,"2018-12-04 09:35:06"
879,17016,"FA18UCpost","dccs",7.37694,5,2.37694,"2018-12-04 09:35:11"
878,17017,"FA18UCpost","dccs",7.68503,4,3.32606,"2018-12-04 09:28:47"
877,17018,"FA18UCpost","dccs",3.71795,4,2.43502,"2018-12-11 09:31:23"
876,17019,"FA18UCpost","dccs",7.0629,5,2.31931,"2018-12-04 09:36:05"
875,17020,"FA18UCpost","dccs",0,4,0,"2018-12-04 09:31:15"
874,17021,"FA18UCpost","dccs",7.31349,5,2.4417,"2018-12-04 09:34:23"
873,17022,"FA18UCpost","dccs",8.07895,5,3.20715,"2018-12-04 09:34:00"
872,17023,"FA18UCpost","dccs",8.8831,5,4.0113,"2018-12-04 09:28:44"
871,17024,"FA18UCpost","dccs",3.97436,4,1.49865,"2018-12-04 09:30:17"
870,17025,"FA18UCpost","dccs",7.63148,5,3.0161,"2018-12-04 09:29:31"
869,17026,"FA18UCpost","dccs",8.40273,5,3.40273,"2018-12-04 09:27:22"
868,17027,"FA18UCpost","dccs",6.99333,4,2.50615,"2018-12-04 09:30:11"
867,17028,"FA18UCpost","dccs",7.88644,5,3.01465,"2018-12-04 09:28:00"
866,17029,"FA18UCpost","dccs",8.50782,5,3.76423,"2018-12-04 09:37:54"
865,17030,"FA18UCpost","dccs",8.08212,5,3.21033,"2018-12-04 09:34:31"
864,17031,"FA18UCpost","dccs",4.23077,4,0,"2018-12-04 09:31:46"
863,17032,"FA18UCpost","dccs",7.19022,4,2.70304,"2018-12-04 09:33:33"
862,17033,"FA18UCpost","dccs",3.33333,3,4.46961,"2018-12-04 09:29:40"
844,17034,"FA18UCpost","dccs",6.46155,4,1.97437,"2018-12-04 10:03:16"
843,17035,"FA18UCpost","dccs",7.45857,5,2.84318,"2018-12-04 10:02:25"
842,17036,"FA18UCpost","dccs",7.16231,4,2.80334,"2018-12-04 10:02:01"
841,17037,"FA18UCpost","dccs",6.83541,5,1.96362,"2018-12-04 10:13:49"
840,17038,"FA18UCpost","dccs",8.69766,5,3.69766,"2018-12-04 10:06:35"
839,17039,"FA18UCpost","dccs",2.5641,3,2.30253,"2018-12-04 10:05:33"
838,17040,"FA18UCpost","dccs",7.83207,5,3.21668,"2018-12-04 10:06:54"
837,17041,"FA18UCpost","dccs",7.46184,5,2.46184,"2018-12-04 10:06:51"
836,17042,"FA18UCpost","dccs",8.06316,5,3.19136,"2018-12-04 10:03:56"
835,17043,"FA18UCpost","dccs",7.08326,5,2.21146,"2018-12-04 10:01:30"
834,17044,"FA18UCpost","dccs",7.39213,5,2.39213,"2018-12-04 10:05:33"
833,17045,"FA18UCpost","dccs",6.20716,5,1.46357,"2018-12-04 10:06:49"
832,17046,"FA18UCpost","dccs",7.32915,5,2.45735,"2018-12-11 10:07:42"
831,17048,"FA18UCpost","dccs",3.97436,4,4.40262,"2018-12-04 10:20:07"
830,17049,"FA18UCpost","dccs",7.4937,5,2.87831,"2018-12-04 10:00:55"
829,17050,"FA18UCpost","dccs",7.25282,5,2.63744,"2018-12-04 10:01:22"
828,17051,"FA18UCpost","dccs",7.05491,5,2.05491,"2018-12-11 10:10:05"
827,17057,"FA18UCpost","dccs",8.20255,5,3.45896,"2018-12-04 08:24:36"
806,17058,"FA18UCpost","dccs",7.14826,5,2.14826,"2018-12-05 08:55:38"
805,17059,"FA18UCpost","dccs",8.69378,5,3.95019,"2018-12-05 08:55:16"
804,17060,"FA18UCpost","dccs",7.03951,4,2.68054,"2018-12-19 08:57:31"
803,17061,"FA18UCpost","dccs",2.05128,2,2.85393,"2018-12-05 08:57:32"
802,17062,"FA18UCpost","dccs",7.03702,4,2.67805,"2018-12-05 08:58:28"
800,17063,"FA18UCpost","dccs",7.60429,4,3.11712,"2018-12-05 08:54:40"
799,17064,"FA18UCpost","dccs",8.8153,5,3.94351,"2018-12-05 08:54:57"
798,17065,"FA18UCpost","dccs",7.93071,5,2.93071,"2018-12-05 08:55:11"
797,17066,"FA18UCpost","dccs",3.33333,3,0,"2018-12-05 09:00:54"
796,17067,"FA18UCpost","dccs",3.97436,4,2.98154,"2018-12-05 08:59:36"
795,17068,"FA18UCpost","dccs",8.24267,5,3.62729,"2018-12-05 08:54:28"
794,17069,"FA18UCpost","dccs",3.84615,4,2.38127,"2018-12-05 08:58:43"
793,17070,"FA18UCpost","dccs",7.23209,4,2.74491,"2018-12-05 08:56:27"
792,17071,"FA18UCpost","dccs",7.73659,5,2.993,"2018-12-05 08:57:15"
791,17072,"FA18UCpost","dccs",7.27717,5,2.77717,"2018-12-05 08:56:54"
790,17073,"FA18UCpost","dccs",7.30554,5,2.56195,"2018-12-05 08:55:03"
789,17074,"FA18UCpost","dccs",7.20543,5,2.46184,"2018-12-05 08:55:52"
788,17075,"FA18UCpost","dccs",5,5,0,"2018-12-05 09:00:52"
787,17076,"FA18UCpost","dccs",3.33333,3,2.75518,"2018-12-05 08:58:43"
786,17077,"FA18UCpost","dccs",6.53539,4,2.30462,"2018-12-05 08:56:55"
768,17083,"FA18UCpost","dccs",7.56551,5,2.69051,"2018-12-05 10:06:23"
767,17084,"FA18UCpost","dccs",7.89662,5,3.02482,"2018-12-05 10:07:14"
766,17085,"FA18UCpost","dccs",7.63283,5,2.88924,"2018-12-05 10:09:07"
765,17086,"FA18UCpost","dccs",8.10169,5,3.3581,"2018-12-05 10:04:30"
764,17087,"FA18UCpost","dccs",7.94079,5,3.06899,"2018-12-05 10:03:36"
763,17088,"FA18UCpost","dccs",7.1278,5,2.25601,"2018-12-05 10:05:54"
762,17089,"FA18UCpost","dccs",7.34921,4,2.86203,"2018-12-05 10:04:32"
761,17090,"FA18UCpost","dccs",8.34862,5,3.47683,"2018-12-05 10:07:33"
760,17091,"FA18UCpost","dccs",7.32684,5,2.58325,"2018-12-05 10:05:25"
759,17092,"FA18UCpost","dccs",6.579,5,1.96362,"2018-12-05 10:06:15"
758,17093,"FA18UCpost","dccs",8.85831,5,4.11472,"2018-12-05 10:05:44"
757,17094,"FA18UCpost","dccs",7.46049,5,2.7169,"2018-12-05 10:06:58"
756,17095,"FA18UCpost","dccs",7.14544,4,2.65826,"2018-12-05 10:05:15"
755,17096,"FA18UCpost","dccs",3.07692,3,3.20399,"2018-12-05 10:05:25"
754,17097,"FA18UCpost","dccs",8.10045,5,3.10045,"2018-12-05 10:11:31"
753,17098,"FA18UCpost","dccs",7.8053,5,2.9335,"2018-12-05 10:06:39"
752,17099,"FA18UCpost","dccs",7.42435,5,2.55255,"2018-12-05 10:05:46"
751,17100,"FA18UCpost","dccs",6.46196,4,2.10299,"2018-12-05 10:06:42"
826,17132,"FA18UCpost","dccs",7.61798,5,2.74619,"2018-12-05 09:03:47"
825,17133,"FA18UCpost","dccs",7.51039,5,2.7668,"2018-12-05 08:55:22"
824,17134,"FA18UCpost","dccs",7.36754,4,3.26498,"2018-12-05 09:00:39"
823,17135,"FA18UCpost","dccs",7.3079,5,2.56431,"2018-12-05 08:59:49"
822,17136,"FA18UCpost","dccs",6.91333,4,2.42615,"2018-12-05 09:01:44"
821,17137,"FA18UCpost","dccs",3.71795,4,0,"2018-12-05 09:03:02"
820,17138,"FA18UCpost","dccs",8.54378,5,3.67198,"2018-12-05 08:58:58"
819,17139,"FA18UCpost","dccs",6.35291,4,1.86573,"2018-12-05 09:00:37"
818,17140,"FA18UCpost","dccs",8.01119,5,3.39581,"2018-12-05 09:01:23"
817,17141,"FA18UCpost","dccs",6.63598,5,1.89239,"2018-12-05 09:03:30"
816,17142,"FA18UCpost","dccs",6.84597,5,2.23058,"2018-12-05 09:04:09"
815,17143,"FA18UCpost","dccs",7.6725,5,2.80071,"2018-12-05 08:59:18"
814,17144,"FA18UCpost","dccs",6.34523,4,2.11446,"2018-12-05 08:59:41"
813,17145,"FA18UCpost","dccs",3.84615,4,2.9016,"2018-12-05 08:59:37"
812,17146,"FA18UCpost","dccs",2.125,2,0.149816,"2018-12-05 09:06:19"
811,17147,"FA18UCpost","dccs",7.6519,5,3.03652,"2018-12-05 08:57:42"
810,17149,"FA18UCpost","dccs",6.13827,4,1.65109,"2018-12-05 09:00:10"
809,17150,"FA18UCpost","dccs",7.24881,4,2.76163,"2018-12-05 08:57:40"
808,17151,"FA18UCpost","dccs",8.46723,5,3.72364,"2018-12-05 08:59:46"
807,17152,"FA18UCpost","dccs",7.636,5,2.76421,"2018-12-05 08:58:10"
785,17156,"FA18UCpost","dccs",2.69231,3,1.65342,"2018-12-19 09:37:08"
784,17157,"FA18UCpost","dccs",7.37154,5,2.37154,"2018-12-19 09:41:03"
783,17158,"FA18UCpost","dccs",7.18674,4,2.95597,"2018-12-19 09:34:38"
782,17159,"FA18UCpost","dccs",7.37701,5,2.76163,"2018-12-19 09:41:55"
781,17160,"FA18UCpost","dccs",3.58974,4,2.24886,"2018-12-19 09:40:26"
780,17161,"FA18UCpost","dccs",2.17949,2,3.06899,"2018-12-19 09:41:31"
779,17162,"FA18UCpost","dccs",3.71795,4,1.93255,"2018-12-19 09:44:15"
778,17163,"FA18UCpost","dccs",6.84619,4,2.74363,"2018-12-19 09:36:33"
777,17164,"FA18UCpost","dccs",7.30839,5,2.69301,"2018-12-19 09:37:48"
776,17166,"FA18UCpost","dccs",5.96074,4,1.71074,"2018-12-19 09:29:56"
775,17167,"FA18UCpost","dccs",6.81723,5,2.07364,"2018-12-19 09:40:36"
774,17168,"FA18UCpost","dccs",7.505,5,2.505,"2018-12-19 09:35:54"
773,17169,"FA18UCpost","dccs",6.12044,5,1.37044,"2018-12-19 09:38:34"
772,17170,"FA18UCpost","dccs",7.39828,5,2.77328,"2018-12-19 09:37:21"
771,17172,"FA18UCpost","dccs",7.6507,5,2.90711,"2018-12-19 09:36:37"
770,17173,"FA18UCpost","dccs",6.85114,5,2.35114,"2018-12-19 09:46:51"
769,17174,"FA18UCpost","dccs",3.97436,4,2.78238,"2018-12-19 09:38:17"
1072,17192,"JRPOF18","dccs",3.625,4,1.36501,"2018-11-28 11:02:34"
1071,17194,"JRPOF18","dccs",7.10078,4,2.72578,"2018-11-28 11:01:57"
1070,17195,"JRPOF18","dccs",6.72651,4,2.47651,"2018-11-28 11:16:14"
1084,17196,"JRPOF18","dccs",5,5,0,"2018-11-28 10:53:42"
1082,17197,"JRPOF18","dccs",7.05669,5,2.43169,"2018-11-28 11:01:54"
1069,17198,"JRPOF18","dccs",6.79436,4,2.54436,"2018-11-28 11:06:30"
1081,17199,"JRPOF18","dccs",7.33092,4,3.08092,"2018-11-28 10:59:54"
1080,17200,"JRPOF18","dccs",7.52774,5,3.02774,"2018-12-04 10:00:24"
1079,17201,"JRPOF18","dccs",7.72293,4,3.34793,"2018-11-28 10:58:03"
1068,17202,"JRPOF18","dccs",6.91412,5,2.03912,"2018-11-28 11:04:55"
1078,17203,"JRPOF18","dccs",7.49363,5,2.74363,"2018-11-28 11:01:00"
1077,17204,"JRPOF18","dccs",2,2,0.749834,"2018-11-28 11:06:25"
1067,17205,"JRPOF18","dccs",3.625,4,2.489,"2018-11-28 11:14:01"
1066,17206,"JRPOF18","dccs",3.25,3,3.74384,"2018-11-28 11:01:25"
1065,17207,"JRPOF18","dccs",0,4,0,"2018-11-28 11:13:28"
1064,17208,"JRPOF18","dccs",6.13634,4,1.88634,"2018-12-04 11:09:35"
1063,17209,"JRPOF18","dccs",7.70555,5,2.70555,"2018-11-28 11:05:54"
1076,17210,"JRPOF18","dccs",3,3,4.91483,"2018-12-04 10:02:58"
1075,17211,"JRPOF18","dccs",9.22808,4,4.85308,"2018-11-28 11:04:41"
1074,17212,"JRPOF18","dccs",7.66957,5,2.91957,"2018-11-28 11:09:06"
1062,17213,"JRPOF18","dccs",6.70093,5,1.82593,"2018-11-28 11:03:44"
1087,17230,"JRPOF18","dccs",3.25,3,5,"2018-11-26 21:13:57"
1055,17235,"JRPOF18","dccs",3.25,3,5,"2019-02-15 14:10:30"
927,17246,"FA18UCpost","dccs",2.625,3,3.2846,"2018-11-26 21:13:39"
1054,17247,"FA18UCpost","dccs",3.20513,3,5,"2018-11-26 19:19:21"
612,17248,"fa18UCp1","dccs",2.82051,3,5,"2018-11-26 09:58:20"
1056,17252,"JRPOF18","dccs",1.75,2,0,"2018-12-03 16:38:41"
1057,17253,"JRPOF18","dccs",1.75,2,0,"2018-12-03 12:52:22"
1058,17255,"JRPOF18","dccs",1.625,2,0,"2018-12-03 12:14:42"
1085,17256,"JRPOF18","dccs",2.75,3,4.09555,"2018-11-27 10:32:36"
1086,17258,"JRPOF18","dccs",5,5,0,"2018-11-26 21:22:49"
1110,17325,"spFA18UCPOST","dccs",6.37903,4,2.14826,"2018-12-05 09:38:19"
1112,17326,"spFA18UCPOST","dccs",7.00946,4,2.52228,"2018-12-05 09:36:05"
1109,17328,"spFA18UCPOST","dccs",3.46154,3,5,"2018-12-05 09:38:02"
1107,17329,"spFA18UCPOST","dccs",6.02288,5,1.40749,"2018-12-05 09:37:23"
1108,17330,"spFA18UCPOST","dccs",6.31894,4,2.06894,"2018-12-05 09:43:19"
1105,17331,"spFA18UCPOST","dccs",7.00007,4,2.6411,"2018-12-05 09:37:59"
1106,17332,"spFA18UCPOST","dccs",8.6684,5,4.05302,"2018-12-19 09:29:42"
1103,17334,"spFA18UCPOST","dccs",6.90063,5,2.15704,"2018-12-05 09:35:23"
1102,17335,"spFA18UCPOST","dccs",2.17949,2,2.88514,"2018-12-05 09:38:09"
1099,17336,"spFA18UCPOST","dccs",7.66006,4,3.30109,"2018-12-05 09:36:49"
1100,17337,"spFA18UCPOST","dccs",2.05128,2,2.25601,"2018-12-05 09:41:37"
1098,17338,"spFA18UCPOST","dccs",7.22441,4,2.73723,"2018-12-05 09:35:12"
1101,17339,"spFA18UCPOST","dccs",7.31607,4,3.2135,"2018-12-05 09:41:23"
1097,17340,"spFA18UCPOST","dccs",2.75,3,2.26523,"2018-12-05 09:36:17"
748,17343,"FA18UCpost","dccs",8.0779,5,3.46252,"2018-12-05 10:09:34"
750,17344,"FA18UCpost","dccs",7.57613,5,2.57613,"2018-12-05 10:06:41"
749,17345,"FA18UCpost","dccs",8.27968,5,3.27968,"2018-12-05 10:05:47"
747,17346,"FA18UCpost","dccs",7.42911,5,2.68552,"2018-12-05 10:05:24"
746,17347,"FA18UCpost","dccs",6.51353,4,2.28276,"2018-12-05 10:07:20"
1061,17386,"JRPOF18","dccs",8.03359,5,3.03359,"2018-11-28 11:00:21"
1073,17394,"JRPOF18","dccs",6.57148,4,2.19648,"2018-11-28 10:59:08"
1115,17453,"spFA18UCPOST","dccs",7.28526,4,2.79808,"2018-12-04 10:11:12"
741,17547,"FA18UCpost","dccs",7.21015,5,2.33835,"2018-12-11 09:08:02"
740,17548,"FA18UCpost","dccs",3.84615,4,2.34048,"2018-12-11 09:08:21"
739,17549,"FA18UCpost","dccs",6.96527,5,2.09348,"2018-12-11 09:06:35"
738,17550,"FA18UCpost","dccs",3.07692,3,2.46973,"2018-12-11 09:07:38"
737,17551,"FA18UCpost","dccs",7.83916,5,2.83916,"2018-12-11 09:07:27"
736,17552,"FA18UCpost","dccs",8.29448,5,3.29448,"2018-12-11 09:08:12"
735,17553,"FA18UCpost","dccs",7.2059,5,2.33411,"2018-12-11 09:07:14"
734,17554,"FA18UCpost","dccs",8.7366,5,3.99301,"2018-12-11 09:06:59"
718,17555,"FA18UCpost","dccs",2.30769,2,2.20047,"2018-12-11 09:10:59"
733,17556,"FA18UCpost","dccs",7.83173,4,3.34455,"2018-12-11 09:07:32"
732,17557,"FA18UCpost","dccs",2.82051,3,4.3537,"2018-12-11 09:05:11"
731,17558,"FA18UCpost","dccs",7.67929,5,2.67929,"2018-12-11 09:09:46"
730,17559,"FA18UCpost","dccs",6.65342,5,1.65342,"2018-12-11 09:09:04"
729,17560,"FA18UCpost","dccs",5.09824,4,0.867466,"2018-12-11 09:09:47"
728,17561,"FA18UCpost","dccs",6.63252,4,2.14534,"2018-12-11 09:07:18"
727,17562,"FA18UCpost","dccs",6.98431,5,2.24072,"2018-12-11 09:07:16"
717,17563,"FA18UCpost","dccs",7.39777,5,2.78238,"2018-12-11 09:07:28"
726,17564,"FA18UCpost","dccs",7.48593,4,2.99875,"2018-12-11 09:08:54"
725,17565,"FA18UCpost","dccs",7.9844,5,2.9844,"2018-12-11 09:09:04"
724,17566,"FA18UCpost","dccs",8.00531,5,3.26172,"2018-12-11 09:07:29"
723,17567,"FA18UCpost","dccs",6.83415,5,1.95915,"2018-12-11 09:08:59"
722,17568,"FA18UCpost","dccs",3.46154,3,2.05584,"2018-12-11 09:08:03"
721,17569,"FA18UCpost","dccs",7.44674,5,2.57494,"2018-12-11 09:07:30"
720,17570,"FA18UCpost","dccs",9.48718,4,5,"2018-12-11 09:09:05"
719,17571,"FA18UCpost","dccs",7.71089,5,2.9673,"2018-12-11 09:08:45"
716,17572,"FA18UCpost","dccs",8.12936,4,3.77038,"2018-12-11 09:16:46"
715,17573,"FA18UCpost","dccs",2.30769,2,2.55021,"2018-12-11 10:41:22"
714,17574,"FA18UCpost","dccs",7.7083,5,3.09292,"2018-12-11 10:41:57"
713,17575,"FA18UCpost","dccs",6.34938,4,2.24682,"2018-12-11 10:39:57"
712,17576,"FA18UCpost","dccs",7.20915,4,2.72197,"2018-12-11 10:41:37"
711,17578,"FA18UCpost","dccs",7.78744,5,3.04385,"2018-12-18 10:02:14"
696,17579,"FA18UCpost","dccs",4.54545,5,0,"2018-12-11 10:43:36"
710,17580,"FA18UCpost","dccs",6.91555,4,2.42837,"2018-12-11 10:41:48"
709,17581,"FA18UCpost","dccs",8.27445,4,4.04368,"2018-12-11 10:39:38"
708,17582,"FA18UCpost","dccs",3.46154,3,2.23869,"2018-12-11 10:40:23"
707,17583,"FA18UCpost","dccs",2.05128,2,3.16322,"2018-12-11 10:40:03"
706,17584,"FA18UCpost","dccs",3.46154,3,2.55372,"2018-12-11 10:40:57"
705,17585,"FA18UCpost","dccs",7.92867,5,3.18508,"2018-12-11 10:41:33"
704,17587,"FA18UCpost","dccs",7.57982,5,2.82982,"2018-12-11 10:38:58"
703,17588,"FA18UCpost","dccs",7.92449,5,3.05269,"2018-12-11 10:40:14"
702,17589,"FA18UCpost","dccs",3.46154,3,3.10498,"2018-12-11 10:40:30"
701,17590,"FA18UCpost","dccs",6.85156,5,1.97977,"2018-12-11 10:41:13"
700,17591,"FA18UCpost","dccs",7.04265,5,2.42726,"2018-12-11 10:42:20"
699,17592,"FA18UCpost","dccs",7.40536,4,2.91818,"2018-12-11 10:42:00"
694,17594,"FA18UCpost","dccs",3.20513,3,2.29002,"2018-12-11 10:40:13"
698,17595,"FA18UCpost","dccs",8.27494,5,3.53135,"2018-12-11 10:40:27"
697,17596,"FA18UCpost","dccs",6.86161,4,2.75905,"2018-12-11 10:39:57"
693,17597,"FA18UCpost","dccs",7.78157,5,3.03798,"2018-12-11 10:41:09"
692,17599,"FA18UCpost","dccs",3.58974,4,0.958945,"2018-12-11 11:02:47"
677,17600,"FA18UCpost","dccs",7.23332,5,2.48332,"2018-12-11 11:00:18"
691,17601,"FA18UCpost","dccs",6.71796,5,1.97437,"2018-12-11 11:05:53"
676,17602,"FA18UCpost","dccs",8.08242,5,3.08242,"2018-12-11 10:41:07"
675,17603,"FA18UCpost","dccs",7.5142,5,2.5142,"2018-12-11 10:57:19"
690,17604,"FA18UCpost","dccs",3.33333,3,2.3109,"2018-12-11 10:57:59"
674,17605,"FA18UCpost","dccs",7.05835,5,2.18655,"2018-12-11 10:58:25"
689,17606,"FA18UCpost","dccs",8.29369,5,3.4219,"2018-12-11 10:58:42"
673,17607,"FA18UCpost","dccs",7.37959,5,2.76421,"2018-12-11 11:00:29"
688,17608,"FA18UCpost","dccs",7.6373,5,3.02191,"2018-12-11 10:57:20"
687,17610,"FA18UCpost","dccs",7.53904,5,2.79545,"2018-12-11 10:56:42"
686,17611,"FA18UCpost","dccs",6.32405,4,1.83687,"2018-12-11 11:01:03"
672,17612,"FA18UCpost","dccs",6.85969,4,2.62892,"2018-12-11 11:01:14"
685,17613,"FA18UCpost","dccs",7.06629,5,2.19449,"2018-12-11 10:57:31"
671,17615,"FA18UCpost","dccs",2.4359,2,2.76939,"2018-12-11 11:01:48"
684,17616,"FA18UCpost","dccs",7.65027,5,2.77847,"2018-12-11 11:01:01"
683,17617,"FA18UCpost","dccs",8.16477,5,3.16477,"2018-12-11 10:58:55"
682,17618,"FA18UCpost","dccs",6.70798,4,2.349,"2018-12-11 10:58:54"
681,17619,"FA18UCpost","dccs",7.6219,5,2.87831,"2018-12-11 10:59:05"
680,17620,"FA18UCpost","dccs",7.19022,4,2.70304,"2018-12-11 10:58:06"
670,17621,"FA18UCpost","dccs",2.375,2,3.03945,"2018-12-11 10:59:39"
679,17622,"FA18UCpost","dccs",6.24079,5,1.4972,"2018-12-11 10:58:36"
678,17623,"FA18UCpost","dccs",2.30769,2,2.94471,"2018-12-11 10:58:53"
669,17625,"FA18UCpost","dccs",7.33877,5,2.59518,"2018-12-11 13:17:08"
668,17627,"FA18UCpost","dccs",7.719,5,2.84721,"2018-12-11 13:17:38"
658,17628,"FA18UCpost","dccs",7.57483,5,2.70304,"2018-12-11 09:09:51"
657,17629,"FA18UCpost","dccs",8.15311,5,3.28132,"2018-12-11 13:17:12"
667,17630,"FA18UCpost","dccs",8.05687,5,3.18508,"2018-12-11 13:17:01"
666,17632,"FA18UCpost","dccs",6.52468,5,1.78109,"2018-12-11 13:21:05"
665,17634,"FA18UCpost","dccs",5.78084,5,1.16546,"2018-12-11 13:18:06"
664,17635,"FA18UCpost","dccs",7.03465,5,2.29106,"2018-12-11 13:19:12"
663,17636,"FA18UCpost","dccs",6.83517,5,2.09158,"2018-12-11 13:17:07"
662,17637,"FA18UCpost","dccs",6.92816,5,2.18457,"2018-12-11 13:17:22"
656,17638,"FA18UCpost","dccs",7.35245,4,3.12168,"2018-12-11 13:15:54"
661,17640,"FA18UCpost","dccs",8.13767,4,3.65049,"2018-12-11 13:14:14"
660,17641,"FA18UCpost","dccs",6.18385,5,1.44026,"2018-12-11 13:20:34"
659,17642,"FA18UCpost","dccs",3.46154,3,4.32434,"2018-12-18 13:15:22"
655,17645,"FA18UCpost","dccs",3.33333,3,2.15021,"2018-12-11 13:31:10"
654,17651,"FA18UCpost","dccs",7.14445,5,2.40086,"2018-12-11 13:57:36"
645,17652,"FA18UCpost","dccs",2.05128,2,2.88241,"2018-12-11 13:59:47"
615,17653,"FA18UCpost","dccs",6.3684,5,1.3684,"2018-12-11 14:13:04"
653,17654,"FA18UCpost","dccs",7.4136,4,3.31104,"2018-12-11 13:58:39"
644,17655,"FA18UCpost","dccs",7.60717,5,2.60717,"2018-12-11 14:00:08"
652,17657,"FA18UCpost","dccs",7.76652,5,2.89472,"2018-12-18 14:02:18"
651,17659,"FA18UCpost","dccs",6.88104,4,2.77847,"2018-12-11 14:01:08"
1091,17660,"spFA18UCPOST","dccs",2.30769,2,3.29118,"2018-12-11 14:01:37"
643,17661,"FA18UCpost","dccs",6.67438,5,1.93079,"2018-12-11 13:59:15"
650,17662,"FA18UCpost","dccs",7.32233,4,2.83515,"2018-12-11 13:58:21"
649,17663,"FA18UCpost","dccs",7.86985,5,3.12626,"2018-12-11 13:58:20"
1089,17664,"spFA18UCPOST","dccs",5,5,0,"2018-12-11 13:59:45"
648,17665,"FA18UCpost","dccs",7.52112,5,2.90573,"2018-12-11 14:02:36"
642,17666,"FA18UCpost","dccs",2.05128,2,3.39927,"2018-12-11 13:58:43"
647,17667,"FA18UCpost","dccs",7.01515,5,2.39977,"2018-12-11 13:59:02"
641,17668,"FA18UCpost","dccs",5.28757,4,1.0568,"2018-12-11 14:01:49"
640,17669,"FA18UCpost","dccs",7.70178,5,2.70178,"2018-12-11 14:04:19"
646,17670,"FA18UCpost","dccs",6.7831,4,2.68054,"2018-12-11 13:59:44"
639,17671,"FA18UCpost","dccs",7.79283,5,2.79283,"2018-12-11 14:01:03"
638,17672,"FA18UCpost","dccs",3.46154,3,2.20446,"2018-12-11 14:01:05"
637,17677,"FA18UCpost","dccs",6.18827,4,1.82929,"2018-12-11 14:36:13"
636,17678,"FA18UCpost","dccs",7.36402,5,2.62043,"2018-12-11 14:35:20"
635,17679,"FA18UCpost","dccs",7.21671,5,2.47312,"2018-12-11 14:35:26"
621,17680,"FA18UCpost","dccs",6.94758,4,2.57258,"2018-12-11 14:33:19"
634,17681,"FA18UCpost","dccs",2.4359,2,2.79022,"2018-12-11 14:35:23"
633,17682,"FA18UCpost","dccs",7.87443,5,3.13084,"2018-12-11 14:35:58"
632,17683,"FA18UCpost","dccs",7.88787,5,2.88787,"2018-12-11 14:33:43"
620,17684,"FA18UCpost","dccs",7.77477,5,2.90298,"2018-12-11 14:36:44"
631,17685,"FA18UCpost","dccs",7.01705,5,2.27346,"2018-12-11 14:34:08"
619,17686,"FA18UCpost","dccs",3.58974,4,2.46747,"2018-12-11 14:34:43"
630,17687,"FA18UCpost","dccs",7.0774,5,2.0774,"2018-12-11 14:34:05"
618,17688,"FA18UCpost","dccs",7.37251,5,2.62892,"2018-12-11 14:32:36"
629,17689,"FA18UCpost","dccs",7.88848,4,3.52951,"2018-12-11 14:32:54"
628,17690,"FA18UCpost","dccs",6.37416,4,2.01518,"2018-12-11 14:34:35"
617,17691,"FA18UCpost","dccs",8.01492,5,3.14312,"2018-12-18 14:35:31"
627,17695,"FA18UCpost","dccs",8.03642,5,3.29283,"2018-12-11 14:34:35"
626,17696,"FA18UCpost","dccs",6.48167,4,2.2509,"2018-12-11 14:34:40"
616,17697,"FA18UCpost","dccs",6.4499,4,1.96272,"2018-12-11 14:32:45"
625,17698,"FA18UCpost","dccs",6.97732,4,2.49014,"2018-12-11 14:35:31"
624,17699,"FA18UCpost","dccs",7.67513,5,2.80334,"2018-12-11 14:36:24"
623,17700,"FA18UCpost","dccs",7.22015,5,2.60476,"2018-12-11 14:35:01"
622,17701,"FA18UCpost","dccs",7.93968,5,3.19609,"2018-12-11 14:33:18"
1060,18128,"JRPOF18","dccs",6.35154,4,2.22654,"2018-11-28 10:59:26"
1059,18129,"JRPOF18","dccs",3,3,0,"2018-11-28 11:30:44"
1096,18530,"spFA18UCPOST","dccs",6.22855,4,2.12599,"2018-12-05 09:38:18"
1094,18531,"spFA18UCPOST","dccs",3.75,4,0,"2018-12-05 09:44:53"
1113,18571,"spFA18UCPOST","dccs",2.17949,2,2.63988,"2018-12-04 10:15:34"
1114,18572,"spFA18UCPOST","dccs",6.51885,5,2.01885,"2018-12-04 10:14:46"
1111,18591,"spFA18UCPOST","dccs",6.41668,4,2.05771,"2018-12-05 09:36:07"
1092,18592,"spFA18UCPOST","dccs",7.85769,5,3.24231,"2018-12-05 09:43:58"
1095,18611,"spFA18UCPOST","dccs",2.05128,2,1.07989,"2018-12-04 10:14:23"
745,18617,"FA18UCpost","dccs",7.76104,5,2.88924,"2018-12-05 10:11:17"
744,18618,"FA18UCpost","dccs",7.88688,5,3.2715,"2018-12-05 10:06:40"
614,18630,"fa18UCp1","dccs",3.97436,4,3.87345,"2018-11-26 09:20:58"
1088,18648,"JRPOF18","dccs",3.25,3,5,"2018-11-26 19:36:07"
926,18652,"FA18UCpost","dccs",7.37043,5,2.62043,"2018-11-26 23:14:51"
743,18661,"FA18UCpost","dccs",7.34752,5,2.73213,"2018-12-05 10:06:22"
742,18690,"FA18UCpost","dccs",7.88036,5,3.26498,"2018-12-05 10:09:43"
