"","accessCode","userID","fastestRT_diff_Easy","fastestRT_diff_Medium","fastestRT_diff_Difficult","highestLevel_diff_Easy","highestLevel_diff_Medium","highestLevel_diff_Difficult","highestLevelTrialCount_diff_Easy","highestLevelTrialCount_diff_Medium","highestLevelTrialCount_diff_Difficult","trialCount_diff_Easy","trialCount_diff_Medium","trialCount_diff_Difficult","nLevels_diff_Easy","nLevels_diff_Medium","nLevels_diff_Difficult","timePlayed_difficulty_Easy","timePlayed_difficulty_Medium","timePlayed_difficulty_Difficult","HITS_diff_Easy","HITS_diff_Medium","HITS_diff_Difficult","Hit_AvgRT_diff_Easy","Hit_AvgRT_diff_Medium","Hit_AvgRT_diff_Difficult","Hit_SDRT_diff_Easy","Hit_SDRT_diff_Medium","Hit_SDRT_diff_Difficult","MISSED_diff_Easy","MISSED_diff_Medium","MISSED_diff_Difficult","Miss_AvgRT_diff_Easy","Miss_AvgRT_diff_Medium","Miss_AvgRT_diff_Difficult","Miss_SDRT_diff_Easy","Miss_SDRT_diff_Medium","Miss_SDRT_diff_Difficult","WRONG_diff_Easy","WRONG_diff_Medium","WRONG_diff_Difficult","Wrong_AvgRT_diff_Easy","Wrong_AvgRT_diff_Medium","Wrong_AvgRT_diff_Difficult","Wrong_SDRT_diff_Easy","Wrong_SDRT_diff_Medium","Wrong_SDRT_diff_Difficult","highestLevelPct_diff_Easy","highestLevelPct_diff_Medium","highestLevelPct_diff_Difficult","percentCorrect_diff_Easy","percentCorrect_diff_Medium","percentCorrect_diff_Difficult","HitRate_diff_Easy","HitRate_diff_Medium","HitRate_diff_Difficult","FARate_diff_Easy","FARate_diff_Medium","FARate_diff_Difficult","DPrime_diff_Easy","DPrime_diff_Medium","DPrime_diff_Difficult"
"1","ATHBF18","16845",0.05,0.101595,NA,"SpaceCakesLevel 0-4-11","SpaceCakesLevel 3-1-0",NA,30,32,NA,1560,932,NA,23,15,NA,"1298126","2419757",NA,1416,772,NA,1.08600761822034,1.22149685246114,NA,0.550060084371788,0.689597750749068,NA,4,0,NA,2.0314815,NA,NA,0.887349406576876,NA,NA,140,160,NA,1.25532543214286,1.18430282875,NA,0.954596880415929,0.782532477627326,NA,2,3,NA,91,83,NA,0.91,0.83,NA,0.09,0.17,NA,2.68151006738043,1.90833050629239,NA
"2","ATHBF18","16848",0.4337,0.0163,0.0356,"SpaceCakesLevel 0-4-0","SpaceCakesLevel 3-3-0","SpaceCakesLevel 4-2-0",90,120,52,1350,1240,372,11,15,6,"1297696","2418441","602685",1316,1156,321,1.07020357218845,1.31037666539792,1.70221800996885,0.496989899582921,0.541881439244258,0.792146264487285,0,0,1,NA,NA,1.2315,NA,NA,NA,34,84,50,1.88878207352941,1.33831285833333,2.169705898,1.29507676641746,0.595768387052566,1.17967090735011,7,10,14,97,93,86,0.97,0.93,0.86,0.03,0.07,0.14,3.7615872163025,2.95158205635834,2.16063868162991
"3","ATHBF18","16851",0.033355,0,NA,"SpaceCakesLevel 0-4-5","SpaceCakesLevel 2-2-3",NA,30,60,NA,944,880,NA,16,15,NA,"693126","603997",NA,782,639,NA,0.923540955485934,0.858735735039124,NA,0.595522851185121,0.676491414968752,NA,4,4,NA,0.5546,0.329785,NA,0.430444216827221,0.394207070247774,NA,158,237,NA,1.3909621443038,0.542887075147679,NA,1.14645856798657,0.552414524633541,NA,3,7,NA,83,73,NA,0.83,0.73,NA,0.17,0.27,NA,1.90833050629239,1.22562598203325,NA
"4","ATHBF18","16854",0.300175,0,NA,"SpaceCakesLevel 0-4-0","SpaceCakesLevel 3-0-0",NA,60,66,NA,990,1155,NA,10,13,NA,"1297863","2419437",NA,958,1034,NA,0.956294765762004,1.38646420754352,NA,0.650494385480881,0.743988836848641,NA,0,4,NA,NA,1.17616355,NA,NA,1.05230092644795,NA,32,117,NA,1.09439113125,1.37299935820513,NA,0.613738006873747,0.937884222863592,NA,6,6,NA,97,90,NA,0.97,0.89,NA,0.03,0.1,NA,3.7615872163025,2.50807968558121,NA
"5","ATHBF18","16857",0.366445,0.05722,0.316665,"SpaceCakesLevel 0-4-0","SpaceCakesLevel 3-3-0","SpaceCakesLevel 4-0-2",90,120,31,900,1289,191,9,16,4,"1297633","2418734","479",858,1154,143,1.34045804184149,1.58973343492201,2.2225099020979,0.854707245885179,0.836827643493149,0.92393744637006,0,2,0,NA,1.70137,NA,NA,2.40610052861471,NA,42,133,48,1.50353925952381,1.88373001428571,1.54658908125,1.00864954188866,1.15906286309565,1.07784541526056,10,9,16,95,90,75,0.95,0.89,0.75,0.05,0.1,0.25,3.28970725390294,2.50807968558121,1.34897950039216
"6","ATHBF18","16860",0.04927,0.01567,NA,"SpaceCakesLevel 0-4-0","SpaceCakesLevel 3-1-0",NA,60,66,NA,1065,766,NA,13,13,NA,"1297410","1814650",NA,1002,637,NA,1.03620166107784,1.24548590064364,NA,0.494667220546803,0.538093122831603,NA,0,10,NA,NA,1.419446,NA,NA,0.840365948751561,NA,63,119,NA,1.34704446349206,1.04213795462185,NA,0.670428512260916,0.578375804117696,NA,6,9,NA,94,83,NA,0.94,0.83,NA,0.06,0.16,NA,3.10954718919371,1.94862313635595,NA
"7","ATHBF18","16863",0,0.016455,NA,"SpaceCakesLevel 0-4-0","SpaceCakesLevel 2-3-1",NA,30,40,NA,1365,660,NA,19,11,NA,"1297817","1814519",NA,1071,480,NA,1.45141723996265,2.21507713479167,NA,1.13432430553416,1.32351475493226,NA,59,74,NA,0.951100262711864,1.07749202837838,NA,1.70810128452633,1.01014900993285,NA,235,106,NA,1.43584040038298,1.96357731132075,NA,1.5367674865233,1.64338409623944,NA,2,6,NA,78,73,NA,0.78,0.73,NA,0.17,0.16,NA,1.72635846733488,1.60727087422638,NA
"8","ATHBF18","16866",0,0.0174,NA,"SpaceCakesLevel 0-4-0","SpaceCakesLevel 3-0-3",NA,60,40,NA,1082,1107,NA,10,17,NA,"1297887","2418818",NA,912,828,NA,1.20823397138158,1.32747107403382,NA,0.705323128528793,0.799528252886817,NA,11,21,NA,1.09241772727273,0.860476266666667,NA,0.67418347986792,0.497827301540228,NA,159,258,NA,1.34779232389937,1.15408422829457,NA,1.07274949257445,0.785368641641664,NA,6,4,NA,84,75,NA,0.84,0.75,NA,0.15,0.23,NA,2.03089127270354,1.4133365993813,NA
"9","ATHBF18","16872",0.01706,0,NA,"SpaceCakesLevel 0-4-0","SpaceCakesLevel 2-3-2",NA,90,40,NA,840,1388,NA,9,25,NA,"1297593","2419128",NA,725,967,NA,2.05052949751724,2.27362589658738,NA,1.37176211754908,1.3946832445246,NA,6,57,NA,2.62575833333333,2.98191605263158,NA,1.57272635806839,1.82860784915074,NA,109,364,NA,2.64384169633028,2.30114242200549,NA,1.77509195211301,1.54611558060606,NA,11,3,NA,86,70,NA,0.86,0.7,NA,0.13,0.26,NA,2.20671046985376,1.16774591810096,NA
"10","ATHBF18","16875",0.383725,0.216605,0,"SpaceCakesLevel 0-4-0","SpaceCakesLevel 3-3-0","SpaceCakesLevel 4-3-0",90,120,27,1170,1249,367,11,14,6,"1297971","2418680","615393",1103,1148,331,1.2276702919311,1.38379902961672,1.72610132960725,0.836001617351376,0.728639251058945,0.750743821695287,0,7,2,NA,1.63047571428571,1.709225,NA,0.567514997565619,0.390322943214974,67,94,34,1.34216236850746,1.56293655638298,1.99075512058824,0.838017473452632,1.19913777915505,0.884031216819525,8,10,7,94,92,90,0.94,0.92,0.9,0.06,0.08,0.09,3.10954718919371,2.81014312061926,2.62230659923482
"11","ATHBF18","16878",0.016675,0,NA,"SpaceCakesLevel 0-4-1","SpaceCakesLevel 3-2-0",NA,30,30,NA,1829,1600,NA,12,21,NA,"1803749","2419488",NA,1738,1387,NA,1.40287671398159,1.82367721939438,NA,0.8045693743327,1.13226382556175,NA,12,2,NA,2.59193541666667,3.8112035,NA,0.798042718038265,0.766620423425113,NA,79,211,NA,2.28514122658228,1.93638720004739,NA,1.36709981492419,1.51736221461523,NA,2,2,NA,95,87,NA,0.95,0.87,NA,0.04,0.13,NA,3.39553969820364,2.2527822580776,NA
"12","ATHBF18","16881",0.09994,0.05007,NA,"SpaceCakesLevel 0-4-0","SpaceCakesLevel 3-1-0",NA,90,40,NA,1134,1320,NA,9,18,NA,"1297783","2418936",NA,1021,1076,NA,1.17098966013712,1.17204177360595,NA,0.57854267340617,0.489897144079459,NA,9,5,NA,0,1.7083372,NA,0,0.873875817223019,NA,104,239,NA,1.49597224240385,1.12079289790795,NA,0.81700399191937,0.607459936276808,NA,8,3,NA,90,82,NA,0.9,0.81,NA,0.09,0.18,NA,2.62230659923482,1.79326138289404,NA
"13","ATHBF18","16884",0,0.21732,0.4886,"SpaceCakesLevel 0-4-0","SpaceCakesLevel 3-3-0","SpaceCakesLevel 4-3-0",60,120,33,620,1309,338,9,19,5,"606806","2418835","1219288",526,1131,276,1.3222579595057,1.60671464553492,2.22204267644928,0.690584659646739,0.730025126273343,1.13306364463914,1,1,6,4.037701,0,0.618445833333333,NA,NA,0.702341328418147,93,177,56,1.3098736011828,1.47868313163842,2.01480697142857,1.14871237000392,0.744093211988667,1.32169952231281,10,9,10,85,86,82,0.85,0.86,0.82,0.15,0.14,0.17,2.07286677898758,2.16063868162991,1.86953034098901
"14","ATHBF18","16887",0.16594,0,NA,"SpaceCakesLevel 0-4-1","SpaceCakesLevel 3-2-1",NA,30,50,NA,1410,1681,NA,12,21,NA,"1297847","2419320",NA,1286,1357,NA,1.27685610443235,1.58203732705969,NA,0.679952321311208,0.763973656927435,NA,12,6,NA,1.84637883333333,1.54622098333333,NA,1.50517233708423,0.726219841335144,NA,112,318,NA,1.69032942232143,1.52622383522013,NA,1.02407773956805,0.864228419841102,NA,2,3,NA,91,81,NA,0.91,0.81,NA,0.08,0.19,NA,2.74582659399985,1.75579259010246,NA
"15","ATHBF18","16890",0.03425,0.100835,NA,"SpaceCakesLevel 0-4-2","SpaceCakesLevel 3-2-0",NA,20,60,NA,888,1246,NA,12,30,NA,"1296712","1803249",NA,772,980,NA,1.39508866023316,1.73924595520408,NA,0.740412777506413,1.0049119932107,NA,20,23,NA,0.799825225,1.15130904782609,NA,0.571191128018375,1.53705328515519,NA,96,243,NA,1.67603354791667,1.83738497777778,NA,1.16424520682346,1.16939752943962,NA,2,5,NA,87,79,NA,0.87,0.79,NA,0.11,0.2,NA,2.35291924907541,1.64804248059115,NA
"16","ATHBF18","16896",0.1324,0.01604,NA,"SpaceCakesLevel 0-3-2","SpaceCakesLevel 2-3-0",NA,30,80,NA,440,959,NA,10,15,NA,"1561","433000",NA,337,612,NA,1.05630283353116,1.66925994591503,NA,0.691548377562141,1.10775879497453,NA,4,71,NA,0.304436275,1.47997684929577,NA,0.307569676857406,1.54292517269509,NA,99,276,NA,1.47305596161616,1.59874103800725,NA,1.18170533431522,1.66788553348808,NA,7,8,NA,77,64,NA,0.77,0.64,NA,0.23,0.29,NA,1.47769369837043,0.911843512806867,NA
"17","ATHBF18","16899",0.150245,0.2346,1.1611,"SpaceCakesLevel 0-4-0","SpaceCakesLevel 3-3-0","SpaceCakesLevel 3-4-0",30,60,23,1050,926,23,17,17,1,"1297738","2419391","65",868,773,18,1.44274344366359,1.91567794398448,2.65395544444444,0.690278284931609,0.861497387686785,0.689260012881353,10,1,0,1.46643497,2.285785,NA,0.973160480657117,NA,NA,172,152,5,1.82483319360465,1.78054724671053,2.25981962,1.08885580419467,0.949506428024686,0.975733575549864,3,6,100,83,83,78,0.83,0.83,0.77,0.16,0.16,0.23,1.94862313635595,1.94862313635595,1.47769369837043
"18","ATHBF18","16902",0.33369,0.034135,NA,"SpaceCakesLevel 0-4-0","SpaceCakesLevel 2-2-1",NA,60,60,NA,360,722,NA,5,10,NA,"604928","605027",NA,327,613,NA,0.936643149847095,1.15257832169657,NA,0.456529897704,0.574622366142766,NA,0,5,NA,NA,0.66086298,NA,NA,0.422801714837348,NA,33,104,NA,1.00764133363636,1.08605790769231,NA,0.608365475238682,0.611601858317166,NA,17,8,NA,91,85,NA,0.91,0.85,NA,0.09,0.14,NA,2.68151006738043,2.11675273030875,NA
"19","ATHBF18","16908",0.34935,0.08289,0.434675,"SpaceCakesLevel 0-4-0","SpaceCakesLevel 3-3-0","SpaceCakesLevel 4-3-0",30,120,60,180,1252,400,5,26,6,"445","1813047","431624",171,1066,334,0.968276115204678,1.48898238433396,1.62734387095808,0.545521628281641,0.688166030654035,0.708125818774989,0,0,0,NA,NA,NA,NA,NA,NA,9,186,66,1.63647278888889,1.31443594198925,1.72843270454545,1.25995190113036,0.755879359746246,0.943659174994409,17,10,15,95,85,84,0.95,0.85,0.83,0.05,0.15,0.17,3.28970725390294,2.07286677898758,1.90833050629239
"20","ATHF18","16770",0,0,NA,"SpaceCakesLevel 0-4-0","SpaceCakesLevel 2-1-0",NA,30,40,NA,500,760,NA,6,14,NA,"1297003","2420366",NA,395,470,NA,1.48411977232911,0.915125408085106,NA,1.32399282822373,0.815955213949747,NA,19,62,NA,0.716521221052632,0.328497716290323,NA,0.863625660268212,0.588897179364792,NA,86,228,NA,1.03196364395349,0.625887377280702,NA,1.56930285248834,0.892685317935069,NA,6,5,NA,79,62,NA,0.79,0.62,NA,0.17,0.3,NA,1.76058650016443,0.829881300807438,NA
"21","ATHF18","16773",0.033255,0,NA,"SpaceCakesLevel 0-4-1","SpaceCakesLevel 2-1-0",NA,30,40,NA,704,678,NA,9,15,NA,"1297888","2420421",NA,604,423,NA,1.11736393561258,1.26136317520095,NA,0.636707944949959,0.887307593383141,NA,3,115,NA,3.64286966666667,0.531419343478261,NA,0.402280995984565,1.0233218373507,NA,97,140,NA,1.40340334536082,1.12746965,NA,1.11213892580651,0.930776517403472,NA,4,6,NA,86,62,NA,0.86,0.62,NA,0.14,0.21,NA,2.16063868162991,1.11190203511764,NA
"22","ATHF18","16776",0.0337,0.08246501,0,"SpaceCakesLevel 0-4-0","SpaceCakesLevel 3-3-0","SpaceCakesLevel 4-3-0",120,60,40,1380,1511,420,9,15,6,"1297947","1987707","432711",1345,1403,367,1.03915608319703,1.50049555282252,2.11684717683924,0.520268840044782,0.712079639044365,0.953652718031075,0,2,4,NA,1.1928325,2.84789025,NA,0.365330254033936,0.48149195401057,35,106,49,1.37437260857143,1.55656704811321,1.53854287755102,0.895694937523767,0.831603179616483,1.66696736162665,9,4,10,97,93,87,0.97,0.93,0.87,0.03,0.07,0.12,3.7615872163025,2.95158205635834,2.30137792110489
"23","ATHF18","16779",0,0,NA,"SpaceCakesLevel 0-4-0","SpaceCakesLevel 2-4-1",NA,60,20,NA,499,570,NA,6,9,NA,"1296368","2420010",NA,471,470,NA,1.26724086919321,1.53099879957447,NA,0.615202297627237,0.777128072689169,NA,0,6,NA,NA,0.8565934,NA,NA,0.133783398970694,NA,28,94,NA,1.55173539285714,1.3499855637234,NA,1.78881045079989,1.30392625229759,NA,12,4,NA,94,82,NA,0.94,0.82,NA,0.06,0.17,NA,3.10954718919371,1.86953034098901,NA
"24","ATHF18","16782",0,0,NA,"SpaceCakesLevel 0-4-2","SpaceCakesLevel 2-3-2",NA,30,60,NA,610,820,NA,9,15,NA,"1296134","2419339",NA,513,523,NA,1.40036826764133,1.48326323810707,NA,0.889216288979938,0.844846798145212,NA,4,85,NA,0,1.71122597941176,NA,0,1.56035826025294,NA,93,212,NA,1.39414284827957,1.2659911320283,NA,1.02150896953761,0.996954241467879,NA,5,7,NA,84,64,NA,0.84,0.64,NA,0.15,0.26,NA,2.03089127270354,1.00180419864411,NA
"25","ATHF18","16785",0.4339,0.033055,NA,"SpaceCakesLevel 0-4-2","SpaceCakesLevel 3-3-0",NA,30,30,NA,750,1429,NA,8,18,NA,"1297853","2420483",NA,696,1227,NA,1.36693319324713,1.51080561662592,NA,0.777802004207472,0.69721074562032,NA,2,0,NA,2.76137,NA,NA,2.44216297445523,NA,NA,52,202,NA,1.58610430192308,1.55038790792079,NA,0.80299256975477,0.882785084693776,NA,4,2,NA,93,86,NA,0.93,0.86,NA,0.07,0.14,NA,2.95158205635834,2.16063868162991,NA
"26","ATHF18","16791",0,0,NA,"SpaceCakesLevel 0-4-0","SpaceCakesLevel 2-4-0",NA,60,38,NA,1087,1237,NA,17,19,NA,"1297868","2420500",NA,835,785,NA,1.12381899137725,1.35328513901911,NA,0.827655659940013,1.05433858161694,NA,49,125,NA,1.53079627346939,0.6368257664,NA,1.79819911300685,1.00154074893998,NA,203,327,NA,1.20513036753695,1.11749984584098,NA,1.29489524371674,1.10528864223028,NA,6,3,NA,77,63,NA,0.77,0.63,NA,0.19,0.26,NA,1.61674314423644,0.975198751829733,NA
"27","ATHF18","16797",0.0166,0,NA,"SpaceCakesLevel 0-4-1","SpaceCakesLevel 2-2-0",NA,30,16,NA,661,568,NA,12,15,NA,"692250","1814833",NA,516,390,NA,1.36469729728682,1.75620361102564,NA,0.957935348340333,1.04953575698789,NA,21,21,NA,0.916785271428571,1.24634576190476,NA,1.10944885402828,0.925477356497522,NA,124,157,NA,1.42697840806452,1.80975347,NA,1.18709482708905,1.78167316888703,NA,5,3,NA,78,69,NA,0.78,0.69,NA,0.19,0.28,NA,1.65008950923991,1.07869185461867,NA
"28","ATHF18","16800",0,0,NA,"SpaceCakesLevel 0-4-0","SpaceCakesLevel 2-2-1",NA,90,39,NA,841,649,NA,9,13,NA,"1297658","1814555",NA,712,396,NA,1.24623171516854,1.22201989419192,NA,0.751565885684058,0.9898339277817,NA,8,27,NA,1.2073875,0.379281525925926,NA,0.652753017036306,0.352725645848778,NA,121,226,NA,1.41642288173554,0.90122570079646,NA,1.31168163116227,0.981494208959477,NA,11,6,NA,85,61,NA,0.85,0.61,NA,0.14,0.35,NA,2.11675273030875,0.664639500855022,NA
"29","ATHF18","16803",0.0336,0,NA,"SpaceCakesLevel 0-4-0","SpaceCakesLevel 3-0-0",NA,129,40,NA,846,1428,NA,6,17,NA,"1297018","2419435",NA,771,1235,NA,1.52597606225681,1.32735412233198,NA,1.15749278110044,0.749975303184099,NA,2,3,NA,0.7263425,0.279033333333333,NA,0.789650891288359,0.483299910338636,NA,73,190,NA,1.66052921219178,1.22192387478947,NA,1.17839459255954,1.05501999383301,NA,15,3,NA,91,86,NA,0.91,0.86,NA,0.09,0.13,NA,2.68151006738043,2.20671046985376,NA
"30","ATHF18","16806",0.06692,0.017,NA,"SpaceCakesLevel 0-4-0","SpaceCakesLevel 2-3-0",NA,60,60,NA,419,650,NA,5,10,NA,"1297601","2419450",NA,396,487,NA,0.90759475479798,1.19025025092402,NA,0.400705201939072,0.66767291624151,NA,0,1,NA,NA,0,NA,NA,NA,NA,23,162,NA,0.927930726086956,1.02672828950617,NA,0.374646856115495,0.655572855196909,NA,14,9,NA,95,75,NA,0.94,0.75,NA,0.06,0.25,NA,3.10954718919371,1.34897950039216,NA
"31","ATHF18","16809",0.351065,0.04998,NA,"SpaceCakesLevel 0-4-2","SpaceCakesLevel 2-4-0",NA,25,80,NA,474,800,NA,7,16,NA,"1296772","2419597",NA,417,602,NA,1.11976806211031,1.41260525365449,NA,0.55146722696319,0.727834573155458,NA,0,0,NA,NA,NA,NA,NA,NA,NA,57,198,NA,1.16911525614035,1.18987096313131,NA,0.585280919555903,0.713462225214866,NA,5,10,NA,88,75,NA,0.88,0.75,NA,0.12,0.25,NA,2.34997358413218,1.34897950039216,NA
"32","ATHF18","16812",0,0,NA,"SpaceCakesLevel 0-4-3","SpaceCakesLevel 3-0-7",NA,30,40,NA,1589,1846,NA,17,27,NA,"1297868","2419373",NA,1306,1268,NA,0.989682029862175,1.0534489737776,NA,0.510744615703009,0.672130778917484,NA,4,9,NA,0.52976005,1.45308444444444,NA,0.36005852134017,1.02037796476185,NA,279,569,NA,1.04893923437276,0.855824651880492,NA,0.755824646616035,0.784657038091704,NA,2,2,NA,82,69,NA,0.82,0.69,NA,0.18,0.31,NA,1.83073017568563,0.991700694694906,NA
"33","ATHF18","16815",0.0332,0.01684,NA,"SpaceCakesLevel 0-4-1","SpaceCakesLevel 2-0-4",NA,30,40,NA,859,629,NA,10,13,NA,"606429","1829050",NA,714,452,NA,1.07038615602241,1.11912314159292,NA,0.626325558420631,0.813616089725461,NA,7,26,NA,0.0905764285714286,1.25850151538462,NA,0.239642704644405,0.369583241509479,NA,138,151,NA,1.15683378913043,1.10044971854305,NA,0.843302738590135,0.934438548340651,NA,3,6,NA,83,72,NA,0.83,0.72,NA,0.16,0.24,NA,1.94862313635595,1.2891440701113,NA
"34","ATHF18","16818",0,0,NA,"SpaceCakesLevel 0-4-0","SpaceCakesLevel 3-3-0",NA,90,30,NA,780,1860,NA,8,24,NA,"1297751","2419406",NA,720,1608,NA,1.08304836361111,1.45606442065299,NA,0.630480601711375,0.74585962557129,NA,0,0,NA,NA,NA,NA,NA,NA,NA,60,252,NA,1.3980319,1.61646228968254,NA,0.82263271663841,0.823921333404732,NA,12,2,NA,92,86,NA,0.92,0.86,NA,0.08,0.14,NA,2.81014312061926,2.16063868162991,NA
"35","ATHF18","16821",0,0,NA,"SpaceCakesLevel 0-4-2","SpaceCakesLevel 2-0-6",NA,30,40,NA,831,410,NA,12,9,NA,"1296747","2418646",NA,669,190,NA,1.04645774887892,0.775707196421053,NA,0.628952638428844,1.06156858220909,NA,18,50,NA,0.613654455555556,0.660162366,NA,0.499281366725198,0.631182670693162,NA,144,170,NA,1.22925226944444,0.753857961705882,NA,0.979079146662051,0.874411655755851,NA,4,10,NA,81,46,NA,0.8,0.46,NA,0.17,0.41,NA,1.79578648671911,0.12711125612968,NA
"36","ATHF18","16824",0.349985,0,NA,"SpaceCakesLevel 0-4-0","SpaceCakesLevel 3-0-5",NA,90,36,NA,630,1275,NA,7,21,NA,"606567","2419520",NA,540,983,NA,1.46811531222222,1.36623021282808,NA,0.949058478975384,0.801400678141215,NA,8,45,NA,0.1188775,1.01848057777778,NA,0.336236345522015,1.18612729650722,NA,82,247,NA,1.95544700853659,1.14845695222672,NA,1.32592382610999,1.12074805482018,NA,14,3,NA,86,77,NA,0.86,0.77,NA,0.13,0.19,NA,2.20671046985376,1.61674314423644,NA
"37","ATHF18","16827",0,0.016935,NA,"SpaceCakesLevel 0-4-3","SpaceCakesLevel 2-0-13",NA,30,40,NA,1805,590,NA,22,15,NA,"1297896","1816861",NA,1308,323,NA,1.59593703301988,1.96328941551084,NA,1.05072752720653,1.38452199800397,NA,97,95,NA,1.57252195257732,1.30787576,NA,1.51334770565015,1.47798760208128,NA,400,172,NA,1.9319534155,1.53916458017442,NA,1.29898270040751,1.26461524083251,NA,2,7,NA,72,55,NA,0.72,0.55,NA,0.22,0.29,NA,1.3550347214599,0.679046066410747,NA
"38","ATHF18","16830",0,0,NA,"SpaceCakesLevel 0-4-0","SpaceCakesLevel 2-1-4",NA,90,40,NA,735,810,NA,7,16,NA,"606705","2419545",NA,663,582,NA,1.0386347561086,1.17435634591065,NA,0.637367939030558,1.03808383636701,NA,0,17,NA,NA,1.39289317647059,NA,NA,1.58902930039369,NA,72,211,NA,0.923907579027778,1.26535032317536,NA,0.673191763380686,2.03792493908597,NA,12,5,NA,90,72,NA,0.9,0.72,NA,0.1,0.26,NA,2.5631031310892,1.22618691266413,NA
"39","ATHF18","16833",0,0.30082,0.6674401,"SpaceCakesLevel 0-4-0","SpaceCakesLevel 3-3-0","SpaceCakesLevel 4-0-0",60,120,40,743,1269,120,12,19,2,"606673","2419079","355",490,1058,92,1.66963289428571,1.90576550680529,2.48861079347826,0.959162002091006,1.00681808499781,1.26553101327615,6,1,0,1.0710125,2.219051,NA,0.892781833057494,NA,NA,247,210,28,2.10990666518219,2.0281102847619,2.80598053214286,1.43630475922933,1.04901299039043,1.54913491012883,8,9,33,66,83,77,0.66,0.83,0.76,0.33,0.17,0.24,0.852376295114639,1.90833050629239,1.41260512568018
"40","ATHF18","16836",0.316995,0.016125,0.500615,"SpaceCakesLevel 0-4-1","SpaceCakesLevel 3-3-0","SpaceCakesLevel 4-3-0",30,120,19,755,1826,359,8,27,6,"1297832","2418742","602665",699,1578,294,0.910588168526466,1.11313622636882,1.55324369285714,0.447126780193521,0.519601374441394,0.701637939725946,1,0,1,0.9346451,NA,3.415745,NA,NA,NA,55,248,64,1.29171029818182,1.10435557701613,1.6246566984375,0.852034747404274,0.50386617057783,0.766161960480077,4,7,5,93,86,82,0.93,0.86,0.82,0.07,0.14,0.18,2.95158205635834,2.16063868162991,1.83073017568563
"41","ATHF18","16839",0.38324,0.35118,NA,"SpaceCakesLevel 0-4-3","SpaceCakesLevel 2-4-0",NA,60,57,NA,982,666,NA,9,11,NA,"1297444","1814615",NA,827,486,NA,1.29751233422007,2.93765728333333,NA,0.752155246391973,1.4792036223892,NA,0,23,NA,NA,4.35356086956522,NA,NA,1.53288044448234,NA,155,157,NA,1.3151861083871,2.58028296242038,NA,0.765307858296115,1.37916094602844,NA,6,9,NA,84,73,NA,0.84,0.73,NA,0.16,0.24,NA,1.98891576641951,1.31911555385671,NA
"42","ATHF18","16842",0,0,NA,"SpaceCakesLevel 0-4-0","SpaceCakesLevel 2-4-1",NA,60,11,NA,450,1069,NA,7,19,NA,"605549","2418367",NA,364,755,NA,1.11893815766484,1.19874231866225,NA,0.841179243694727,0.825453760128402,NA,5,40,NA,0.47061,1.7047218775,NA,0.442091357972823,1.46179299100831,NA,81,274,NA,1.02463748765432,1.01328827364964,NA,1.19998320011634,0.855893555581581,NA,13,1,NA,81,71,NA,0.81,0.71,NA,0.18,0.26,NA,1.79326138289404,1.19673012494859,NA
"43","ATM1F18","16921",0.04999,0,NA,"SpaceCakesLevel 0-4-0","SpaceCakesLevel 2-4-0",NA,10,99,NA,190,936,NA,6,10,NA,"533","1210833",NA,165,656,NA,1.18361262424242,1.25018642530488,NA,0.640204854264435,0.736682952033852,NA,0,53,NA,NA,0.689413105660377,NA,NA,0.459943694311932,NA,25,227,NA,1.250786092,0.987960416784141,NA,1.04721988062744,0.736452816181553,NA,5,11,NA,87,70,NA,0.87,0.7,NA,0.13,0.24,NA,2.2527822580776,1.23070307554813,NA
"44","ATM1F18","16924",0.367785,0.01277,NA,"SpaceCakesLevel 0-4-0","SpaceCakesLevel 2-3-1",NA,30,20,NA,180,561,NA,5,8,NA,"486","2419451",NA,165,453,NA,1.23512120121212,1.47071024192053,NA,0.688595583725157,0.689099105085705,NA,0,3,NA,NA,1.01232496666667,NA,NA,0.127719773970217,NA,15,105,NA,2.08108208,1.37924008666667,NA,0.996179064224405,0.802541931916024,NA,17,4,NA,92,81,NA,0.91,0.81,NA,0.09,0.19,NA,2.68151006738043,1.75579259010246,NA
"45","ATM1F18","16927",0.0658,0,NA,"SpaceCakesLevel 0-2-1","SpaceCakesLevel 2-2-2",NA,49,46,NA,199,843,NA,5,10,NA,"815","1210917",NA,170,504,NA,1.05285528764706,1.58547856704365,NA,0.523541554089534,1.18381158262519,NA,0,99,NA,NA,0.750190305050505,NA,NA,0.826181614841501,NA,29,240,NA,1.19356209655172,1.13629972420833,NA,0.792832331694359,1.55714058208554,NA,25,5,NA,85,60,NA,0.85,0.6,NA,0.15,0.28,NA,2.07286677898758,0.836188610407016,NA
"46","ATM1F18","16930",0.165885,0.017,NA,"SpaceCakesLevel 0-4-0","SpaceCakesLevel 3-2-0",NA,60,30,NA,457,829,NA,5,14,NA,"605657","2419768",NA,421,692,NA,1.14198988574822,1.43980763395954,NA,0.583270902476284,0.639394968273849,NA,1,0,NA,0,NA,NA,NA,NA,NA,35,137,NA,1.76121571428571,1.49416491167883,NA,1.37339625525097,0.665545404374068,NA,13,4,NA,92,83,NA,0.92,0.83,NA,0.08,0.17,NA,2.81014312061926,1.90833050629239,NA
"47","ATM1F18","16933",0.1997,0.316965,NA,"SpaceCakesLevel 0-4-1","SpaceCakesLevel 3-3-0",NA,30,49,NA,494,1446,NA,7,23,NA,"605590","3024271",NA,439,1144,NA,1.11737245854214,1.19806703645105,NA,0.643521577660597,0.52062475049016,NA,0,4,NA,NA,1.29305375,NA,NA,0.402981050885667,NA,55,298,NA,1.24668550909091,1.11971181241611,NA,0.823694060930469,0.702492712757217,NA,6,3,NA,89,79,NA,0.89,0.79,NA,0.11,0.21,NA,2.45305624007322,1.61284249403648,NA
"48","ATM1F18","16936",0.25038,0.1169,NA,"SpaceCakesLevel 0-4-0","SpaceCakesLevel 3-2-0",NA,30,30,NA,180,920,NA,5,12,NA,"548","2419322",NA,165,717,NA,1.14679090363636,1.44388631799163,NA,0.56793154834546,0.645134621228991,NA,0,17,NA,NA,1.07898823529412,NA,NA,0.342420833701662,NA,15,186,NA,0.90200796,1.42634242747312,NA,0.385472701749764,0.906438204383087,NA,17,3,NA,92,78,NA,0.91,0.78,NA,0.09,0.2,NA,2.68151006738043,1.6138144477616,NA
"49","ATM1F18","16939",0.149615,0.350815,NA,"SpaceCakesLevel 0-3-1","SpaceCakesLevel 2-3-0",NA,20,40,NA,200,339,NA,6,8,NA,"661","1009",NA,157,255,NA,1.4978643477707,1.42690454862745,NA,0.943592759127616,0.486832072176389,NA,0,0,NA,NA,NA,NA,NA,NA,NA,43,84,NA,2.54588769302326,1.13781695952381,NA,1.24357839386749,0.500948235368682,NA,10,12,NA,78,75,NA,0.78,0.75,NA,0.22,0.25,NA,1.54438642837737,1.34897950039216,NA
"50","ATM1F18","16945",0.11721,0,NA,"SpaceCakesLevel 0-4-1","SpaceCakesLevel 2-1-14",NA,30,3,NA,498,1798,NA,8,34,NA,"605508","2419451",NA,409,1015,NA,1.45031312469438,1.63199794716256,NA,0.886753743109261,1.51650150915644,NA,0,223,NA,NA,1.68304103318386,NA,NA,1.6521814660154,NA,89,560,NA,1.55001383595506,1.46725017226786,NA,1.04977267669228,1.59109446036174,NA,6,0,NA,82,56,NA,0.82,0.56,NA,0.18,0.31,NA,1.83073017568563,0.646819562844231,NA
"51","ATM1F18","16948",0.3659999,0,NA,"SpaceCakesLevel 0-4-0","SpaceCakesLevel 3-2-0",NA,60,50,NA,593,934,NA,5,14,NA,"1209700","3024502",NA,577,838,NA,0.962355671057192,1.5874985575179,NA,0.507869024161314,0.892920886255425,NA,0,0,NA,NA,NA,NA,NA,NA,NA,16,96,NA,1.6270206,2.23344109479167,NA,1.54492122981672,1.31297598113321,NA,10,5,NA,97,90,NA,0.97,0.9,NA,0.03,0.1,NA,3.7615872163025,2.5631031310892,NA
"52","ATM1F18","16951",0.016985,0.017,NA,"SpaceCakesLevel 0-4-0","SpaceCakesLevel 2-3-1",NA,30,37,NA,520,730,NA,8,10,NA,"605698","2419342",NA,421,556,NA,1.20337760570071,1.44649185269784,NA,0.651053603595391,0.763538153165994,NA,0,11,NA,NA,1.41715877272727,NA,NA,1.16334905139006,NA,99,163,NA,1.18075689090909,1.15261960319018,NA,0.608603390935128,0.859839223563291,NA,6,5,NA,81,76,NA,0.81,0.76,NA,0.19,0.22,NA,1.75579259010246,1.47849577702877,NA
"53","ATM1F18","16954",0.367855,0,NA,"SpaceCakesLevel 0-4-0","SpaceCakesLevel 3-0-1",NA,30,40,NA,180,537,NA,5,10,NA,"575","2419513",NA,174,414,NA,1.16174522528736,1.54283299514493,NA,0.53502182293839,0.770609260294845,NA,0,24,NA,NA,0.2154789625,NA,NA,0.509130003441257,NA,6,99,NA,0.9538825,1.26182647666667,NA,0.691234271243479,1.06465009532869,NA,17,7,NA,97,77,NA,0.96,0.77,NA,0.04,0.18,NA,3.50137214250434,1.65421193702803,NA
"54","ATM1F18","16957",0.316565,0.55067,NA,"SpaceCakesLevel 0-4-0","SpaceCakesLevel 3-2-0",NA,30,70,NA,230,846,NA,5,12,NA,"1078","2419722",NA,221,755,NA,1.21801885656109,1.81168464701987,NA,0.550658415591916,0.813588643730086,NA,0,0,NA,NA,NA,NA,NA,NA,NA,9,91,NA,1.81317388888889,2.04612351318681,NA,1.00660401288819,0.983939323885602,NA,13,8,NA,96,89,NA,0.96,0.89,NA,0.04,0.11,NA,3.50137214250434,2.45305624007322,NA
"55","ATM1F18","16960",NA,0.6342001,NA,NA,"SpaceCakesLevel 2-2-0",NA,NA,6,NA,NA,161,NA,NA,5,NA,NA,"430",NA,NA,124,NA,NA,2.23174821048387,NA,NA,1.10044889779756,NA,NA,3,NA,NA,1.60753366666667,NA,NA,0.533841493704202,NA,NA,34,NA,NA,2.1239528,NA,NA,1.02167225640667,NA,NA,4,NA,NA,77,NA,NA,0.77,NA,NA,0.21,NA,NA,1.54526809620345,NA
"56","ATM1F18","16983",0,0,NA,"SpaceCakesLevel 0-3-3","SpaceCakesLevel 2-2-4",NA,44,2,NA,981,977,NA,16,14,NA,"606379","1210991",NA,625,559,NA,0.819580220992,1.52661603808587,NA,0.768298065544718,1.31625408581416,NA,16,53,NA,0.33152345,1.12367253018868,NA,0.718286682786133,1.47385255385969,NA,340,365,NA,0.694839907588235,1.36460207775342,NA,1.06944156357656,1.37584892279144,NA,4,0,NA,64,57,NA,0.64,0.57,NA,0.35,0.37,NA,0.743779259658761,0.508227511217678,NA
"57","ATM1F18","16989",0,0,NA,"SpaceCakesLevel 0-4-0","SpaceCakesLevel 2-1-0",NA,97,40,NA,487,774,NA,7,14,NA,"606344","1815442",NA,388,462,NA,1.07958361185567,1.14187186883117,NA,0.680978074725516,0.659605972256469,NA,57,178,NA,0.353256157894737,0.163218794382022,NA,0.468825813728883,0.400520969600479,NA,42,134,NA,1.58273546428571,1.09263191186567,NA,1.47928396533126,0.822126197005601,NA,20,5,NA,80,60,NA,0.8,0.6,NA,0.09,0.17,NA,2.18237626726313,1.20751235628199,NA
"58","ATM1F18","16992",0.01672,0,0.33376,"SpaceCakesLevel 0-4-1","SpaceCakesLevel 3-3-0","SpaceCakesLevel 4-0-1",30,60,18,390,1140,138,7,18,3,"1472","2419547","456",316,898,109,1.03820629208861,1.25340755155902,1.47479678073395,0.559399289990504,0.441331060598788,0.568738814348316,0,2,0,NA,0.95119505,NA,NA,0.330155156493133,NA,74,240,29,1.04775039189189,1.14693140958333,1.37119538965517,0.569857471303023,0.570818308765227,0.69477046450921,8,5,13,81,79,79,0.81,0.79,0.79,0.19,0.21,0.21,1.75579259010246,1.61284249403648,1.61284249403648
"59","ATM1F18","16995",0,0,NA,"SpaceCakesLevel 0-4-1","SpaceCakesLevel 2-4-0",NA,30,100,NA,720,797,NA,11,13,NA,"606383","3024053",NA,609,596,NA,1.31596731279146,1.26215392265101,NA,0.916051026550104,0.700973212507463,NA,4,20,NA,1.226469,0.496414995,NA,1.41940255961114,0.451974055514194,NA,107,181,NA,1.6570442288785,1.01741562966851,NA,1.63828532536461,0.678515532972374,NA,4,13,NA,85,75,NA,0.85,0.75,NA,0.15,0.23,NA,2.07286677898758,1.4133365993813,NA
"60","ATM1F18","16998",0,0.30031,0.9677749,"SpaceCakesLevel 0-4-1","SpaceCakesLevel 3-3-0","SpaceCakesLevel 3-4-0",60,60,60,742,1347,60,8,17,1,"606119","3024338","294",612,1140,55,1.62340824083333,2.13036991587719,2.49426463454545,1.06137395695571,1.01716662975718,0.971139259786104,1,1,0,0,2.03561,NA,NA,NA,NA,129,206,5,1.90011657054264,2.24750783592233,2.5061308,1.25960254958945,1.19769102396289,1.24637021945757,8,4,100,82,85,92,0.82,0.85,0.91,0.17,0.15,0.09,1.86953034098901,2.07286677898758,2.68151006738043
"61","ATM1F18","17007",0.48442,0,NA,"SpaceCakesLevel 0-4-0","SpaceCakesLevel 2-4-2",NA,60,10,NA,210,1467,NA,5,16,NA,"604951","3024112",NA,201,1102,NA,1.14813167164179,1.23134112838476,NA,0.515019997532634,0.862738100259848,NA,0,45,NA,NA,1.50247664888889,NA,NA,1.08786563453686,NA,9,320,NA,1.57153734444444,1.0392821575,NA,0.792299121597041,1.02997847335212,NA,29,1,NA,96,75,NA,0.95,0.75,NA,0.05,0.22,NA,3.28970725390294,1.44668296438477,NA
"62","ATM1F18","17010",0,0,NA,"SpaceCakesLevel 0-4-0","SpaceCakesLevel 2-2-0",NA,30,40,NA,430,794,NA,8,11,NA,"1210456","2419200",NA,322,536,NA,1.07680773136646,1.43791549384328,NA,0.715893784503284,0.875021486524913,NA,15,18,NA,1.22114227333333,1.55584545555556,NA,1.02522532263051,1.10510760135263,NA,93,240,NA,1.33418328924731,1.11256438341667,NA,1.21653855460144,0.867936925939931,NA,7,5,NA,75,68,NA,0.75,0.67,NA,0.22,0.3,NA,1.44668296438477,0.964313678381275,NA
"63","ATM1F18","17013",0.400745,0,NA,"SpaceCakesLevel 0-4-0","SpaceCakesLevel 3-0-0",NA,30,40,NA,220,714,NA,5,8,NA,"1064","3024058",NA,215,583,NA,1.11160990232558,1.34155552435678,NA,0.585012548773499,0.646803986244392,NA,0,14,NA,NA,0,NA,NA,0,NA,5,117,NA,1.238053,1.19653795649573,NA,0.772343831274323,1.14700560741181,NA,14,6,NA,98,82,NA,0.98,0.82,NA,0.02,0.16,NA,4.10749782126364,1.90982297105257,NA
"64","ATM1F18","17016",0.43306,0.417185,NA,"SpaceCakesLevel 0-4-0","SpaceCakesLevel 3-0-0",NA,20,7,NA,200,822,NA,6,10,NA,"648","1210939",NA,176,684,NA,1.78070465625,1.76887520307018,NA,1.21506181283942,0.849212586638519,NA,0,0,NA,NA,NA,NA,NA,NA,NA,24,138,NA,2.63340374583333,1.73050159637681,NA,1.28426562678216,0.941339232480746,NA,10,1,NA,88,83,NA,0.88,0.83,NA,0.12,0.17,NA,2.34997358413218,1.90833050629239,NA
"65","ATM1F18","17019",0.5172251,0.13353,NA,"SpaceCakesLevel 0-4-0","SpaceCakesLevel 2-4-0",NA,30,99,NA,339,465,NA,5,8,NA,"605693","3023979",NA,319,372,NA,1.17516502068966,1.44842207822581,NA,0.529779862054036,0.59527603049567,NA,0,0,NA,NA,NA,NA,NA,NA,NA,20,93,NA,1.474255255,1.19771886129032,NA,0.877569259921997,0.571764567207952,NA,9,21,NA,94,80,NA,0.94,0.8,NA,0.06,0.2,NA,3.10954718919371,1.68324246714583,NA
"66","ATM1F18","17022",0.16683,0.08375001,NA,"SpaceCakesLevel 0-4-0","SpaceCakesLevel 3-3-0",NA,30,98,NA,240,1066,NA,6,14,NA,"833","3024054",NA,212,861,NA,1.28836411320755,1.73957423206736,NA,0.599629643255094,0.778991790400434,NA,0,10,NA,NA,1.82023101,NA,NA,0.832601993581354,NA,28,195,NA,0.694787139285714,1.76225509846154,NA,0.418008879902976,1.02416457593587,NA,12,9,NA,88,81,NA,0.88,0.81,NA,0.12,0.18,NA,2.34997358413218,1.79326138289404,NA
"67","ATM1F18","17025",0.106455,0,NA,"SpaceCakesLevel 0-4-0","SpaceCakesLevel 2-3-1",NA,90,20,NA,410,896,NA,5,14,NA,"1210136","3628821",NA,376,689,NA,1.86657460132979,1.34237354991292,NA,0.719449091557178,0.700332892621825,NA,0,48,NA,NA,1.9188708625,NA,NA,1.10381321804052,NA,34,159,NA,2.20600832941176,1.01815526603774,NA,1.01086567586641,0.911343697402757,NA,22,2,NA,92,77,NA,0.92,0.77,NA,0.08,0.18,NA,2.81014312061926,1.65421193702803,NA
"68","ATM1F18","17028",0.31731,0.383615,0.460635,"SpaceCakesLevel 0-4-0","SpaceCakesLevel 3-3-0","SpaceCakesLevel 5-0-0",60,120,25,360,784,473,5,14,7,"605384","3023318","1209779",336,712,430,0.941243065178571,1.21368762935393,1.58038722674419,0.440191312788726,0.429473119758007,0.483841073323826,0,0,1,NA,NA,1.81134,NA,NA,NA,24,72,42,1.43895191666667,1.15080799722222,1.67354009761905,0.767733046516166,0.492783198690969,0.626645282024237,17,15,5,93,91,91,0.93,0.91,0.91,0.07,0.09,0.09,2.95158205635834,2.68151006738043,2.68151006738043
"69","ATM1F18","17031",0.46763,0,NA,"SpaceCakesLevel 0-4-0","SpaceCakesLevel 3-3-0",NA,30,60,NA,180,1252,NA,5,20,NA,"491","3024039",NA,172,1019,NA,1.11403108662791,1.46229813660451,NA,0.584159076698544,0.706933428629113,NA,0,7,NA,NA,0,NA,NA,0,NA,8,226,NA,1.324346275,1.33863448495575,NA,0.518772978368192,0.768641392483608,NA,17,5,NA,96,81,NA,0.95,0.81,NA,0.05,0.18,NA,3.28970725390294,1.79326138289404,NA
"70","ATM1F18","17035",0.4001,0.11624,0.050125,"SpaceCakesLevel 0-4-0","SpaceCakesLevel 3-3-0","SpaceCakesLevel 4-1-0",60,60,40,360,1037,218,5,19,3,"606184","2418999","605222",330,846,170,1.0527383769697,1.42768641749409,1.37090513117647,0.572488792639644,0.697212718363462,0.64730024249371,0,2,0,NA,1.026145,NA,NA,1.45118817596134,NA,30,189,48,1.17238988333333,1.46711161746032,1.08248918541667,0.908683831584011,0.902785246136555,0.601882080278565,17,6,18,92,82,78,0.92,0.82,0.78,0.08,0.18,0.22,2.81014312061926,1.83073017568563,1.54438642837737
"71","ATM1F18","17038",0.34938,0.0338,0,"SpaceCakesLevel 0-4-0","SpaceCakesLevel 3-3-2","SpaceCakesLevel 4-2-0",120,60,59,600,1412,772,5,18,13,"605870","3628095","1209823",576,1203,502,1.05422963038194,1.23081228179551,1.27185722193227,0.566059787532923,0.712827939920649,0.981155874692287,0,6,9,NA,1.2083,0.719807221111111,NA,0.699689199573639,0.706676302681725,24,203,261,1.36885000416667,1.19526061137931,1.03290758114943,1.22527797973157,0.882403535976306,1.05480588860718,20,4,8,96,85,65,0.96,0.85,0.65,0.04,0.14,0.34,3.50137214250434,2.11675273030875,0.797783595848972
"72","ATM1F18","17041",0.215785,0,NA,"SpaceCakesLevel 0-4-0","SpaceCakesLevel 2-4-0",NA,59,60,NA,494,537,NA,5,10,NA,"605968","1210981",NA,442,406,NA,1.12224354230769,1.62145413842365,NA,0.587479677922233,0.936294567851852,NA,0,7,NA,NA,2.77931571428571,NA,NA,0.811221026763096,NA,52,124,NA,1.28559705384615,1.59333890322581,NA,0.6686019237957,1.06810706502373,NA,12,11,NA,89,76,NA,0.89,0.76,NA,0.11,0.23,NA,2.45305624007322,1.4451494120253,NA
"73","ATM1F18","17044",0,0.30038,NA,"SpaceCakesLevel 0-4-0","SpaceCakesLevel 3-0-2",NA,90,40,NA,734,1344,NA,5,19,NA,"606030","3024441",NA,686,1018,NA,1.65219699635569,2.17418407033399,NA,0.946641917922012,1.25060118308216,NA,6,25,NA,1.42098416666667,3.138732084,NA,1.49942444946525,2.02820589192965,NA,42,301,NA,1.79198188357143,2.06469297475083,NA,1.21567610101025,1.17089470084137,NA,12,3,NA,93,76,NA,0.93,0.76,NA,0.06,0.22,NA,3.03056462277602,1.47849577702877,NA
"74","ATM1F18","17047",0.116145,0.316705,0.6842551,"SpaceCakesLevel 0-4-0","SpaceCakesLevel 3-3-0","SpaceCakesLevel 4-2-0",60,169,59,554,918,335,5,13,4,"606186","3023816","605152",528,827,294,1.03916119886364,1.64706359262394,1.94644780136054,0.528487972952831,0.704472759588852,0.846766585449712,0,0,2,NA,NA,1.5016625,NA,NA,0.283129090721,26,91,39,1.41117812692308,1.79456797032967,2.65044184615385,1.0632385122956,1.03880215796958,0.974700125406825,11,18,18,95,90,88,0.95,0.9,0.88,0.05,0.1,0.12,3.28970725390294,2.5631031310892,2.34997358413218
"75","ATM1F18","17050",NA,0,NA,NA,"SpaceCakesLevel 3-3-0",NA,NA,60,NA,NA,1146,NA,NA,18,NA,NA,"606276",NA,NA,852,NA,NA,1.35735301962441,NA,NA,0.68658689445566,NA,NA,11,NA,NA,0.826658081818182,NA,NA,1.03054085128221,NA,NA,283,NA,NA,1.11738032791519,NA,NA,0.981241527886516,NA,NA,5,NA,NA,74,NA,NA,0.74,NA,NA,0.25,NA,NA,1.317835155589,NA
"76","ATM1F18","17547",0.166055,0.166445,0.067415,"SpaceCakesLevel 0-4-0","SpaceCakesLevel 3-3-1","SpaceCakesLevel 6-2-0",60,60,38,360,730,2133,5,14,21,"1341","1813796","1813920",323,620,1778,1.05958698390093,1.26920828080645,1.82486819116985,0.395740921856854,0.460997755248,0.92268848952738,0,0,4,NA,NA,2.91699375,NA,NA,0.292381126282546,37,110,351,1.31400528108108,1.13733670636364,1.99155761051282,0.559911502587865,0.512405781611623,1.21419578597197,17,8,2,90,85,83,0.9,0.85,0.83,0.1,0.15,0.16,2.5631031310892,2.07286677898758,1.94862313635595
"77","ATM1F18","17550",0.333785,0.03344,0.117745,"SpaceCakesLevel 0-4-0","SpaceCakesLevel 3-3-0","SpaceCakesLevel 5-2-0",30,60,20,330,986,1313,5,19,16,"1237","1814352","1210050",304,801,1058,1.32139269276316,1.67607335655431,1.96858816332703,0.83835218656238,0.808316949379485,0.862280622613626,0,2,0,NA,1.7680425,NA,NA,0.943043565331157,NA,26,183,255,2.07282173846154,1.5151242284153,2.10823686823529,1.24439200916535,0.785574960936404,0.834365868955312,9,6,2,92,81,81,0.92,0.81,0.81,0.08,0.19,0.19,2.81014312061926,1.75579259010246,1.75579259010246
"78","ATM1F18","17553",0.500625,0.18427,0.049165,"SpaceCakesLevel 0-4-0","SpaceCakesLevel 3-3-0","SpaceCakesLevel 5-4-0",30,60,20,329,834,1357,6,15,13,"1190","1814101","1210142",306,670,1155,1.31468837973856,2.57832814343284,2.6623134367013,0.84979282544544,1.19888852271261,1.38100277530312,0,2,0,NA,4.563483,NA,NA,0.365741083073805,NA,23,162,202,3.31495962173913,2.75711386358025,2.90422599207921,2.01543567766924,1.1901437806028,1.60833977152234,9,7,1,93,80,85,0.93,0.8,0.85,0.07,0.19,0.15,2.95158205635834,1.71951752862414,2.07286677898758
"79","ATM1F18","17557",0.14924,0.016435,0,"SpaceCakesLevel 0-4-1","SpaceCakesLevel 3-3-0","SpaceCakesLevel 4-0-4",30,159,10,449,1417,319,7,18,6,"1447","3023641","605384",371,1146,202,1.08577378625337,1.48744388071553,1.37335700346535,0.548982506116043,0.787613025430135,0.920754971222025,0,3,1,NA,0.806448333333333,1.167905,NA,0.206033048582826,NA,78,268,116,1.32480369487179,1.23049975414179,1.2198865837069,0.759800224218185,0.828144895934489,1.12994432271001,7,11,3,83,81,63,0.83,0.81,0.63,0.17,0.19,0.36,1.90833050629239,1.75579259010246,0.69031213968801
"80","ATM1F18","17560",0.066745,0,NA,"SpaceCakesLevel 0-4-0","SpaceCakesLevel 3-3-0",NA,30,30,NA,350,1330,NA,6,18,NA,"1374","3024448",NA,292,1042,NA,1.2170077869863,1.90490400794626,NA,0.859561878261255,1.13896744571817,NA,3,19,NA,0,2.78796814789474,NA,0,2.18164866478279,NA,55,269,NA,1.59206758909091,1.4464833167658,NA,1.08757708472856,1.2922672776341,NA,9,2,NA,83,78,NA,0.83,0.78,NA,0.16,0.2,NA,1.94862313635595,1.6138144477616,NA
"81","ATM1F18","17563",NA,0.017935,0,NA,"SpaceCakesLevel 3-3-0","SpaceCakesLevel 4-2-0",NA,119,20,NA,1295,500,NA,17,7,NA,"1210353","605659",NA,1059,356,NA,1.6679953871577,1.66374098851124,NA,0.704535816111595,1.08918052556478,NA,3,0,NA,0,NA,NA,0,NA,NA,233,144,NA,1.69771244120172,1.38287787152778,NA,0.8931677597045,1.05922264231331,NA,9,4,NA,82,71,NA,0.82,0.71,NA,0.18,0.29,NA,1.83073017568563,1.10676943911135
"82","ATM1F18","17564",0.499855,0,0,"SpaceCakesLevel 0-4-0","SpaceCakesLevel 3-3-0","SpaceCakesLevel 3-4-1",30,139,79,330,1345,196,5,15,2,"1439","3024344","605443",304,1134,130,1.19573177532895,1.84994279656085,1.37135868384615,0.575955095650792,0.80178303021592,1.00285481788684,0,1,1,NA,3.4382,0.95091,NA,NA,NA,26,210,65,1.39246855,1.6742533847619,0.743896220153846,0.744475379007914,0.823086034471847,0.789328240895647,9,10,40,92,84,66,0.92,0.84,0.66,0.08,0.16,0.33,2.81014312061926,1.98891576641951,0.852376295114639
"83","ATM1F18","17567",0.46716,0.08343,0,"SpaceCakesLevel 0-4-0","SpaceCakesLevel 3-3-0","SpaceCakesLevel 5-4-0",40,120,20,340,770,1274,5,13,11,"1373","1814061","1813653",309,656,1185,1.52849290647249,1.66567477484756,2.27845556168776,1.07331200287454,0.72378608511015,1.09550689717489,1,0,0,0,NA,NA,NA,NA,NA,30,114,89,3.06228677,1.78560356403509,2.64771893370787,1.60842672904717,0.855587329139143,1.59019348203861,12,16,2,91,85,93,0.91,0.85,0.93,0.09,0.15,0.07,2.68151006738043,2.07286677898758,2.95158205635834
"84","ATM1F18","17570",0.36707,0,0.06646501,"SpaceCakesLevel 0-4-0","SpaceCakesLevel 3-3-5","SpaceCakesLevel 3-4-0",30,49,80,360,1800,80,6,26,1,"1430","3024592","191",296,1253,68,1.47258669797297,1.38672571907422,1.16777452955882,1.08602814654345,0.959126043663312,0.748216267385455,0,7,0,NA,0.512652857142857,NA,NA,0.632025580836838,NA,64,540,12,1.347111109375,1.07787843294444,0.632044566666667,1.11708893147573,0.931095428547426,0.41094360237516,8,3,100,82,70,85,0.82,0.7,0.85,0.18,0.3,0.15,1.83073017568563,1.04880102541608,2.07286677898758
"85","ATM1F18","17574",0.383745,0,NA,"SpaceCakesLevel 0-4-0","SpaceCakesLevel 3-3-0",NA,30,29,NA,300,1274,NA,5,15,NA,"1240","3024421",NA,291,1069,NA,0.973721169415808,1.52179263338634,NA,0.553458138788968,0.770088289304528,NA,0,2,NA,NA,2.202313,NA,NA,0.896481290896804,NA,9,203,NA,1.22712822222222,1.26386284876847,NA,0.968996898900906,0.974424960886356,NA,10,2,NA,97,84,NA,0.97,0.84,NA,0.03,0.16,NA,3.7615872163025,1.98891576641951,NA
"86","ATM1F18","17577",0.05018,0,0.0334,"SpaceCakesLevel 0-4-0","SpaceCakesLevel 3-3-0","SpaceCakesLevel 4-0-0",30,120,38,180,1522,270,5,18,3,"512","3023869","605496",170,1284,206,1.14771127764706,1.99279246098131,2.26436783208738,0.651535548218348,1.07200472792375,1.26287799305074,0,34,7,NA,1.98294061764706,3.135551,NA,1.72269396079908,1.76411222817512,10,204,57,0.96697809,1.83205762063725,1.99737243684211,0.900136928833085,1.42587189559999,1.55398321817098,17,8,14,94,84,76,0.94,0.84,0.76,0.06,0.13,0.21,3.10954718919371,2.12084901224855,1.51272380985833
"87","ATM1F18","17581",0.33368,0,0.06658,"SpaceCakesLevel 0-4-0","SpaceCakesLevel 3-3-0","SpaceCakesLevel 4-0-0",30,167,77,330,1278,237,5,15,2,"1310","3024404","605420",303,1037,179,1.13518971188119,1.96936547714561,1.92431947039106,0.719411595197201,0.875171381392016,0.825437284451488,0,3,0,NA,2.42503033333333,NA,NA,1.5122259591213,NA,27,238,58,1.68843905185185,1.89375845840336,1.63659577241379,1.40103505842002,0.96826841016747,0.8389176873761,9,13,32,92,81,76,0.92,0.81,0.75,0.08,0.19,0.25,2.81014312061926,1.75579259010246,1.34897950039216
"88","ATM1F18","17584",0.433865,0,0.149665,"SpaceCakesLevel 0-4-0","SpaceCakesLevel 3-3-0","SpaceCakesLevel 4-0-0",30,60,39,210,1636,119,5,24,2,"937","3024473","365",190,1223,83,1.25433777,1.42293764775961,1.59394194457831,0.591569663340881,0.629191953122524,0.689621051679032,0,5,0,NA,0.87758698,NA,NA,0.749682325036313,NA,20,408,36,1.32470924,1.31391140857843,1.30111088888889,0.648031298255704,0.864585373004274,0.809163814426607,14,4,33,90,75,70,0.9,0.75,0.7,0.1,0.25,0.3,2.5631031310892,1.34897950039216,1.04880102541608
"89","ATM1F18","17588",0.333595,0.05005,0.02028,"SpaceCakesLevel 0-4-0","SpaceCakesLevel 3-3-0","SpaceCakesLevel 4-1-2",60,178,40,360,1297,427,5,16,6,"1451","3024367","1209701",341,1127,335,1.04782861583578,1.63403900275067,1.78437947555224,0.575501145752262,0.787699732196902,0.815660781485579,0,3,1,NA,1.03973866666667,0,NA,0.630343834244719,NA,19,167,91,1.65274186842105,1.63188818023952,1.66563995714286,1.46654877577966,0.9258053119206,1.00467871430497,17,14,9,95,87,78,0.95,0.87,0.78,0.05,0.13,0.21,3.28970725390294,2.2527822580776,1.57861446120693
"90","ATM1F18","17591",0.100215,0.015995,0.267005,"SpaceCakesLevel 0-4-0","SpaceCakesLevel 3-3-0","SpaceCakesLevel 3-4-0",30,60,40,239,1315,40,5,16,1,"1143","3024685","125",215,1047,31,1.42156961023256,1.92005943467049,1.93659297096774,0.682673536259274,0.865804387672641,1.26690521018972,0,3,0,NA,2.0967497,NA,NA,1.26383885819905,NA,24,265,9,1.6600228125,1.8709446090566,2.08932788888889,0.854575054035381,1.02284296452586,1.23163188808288,13,5,100,90,80,78,0.9,0.8,0.77,0.1,0.2,0.23,2.5631031310892,1.68324246714583,1.47769369837043
"91","ATM1F18","17595",0.183505,0,0.016555,"SpaceCakesLevel 0-4-1","SpaceCakesLevel 3-3-0","SpaceCakesLevel 3-4-0",30,90,78,390,1489,78,6,15,1,"1465","3024912","215",364,1235,57,0.993643590934066,1.18434111111741,1.09313126298246,0.547146841146368,0.591294753186026,0.637332819648342,0,0,0,NA,NA,NA,NA,NA,NA,26,254,21,1.38643885384615,1.02353156448819,0.573251919047619,0.831900402899984,0.790858662429662,0.548861106846472,8,6,100,93,83,73,0.93,0.83,0.73,0.07,0.17,0.27,2.95158205635834,1.90833050629239,1.22562598203325
"92","ATM1F18","17597",NA,0.250385,0,NA,"SpaceCakesLevel 3-3-0","SpaceCakesLevel 5-0-0",NA,85,40,NA,654,1048,NA,9,10,NA,"605330","1210269",NA,573,856,NA,2.33700773001745,2.61846033469626,NA,1.06466404071645,1.40380380274317,NA,10,3,NA,0,4.37513233333333,NA,0,1.25471404843228,NA,71,189,NA,2.78274774647887,2.78259856031746,NA,1.13893771565246,1.76724461211016,NA,13,4,NA,88,82,NA,0.88,0.82,NA,0.11,0.18,NA,2.4015149121027,1.83073017568563
"93","ATM1F18","17601",0.349315,0.049005,1.168105,"SpaceCakesLevel 0-4-0","SpaceCakesLevel 3-3-0","SpaceCakesLevel 3-4-0",30,89,69,300,1036,69,5,14,1,"1180","3024582","254",288,926,63,1.08319064236111,2.15299438639309,2.97175482539683,0.60041883998057,1.04891452390999,1.01650468314477,0,2,3,NA,2.419218,2.63390566666667,NA,0.591357643746997,2.28122201089248,12,108,3,1.26529715833333,2.27029037592593,3.86914433333333,1.14737691965932,1.22009504992017,0.276229422028743,10,9,100,96,89,91,0.96,0.89,0.91,0.04,0.1,0.05,3.50137214250434,2.50807968558121,2.98560866064169
"94","ATM1F18","17607",NA,0.351235,NA,NA,"SpaceCakesLevel 2-1-0",NA,NA,27,NA,NA,306,NA,NA,8,NA,NA,"732",NA,NA,176,NA,NA,3.13071060284091,NA,NA,1.35508314302762,NA,NA,20,NA,NA,2.6771162,NA,NA,2.11569887080614,NA,NA,110,NA,NA,3.32521486636364,NA,NA,1.64673663993129,NA,NA,9,NA,NA,58,NA,NA,0.57,NA,NA,0.36,NA,NA,0.534832958032055,NA
"95","ATM1F18","17608",0,0.01648,0,"SpaceCakesLevel 0-4-1","SpaceCakesLevel 3-3-0","SpaceCakesLevel 4-1-5",30,120,40,420,1278,677,7,15,11,"1294","2418697","605932",349,998,461,1.25665637191977,1.30105872523046,1.12385415097614,0.786580651752463,0.587902461221628,0.710520065726041,0,0,0,NA,NA,NA,NA,NA,NA,71,280,216,1.6248413056338,0.956462497142857,0.771747581111111,1.23158070893863,0.499510287747859,0.66750133951237,7,9,6,83,78,68,0.83,0.78,0.68,0.17,0.22,0.32,1.90833050629239,1.54438642837737,0.935397598229016
"96","ATM1F18","17613",0.4506051,0.033515,0.8270401,"SpaceCakesLevel 0-4-0","SpaceCakesLevel 3-3-0","SpaceCakesLevel 3-4-0",30,70,80,200,1398,80,5,18,1,"1128","3024151","362",174,1106,70,1.46857402931034,2.06111495605787,1.99527917714286,0.845193290821983,1.00606019993404,0.850924164741971,0,2,0,NA,3.770445,NA,NA,0.636884006746911,NA,26,290,10,1.77050335,1.97184221103448,1.23298542,0.912662999082383,1.08599001612526,0.827646415748984,15,5,100,87,79,88,0.87,0.79,0.87,0.13,0.21,0.13,2.2527822580776,1.61284249403648,2.2527822580776
"97","ATM1F18","17618",0.51722,0.0165,0.062355,"SpaceCakesLevel 0-4-0","SpaceCakesLevel 3-3-0","SpaceCakesLevel 4-0-0",30,120,38,230,1460,186,5,20,2,"1046","3023963","605218",206,1143,153,0.999942292718447,1.324926011986,1.44168998895425,0.433182429032812,0.591178595963129,0.637160714721556,0,0,0,NA,NA,NA,NA,NA,NA,24,317,33,1.0061971125,1.07054787066246,1.08666509090909,0.439156872631401,0.719323906183091,0.583352725172874,13,8,20,90,78,82,0.89,0.78,0.82,0.11,0.22,0.18,2.45305624007322,1.54438642837737,1.83073017568563
"98","ATM1F18","17622",0.1492,0,NA,"SpaceCakesLevel 0-4-0","SpaceCakesLevel 3-3-0",NA,30,80,NA,390,1418,NA,7,19,NA,"1171","3024589",NA,328,1082,NA,1.23393382103659,1.56823562402033,NA,0.752385911857161,0.800166920581775,NA,0,3,NA,NA,1.684725,NA,NA,0.216564063904887,NA,62,333,NA,1.13978692741935,1.38993657600601,NA,0.504577419204278,0.89132261794284,NA,8,6,NA,84,76,NA,0.84,0.76,NA,0.16,0.24,NA,1.98891576641951,1.41260512568018,NA
"99","ATM1F18","18572",0.60058,0.0827,NA,"SpaceCakesLevel 0-0-0","SpaceCakesLevel 3-1-0",NA,14,7,NA,14,840,NA,1,15,NA,"31","605919",NA,9,629,NA,1.42012777777778,3.48367111112878,NA,0.841744091136489,1.20404917832876,NA,0,18,NA,NA,1.35253261111111,NA,NA,1.14396347829687,NA,5,193,NA,1.6914982,2.88567187668394,NA,0.868352605738994,1.22994576645554,NA,100,1,NA,64,75,NA,0.63,0.75,NA,0.37,0.23,NA,0.663706692873633,1.4133365993813,NA
"100","ATMBF18","17058",0.300095,0.082855,0.8676451,"SpaceCakesLevel 0-4-0","SpaceCakesLevel 3-3-0","SpaceCakesLevel 3-4-0",30,120,10,720,1190,10,14,19,1,"1210371","3023991","16",630,1011,10,1.33363549619048,1.6552122867458,1.54575062,0.634000565390417,0.76766448758913,0.587569930156041,8,0,0,0.7153325,NA,NA,0.71540438530047,NA,NA,82,179,0,1.24642875243902,1.62230265418994,NA,0.582406144631001,0.830316025948965,NA,4,10,100,88,85,100,0.87,0.85,0.95,0.11,0.15,0.05,2.35291924907541,2.07286677898758,3.28970725390294
"101","ATMBF18","17061",0.0159,0,0.0762,"SpaceCakesLevel 0-4-3","SpaceCakesLevel 3-3-0","SpaceCakesLevel 3-4-0",30,60,50,790,910,50,10,17,1,"1210604","3023977","123",681,772,42,1.23594918061674,2.1327362884715,1.79477849761905,0.848718701889662,1.1090614436608,0.870440354013321,7,2,0,1.31340017142857,3.895547,NA,1.42075588427785,0.578908321757427,NA,102,136,8,1.46456810294118,2.39482529044118,1.7712499875,1.29292012453025,1.32593276422928,0.883374234129892,4,7,100,86,85,84,0.86,0.85,0.83,0.13,0.15,0.17,2.20671046985376,2.07286677898758,1.90833050629239
"102","ATMBF18","17064",NA,0.09267999,NA,NA,"SpaceCakesLevel 2-2-0",NA,NA,40,NA,NA,359,NA,NA,8,NA,NA,"1210151",NA,NA,224,NA,NA,2.44285874147321,NA,NA,1.2013005706286,NA,NA,22,NA,NA,3.299645,NA,NA,1.52549860316145,NA,NA,113,NA,NA,2.60238504336283,NA,NA,1.41013072667906,NA,NA,11,NA,NA,62,NA,NA,0.62,NA,NA,0.32,NA,NA,0.773179587213906,NA
"103","ATMBF18","17067",0.1337,0,NA,"SpaceCakesLevel 0-4-3","SpaceCakesLevel 2-3-1",NA,30,20,NA,667,531,NA,14,8,NA,"1209985","1210923",NA,551,404,NA,1.2666048508167,1.54563608589109,NA,0.767105143088347,0.798030455308807,NA,3,17,NA,0.333733333333333,0.218905882352941,NA,0.578043089512653,0.394893293293562,NA,113,110,NA,1.48500504513274,1.35709083727273,NA,0.955861370807551,0.869654708863068,NA,4,4,NA,83,76,NA,0.83,0.76,NA,0.17,0.21,NA,1.90833050629239,1.51272380985833,NA
"104","ATMBF18","17070",0.366725,0.166825,NA,"SpaceCakesLevel 0-4-3","SpaceCakesLevel 2-2-1",NA,30,60,NA,815,590,NA,10,12,NA,"1210104","2420056",NA,708,409,NA,1.48377458389831,1.3362822193154,NA,0.773026164777949,0.637148453797787,NA,6,51,NA,1.089196,1.23747491960784,NA,0.586194878790322,0.918940040568564,NA,101,130,NA,1.65807873861386,1.32293286607692,NA,0.922132970852487,0.704640373485611,NA,4,10,NA,87,69,NA,0.87,0.69,NA,0.12,0.22,NA,2.30137792110489,1.26804356153614,NA
"105","ATMBF18","17073",0,0,NA,"SpaceCakesLevel 0-4-0","SpaceCakesLevel 3-0-0",NA,60,15,NA,629,682,NA,11,10,NA,"1210387","3023735",NA,567,573,NA,1.26502649047619,1.80110265322862,NA,0.664444933164649,1.03015313700809,NA,0,14,NA,NA,1.26939292857143,NA,NA,0.867038279835571,NA,62,95,NA,1.23079577258065,1.78722297147368,NA,0.98016304561993,1.59681390494802,NA,10,2,NA,90,84,NA,0.9,0.84,NA,0.1,0.14,NA,2.5631031310892,2.07477722402471,NA
"106","ATMBF18","17076",0.115815,0,NA,"SpaceCakesLevel 0-2-3","SpaceCakesLevel 2-3-1",NA,31,60,NA,241,735,NA,5,12,NA,"689","1210641",NA,201,486,NA,0.733523172139304,1.50749331113169,NA,0.346950120647106,1.06874817666018,NA,2,26,NA,0.72592505,1.72897896923077,NA,0.0115329823118307,1.4538934150542,NA,38,223,NA,1.00020207368421,1.432301067713,NA,0.923777291851712,1.37038157735555,NA,13,8,NA,83,66,NA,0.83,0.66,NA,0.16,0.3,NA,1.94862313635595,0.936863642149446,NA
"107","ATMBF18","17084",0.01591,0,NA,"SpaceCakesLevel 0-4-0","SpaceCakesLevel 2-3-2",NA,30,40,NA,575,598,NA,9,11,NA,"1209894","1210417",NA,473,465,NA,1.10230229027484,1.82477317333333,NA,0.864286016869481,1.07292214150446,NA,0,3,NA,NA,2.73952466666667,NA,NA,1.32798385174683,NA,102,130,NA,1.44851590294118,1.59397041923077,NA,1.44704896257347,1.15984006582264,NA,5,7,NA,82,78,NA,0.82,0.78,NA,0.18,0.22,NA,1.83073017568563,1.54438642837737,NA
"108","ATMBF18","17087",0,0.0164,1.735631,"SpaceCakesLevel 0-4-10","SpaceCakesLevel 3-3-0","SpaceCakesLevel 3-4-0",30,60,18,874,1056,18,16,19,1,"1210723","3024386","41",808,858,14,1.20984067462871,1.61345852808858,2.9963755,0.793358605208816,0.851484439363291,0.642838842996947,6,30,0,0.8117175,0.737553313333333,NA,0.507136321355018,1.09088256011377,NA,60,168,4,1.44483432333333,1.60141675660714,2.6320245,1.19340343022499,1.01565110186471,0.873348493844048,3,6,100,92,81,78,0.92,0.81,0.76,0.07,0.16,0.24,2.8808625884888,1.87235417826098,1.41260512568018
"109","ATMBF18","17090",0,0.10248,NA,"SpaceCakesLevel 0-4-1","SpaceCakesLevel 2-3-0",NA,30,104,NA,695,444,NA,11,7,NA,"1210174","2419737",NA,557,353,NA,1.07343538599641,1.74402743229462,NA,0.690446683885741,0.921533197921885,NA,14,4,NA,0.43207215,3.6994235,NA,0.439156783926905,1.04853489503863,NA,124,87,NA,1.27793163145161,1.68020119425287,NA,1.2160385104094,1.25472019145265,NA,4,23,NA,80,80,NA,0.8,0.79,NA,0.18,0.2,NA,1.75698632141573,1.64804248059115,NA
"110","ATMBF18","17093",0.032935,0.217185,NA,"SpaceCakesLevel 0-4-0","SpaceCakesLevel 3-1-0",NA,60,40,NA,828,1051,NA,10,15,NA,"1210353","3024279",NA,777,870,NA,0.964420265122265,1.35842492413793,NA,0.691552842586787,0.693441174604318,NA,0,14,NA,NA,1.5466975,NA,NA,1.33760036400113,NA,51,167,NA,1.20790819411765,1.23655459101796,NA,1.04062967164197,0.777782421224633,NA,7,4,NA,94,83,NA,0.94,0.83,NA,0.06,0.16,NA,3.10954718919371,1.94862313635595,NA
"111","ATMBF18","17096",0,0,NA,"SpaceCakesLevel 0-4-0","SpaceCakesLevel 2-1-11",NA,30,34,NA,655,935,NA,14,24,NA,"1210322","3024305",NA,508,557,NA,1.20108504450787,1.62353705764811,NA,0.955683880410525,1.63768778528233,NA,22,81,NA,0.860184463636364,1.63614611234568,NA,0.804998975132938,1.77624271460333,NA,125,297,NA,1.288344728,1.56741238188552,NA,1.43167917500707,1.62822487598041,NA,5,4,NA,78,60,NA,0.78,0.6,NA,0.19,0.32,NA,1.65008950923991,0.721045902250308,NA
"112","ATMBF18","17099",0.070895,0.066765,NA,"SpaceCakesLevel 0-4-0","SpaceCakesLevel 3-3-0",NA,60,50,NA,704,1014,NA,12,18,NA,"1210088","3023901",NA,663,901,NA,1.5200131040724,1.98170633562708,NA,0.766930911738704,0.980665371566063,NA,0,11,NA,NA,1.80931027272727,NA,NA,1.54703195099378,NA,41,102,NA,1.84686831707317,1.87505344029412,NA,1.10603319685031,1.33540674237069,NA,9,5,NA,94,89,NA,0.94,0.89,NA,0.06,0.1,NA,3.10954718919371,2.50807968558121,NA
"113","ATMBF18","17132",0.016695,0.0165,NA,"SpaceCakesLevel 0-4-0","SpaceCakesLevel 2-4-0",NA,30,64,NA,618,564,NA,11,9,NA,"1210444","1210728",NA,490,465,NA,1.72315776877551,2.53835014924731,NA,1.17326869511148,1.06644321890268,NA,23,2,NA,0.922782422173913,1.5661,NA,1.1198309126863,0.210576399437354,NA,105,97,NA,1.92266292104762,2.53879752783505,NA,1.56524620508296,1.16528221337208,NA,5,11,NA,79,82,NA,0.79,0.82,NA,0.17,0.17,NA,1.76058650016443,1.86953034098901,NA
"114","ATMBF18","17135",0.03421,0,NA,"SpaceCakesLevel 0-4-3","SpaceCakesLevel 2-3-0",NA,30,7,NA,470,386,NA,9,5,NA,"1210140","1210969",NA,418,308,NA,1.40180031461722,2.34581262756494,NA,0.895690024670048,1.25119893335392,NA,8,3,NA,1.547550625,3.28699933333333,NA,2.45508541730029,2.89785777998168,NA,44,75,NA,2.16582334318182,1.79623046933333,NA,1.88107561321625,1.45133503450104,NA,6,2,NA,89,80,NA,0.89,0.8,NA,0.09,0.2,NA,2.56728315372683,1.68324246714583,NA
"115","ATMBF18","17138",0,0,NA,"SpaceCakesLevel 0-4-0","SpaceCakesLevel 3-0-1",NA,30,40,NA,869,580,NA,15,9,NA,"1210953","1210037",NA,679,448,NA,1.58834951706922,2.348894271875,NA,1.09953135348147,0.910621826887526,NA,19,0,NA,1.51216984263158,NA,NA,1.64206470465727,NA,NA,171,132,NA,1.52403056783626,2.09093291060606,NA,1.46666560061252,0.925968478821898,NA,3,7,NA,78,77,NA,0.78,0.77,NA,0.2,0.23,NA,1.6138144477616,1.47769369837043,NA
"116","ATMBF18","17141",0.1165,0.1503,NA,"SpaceCakesLevel 0-3-0","SpaceCakesLevel 2-3-0",NA,30,8,NA,330,585,NA,5,13,NA,"605351","1814986",NA,312,424,NA,1.29125170576923,2.71838766533019,NA,0.628201866887847,1.28983002074313,NA,0,76,NA,NA,3.33192996052632,NA,NA,2.32647337803863,NA,18,85,NA,1.35060605555556,3.14829651764706,NA,0.75079024963207,1.55811190119857,NA,9,1,NA,95,72,NA,0.94,0.72,NA,0.06,0.15,NA,3.10954718919371,1.61927489676501,NA
"117","ATMBF18","17144",0,0,NA,"SpaceCakesLevel 0-2-2","SpaceCakesLevel 2-2-2",NA,60,11,NA,370,531,NA,5,10,NA,"604671","1209940",NA,301,360,NA,1.09161253860465,1.78109112858333,NA,0.614207264746586,1.00715980227399,NA,2,20,NA,1.2092875,1.19472002,NA,0.531111438883122,1.41044597534233,NA,67,151,NA,1.04634130895522,1.36497864715232,NA,0.807004477905326,1.09391325605303,NA,16,2,NA,81,68,NA,0.81,0.68,NA,0.18,0.28,NA,1.79326138289404,1.05054030638572,NA
"118","ATMBF18","17147",0.033435,0,NA,"SpaceCakesLevel 0-3-0","SpaceCakesLevel 2-3-2",NA,30,60,NA,510,500,NA,6,7,NA,"1209877","1210118",NA,423,389,NA,1.79174928132388,1.69359150745501,NA,1.08577796453745,0.80771843554383,NA,11,3,NA,2.03558763636364,1.81896863333333,NA,1.37780138538407,1.28393089454737,NA,76,108,NA,2.05118511460526,1.54010243518519,NA,1.25619824673315,0.99498439343762,NA,6,12,NA,83,78,NA,0.83,0.78,NA,0.15,0.22,NA,1.99059864263998,1.54438642837737,NA
"119","ATMBF18","17150",0.04992,0.049125,NA,"SpaceCakesLevel 0-2-2","SpaceCakesLevel 2-0-5",NA,60,10,NA,400,215,NA,8,6,NA,"1209771","1210968",NA,303,143,NA,1.49094252244224,1.68540711818182,NA,1.17988396031992,0.924207528354392,NA,11,0,NA,0.913004545454545,NA,NA,1.47893236099535,NA,NA,86,72,NA,2.03997360232558,1.37213895694444,NA,1.45875875907155,0.882173170161042,NA,15,5,NA,76,67,NA,0.76,0.66,NA,0.22,0.34,NA,1.47849577702877,0.824926258882809,NA
"120","ATMBF18","17156",0.01678,0.016545,NA,"SpaceCakesLevel 0-3-5","SpaceCakesLevel 3-0-3",NA,30,40,NA,764,699,NA,16,11,NA,"606056","1210410",NA,634,532,NA,1.47922257949527,2.46381502368421,NA,0.900377902326828,1.15746654732362,NA,0,3,NA,NA,1.07705466666667,NA,NA,1.79308728941185,NA,130,164,NA,1.39873455384615,2.33366073292683,NA,0.920923081836416,1.41221046639502,NA,4,6,NA,83,76,NA,0.83,0.76,NA,0.17,0.24,NA,1.90833050629239,1.41260512568018,NA
"121","ATMBF18","17158",0.133045,0.0327,NA,"SpaceCakesLevel 0-4-1","SpaceCakesLevel 3-3-0",NA,30,9,NA,778,919,NA,10,16,NA,"1209990","2419922",NA,688,717,NA,0.985535490116279,1.38621143891213,NA,0.567103170157689,0.579820896453234,NA,3,16,NA,1.37348666666667,0.738415025,NA,0.424213505216811,0.494061834145216,NA,87,186,NA,1.30082213218391,1.31905209569892,NA,0.761715580917364,0.62856157231934,NA,4,1,NA,88,78,NA,0.88,0.78,NA,0.11,0.2,NA,2.4015149121027,1.6138144477616,NA
"122","ATMBF18","17161",0.367065,0.1712,NA,"SpaceCakesLevel 0-2-4","SpaceCakesLevel 3-3-0",NA,60,10,NA,465,698,NA,6,12,NA,"1209588","1210366",NA,445,570,NA,1.09896315303371,1.80903612807018,NA,0.666937358727256,0.779043160713151,NA,0,8,NA,NA,1.30532525,NA,NA,0.855645440563647,NA,20,120,NA,1.362898955,1.7778608,NA,0.838443031767159,0.897826001509273,NA,13,1,NA,96,82,NA,0.96,0.82,NA,0.04,0.17,NA,3.50137214250434,1.86953034098901,NA
"123","ATMBF18","17166",0,0.033215,NA,"SpaceCakesLevel 0-4-5","SpaceCakesLevel 3-0-4",NA,30,35,NA,1164,1357,NA,19,29,NA,"1210302","2420138",NA,908,964,NA,1.14054794735683,1.24791618070539,NA,0.710038813031724,0.680909902326776,NA,7,0,NA,1.07489927142857,NA,NA,1.2329270297138,NA,NA,249,393,NA,1.14244198313253,1.11560889694656,NA,0.852374189600329,0.738117521247892,NA,3,3,NA,78,71,NA,0.78,0.71,NA,0.21,0.29,NA,1.57861446120693,1.10676943911135,NA
"124","ATMBF18","17167",0.400405,0.13359,0.433745,"SpaceCakesLevel 0-4-0","SpaceCakesLevel 3-3-0","SpaceCakesLevel 4-3-0",60,120,20,405,1069,320,5,20,7,"605752","2418490","774",360,973,262,1.29389665416667,1.28510356505653,1.46745458473282,0.619757392952492,0.535283464943267,0.521686720940706,0,0,0,NA,NA,NA,NA,NA,NA,45,96,58,1.42264124666667,1.19677998125,1.58846389482759,0.732753856791316,0.567381037053354,0.547317654608415,15,11,6,89,91,82,0.89,0.91,0.82,0.11,0.09,0.18,2.45305624007322,2.68151006738043,1.83073017568563
"125","ATMBF18","17172",0,0,NA,"SpaceCakesLevel 0-4-0","SpaceCakesLevel 2-4-2",NA,40,20,NA,1185,969,NA,11,15,NA,"1210220","2420252",NA,1029,760,NA,0.834219820913508,1.51009765551316,NA,0.494256270069427,0.806189729987126,NA,14,2,NA,1.17857391428571,2.678549,NA,0.651071582003943,1.9458857369337,NA,142,207,NA,0.903110219859155,1.51121932415459,NA,1.03745786414585,1.08643393730992,NA,3,2,NA,87,78,NA,0.87,0.78,NA,0.12,0.21,NA,2.30137792110489,1.57861446120693,NA
"126","ATMBF18","17345",0.15016,0.2505,NA,"SpaceCakesLevel 0-4-0","SpaceCakesLevel 3-0-0",NA,30,31,NA,776,671,NA,9,11,NA,"1209816","2419656",NA,685,535,NA,1.14829878,1.60465757962617,NA,0.710065612330063,0.878627575129208,NA,3,3,NA,2.54726836666667,1.607366,NA,2.33608109157067,1.9809759153175,NA,88,133,NA,1.63712684545455,1.96883767593985,NA,1.12023228019397,1.24284071117962,NA,4,5,NA,88,80,NA,0.88,0.8,NA,0.11,0.2,NA,2.4015149121027,1.68324246714583,NA
"127","ATMBF18","17347",0,0.016515,NA,"SpaceCakesLevel 0-4-0","SpaceCakesLevel 2-4-2",NA,30,60,NA,861,649,NA,16,14,NA,"1209936","1210197",NA,718,485,NA,1.13126398871866,1.19918755092784,NA,0.542381140697274,0.517331379047573,NA,1,0,NA,0.749895,NA,NA,NA,NA,NA,142,164,NA,1.08132277605634,0.87821972445122,NA,0.572314658669148,0.458435453559439,NA,3,9,NA,83,75,NA,0.83,0.75,NA,0.17,0.25,NA,1.90833050629239,1.34897950039216,NA
"128","ATMBF18","17630",0.333835,0.365955,0.716975,"SpaceCakesLevel 0-4-0","SpaceCakesLevel 3-3-0","SpaceCakesLevel 4-1-1",30,60,16,180,790,416,5,15,5,"513","2418828","605515",173,694,361,1.12180915953757,2.37468026311239,2.98981508421053,0.65821051765456,1.40468668356192,1.71108079649842,0,11,8,NA,5.07049127272727,3.8769405,NA,1.54165594480961,2.98209504594328,7,85,47,2.20722085714286,3.24939658588235,4.07650553191489,1.2396046999375,1.60012580223442,2.02027013716433,17,8,4,96,88,87,0.96,0.88,0.87,0.04,0.11,0.11,3.50137214250434,2.4015149121027,2.35291924907541
"129","ATMBF18","17635",0.483985,0.1594,NA,"SpaceCakesLevel 0-4-0","SpaceCakesLevel 3-0-1",NA,30,44,NA,210,1092,NA,5,14,NA,"973","3024207",NA,172,825,NA,1.69396377383721,3.09251010048485,NA,1.14699676905047,1.48224451070325,NA,0,23,NA,NA,3.86743143478261,NA,NA,1.85268966186353,NA,38,244,NA,2.06463828947368,2.87984015737705,NA,1.13429613075881,1.48601169971897,NA,14,4,NA,82,76,NA,0.82,0.76,NA,0.18,0.22,NA,1.83073017568563,1.47849577702877,NA
"130","ATMBF18","17640",0.033325,0.08378001,0,"SpaceCakesLevel 0-4-0","SpaceCakesLevel 3-3-1","SpaceCakesLevel 4-0-3",30,60,40,299,990,360,5,16,5,"1294","3024390","605714",262,843,265,1.2807846980916,1.45867435030842,1.47774876943396,0.985852875854324,0.641522764808756,0.746965834607206,0,1,0,NA,1.6855,NA,NA,NA,NA,37,146,95,1.13636502162162,1.45136834726027,1.27274032526316,0.557411451457641,0.754211249943417,0.831347307043366,10,6,11,88,85,74,0.88,0.85,0.74,0.12,0.15,0.26,2.34997358413218,2.07286677898758,1.28669081078583
"131","ATMBF18","17645",NA,0,NA,NA,"SpaceCakesLevel 2-1-3",NA,NA,39,NA,NA,634,NA,NA,11,NA,NA,"1815830",NA,NA,395,NA,NA,1.68274514248101,NA,NA,1.25103673357836,NA,NA,6,NA,NA,1.05398318333333,NA,NA,1.18701626789478,NA,NA,233,NA,NA,1.44669082150215,NA,NA,1.29017646927255,NA,NA,6,NA,NA,62,NA,NA,0.62,NA,NA,0.37,NA,NA,0.637334134536214,NA
"132","ATMBF18","17654",0,0,NA,"SpaceCakesLevel 0-4-0","SpaceCakesLevel 3-2-2",NA,15,50,NA,435,1710,NA,8,19,NA,"1362","1815565",NA,343,1264,NA,1.63221353236152,1.51775952492089,NA,1.19751895273582,1.08885431303367,NA,1,17,NA,3.871197,0.559337058823529,NA,NA,0.795200573297114,NA,91,429,NA,2.58253050549451,1.08405084729604,NA,1.62446900266185,1.06447569242784,NA,3,3,NA,79,74,NA,0.79,0.74,NA,0.21,0.25,NA,1.61284249403648,1.317835155589,NA
"133","ATMBF18","17662",0.43374,0,0,"SpaceCakesLevel 0-4-0","SpaceCakesLevel 3-3-0","SpaceCakesLevel 4-0-4",60,180,40,360,1215,524,5,14,6,"1466","3024428","1209860",344,1051,394,1.32335544505814,1.6105016489058,2.24092972411168,0.67764651743479,0.803682787238114,1.11868330790258,0,2,2,NA,0,0.61739,NA,0,0.873121311273525,16,162,128,1.58579588125,1.46420235919753,2.03871595234375,0.846300815240129,0.96817192938792,1.13171473387082,17,15,8,96,87,75,0.95,0.86,0.75,0.05,0.13,0.24,3.28970725390294,2.20671046985376,1.38079231303617
"134","ATMBF18","17665",0.317275,0,NA,"SpaceCakesLevel 0-4-0","SpaceCakesLevel 3-0-2",NA,50,40,NA,380,1638,NA,6,23,NA,"1342","3024612",NA,347,1138,NA,1.23423837694524,1.28314869788225,NA,0.797435850889604,0.696131378786149,NA,0,4,NA,NA,0.366988725,NA,NA,0.470620655969507,NA,33,496,NA,1.78726184848485,1.03109112116935,NA,1.19244416026217,0.784942257812302,NA,13,2,NA,91,69,NA,0.91,0.69,NA,0.09,0.3,NA,2.68151006738043,1.02025086005549,NA
"135","ATMBF18","17666",NA,0,NA,NA,"SpaceCakesLevel 2-3-0",NA,NA,60,NA,NA,1740,NA,NA,19,NA,NA,"1815469",NA,NA,1228,NA,NA,1.25115549917752,NA,NA,0.860721911363336,NA,NA,6,NA,NA,1.43465918333333,NA,NA,1.02626947114791,NA,NA,506,NA,NA,0.950446607134387,NA,NA,0.936695441947127,NA,NA,3,NA,NA,71,NA,NA,0.71,NA,NA,0.29,NA,NA,1.10676943911135,NA
"136","ATMBF18","17670",0.033375,0.06629,0,"SpaceCakesLevel 0-4-0","SpaceCakesLevel 3-3-0","SpaceCakesLevel 4-2-0",30,119,40,440,999,524,9,13,7,"1310","1209868","1209815",362,804,387,1.35868324723757,1.67424043544776,1.38958593129199,0.901861049903898,0.763913946214868,0.760167247817698,0,4,9,NA,1.0636425,1.525871,NA,0.826822388268283,2.12317176569932,78,191,128,1.86990517564103,1.41465094036649,1.41028679296875,1.36057845993443,0.937853245566482,1.1296060229689,7,12,8,82,80,74,0.82,0.8,0.74,0.18,0.19,0.24,1.83073017568563,1.71951752862414,1.349647968233
"137","ATMBF18","17671",NA,0,NA,NA,"SpaceCakesLevel 3-2-0",NA,NA,50,NA,NA,1701,NA,NA,24,NA,NA,"1815397",NA,NA,1237,NA,NA,1.63276285383994,NA,NA,1.23614587860646,NA,NA,23,NA,NA,2.99310960869565,NA,NA,2.0078070295825,NA,NA,441,NA,NA,1.3780521106576,NA,NA,1.22471533643153,NA,NA,3,NA,NA,73,NA,NA,0.73,NA,NA,0.26,NA,NA,1.25615839640954,NA
"138","ATMBF18","17679",NA,0.483825,NA,NA,"SpaceCakesLevel 3-2-0",NA,NA,60,NA,NA,640,NA,NA,10,NA,NA,"605360",NA,NA,518,NA,NA,2.44724733996139,NA,NA,1.04468834943417,NA,NA,17,NA,NA,4.57584217647059,NA,NA,1.89475080500561,NA,NA,105,NA,NA,3.04913417238095,NA,NA,1.63530490228467,NA,NA,9,NA,NA,81,NA,NA,0.81,NA,NA,0.16,NA,NA,1.87235417826098,NA
"139","ATMBF18","17683",0.433745,0.517975,0.567565,"SpaceCakesLevel 0-4-0","SpaceCakesLevel 3-3-0","SpaceCakesLevel 4-3-0",30,120,60,210,940,690,5,13,9,"956","2418655","1209736",202,862,584,1.5365379980198,2.48003618863109,3.1627549984589,0.922008746653706,1.21792570524747,1.59152086732643,0,14,1,NA,3.73228264285714,3.436881,NA,2.00209524491106,NA,8,64,105,3.504098625,3.1681009859375,3.62219649714286,1.62521201836938,1.7199339463772,1.87138483471324,14,13,9,96,92,85,0.96,0.92,0.85,0.04,0.07,0.15,3.50137214250434,2.8808625884888,2.07286677898758
"140","ATMBF18","17684",NA,0.01668,0,NA,"SpaceCakesLevel 3-3-1","SpaceCakesLevel 3-4-2",NA,60,20,NA,1238,180,NA,16,3,NA,"1814567","582",NA,976,118,NA,2.13911448995902,2.51837082966102,NA,1.01300621193476,1.41001983659316,NA,2,7,NA,5.231019,2.47141357142857,NA,0.435901632116697,0.579949426519203,NA,260,55,NA,1.83824900923077,2.28176145818182,NA,1.21948023111544,1.51342166750665,NA,5,11,NA,79,66,NA,0.79,0.65,NA,0.21,0.31,NA,1.61284249403648,0.881170813755021
"141","ATMBF18","17689",0.433845,0,0,"SpaceCakesLevel 0-4-0","SpaceCakesLevel 3-3-0","SpaceCakesLevel 5-1-0",30,120,7,180,888,679,5,12,9,"561","2418453","1209771",177,848,604,1.09441664745763,1.50582162735849,1.92678676043046,0.423533642485459,0.590204769137091,0.937567628355939,0,0,0,NA,NA,NA,NA,NA,NA,3,40,75,0.4677217,1.50963793,2.04496644,0.267950594294303,0.679125247371575,1.47019186596701,17,14,1,98,95,89,0.98,0.95,0.89,0.02,0.05,0.11,4.10749782126364,3.28970725390294,2.45305624007322
"142","ATMBF18","17691",NA,0.452325,0.350365,NA,"SpaceCakesLevel 3-3-0","SpaceCakesLevel 4-1-3",NA,120,40,NA,1080,350,NA,13,6,NA,"1814485","605275",NA,905,268,NA,2.10852250850829,2.51704346343284,NA,1.07070662265213,1.16356722011063,NA,2,0,NA,4.487941,NA,NA,0.000749533188057626,NA,NA,173,82,NA,2.35227096647399,3.30138880609756,NA,1.18281781460528,1.38475037078144,NA,11,11,NA,84,77,NA,0.84,0.76,NA,0.16,0.24,NA,1.98891576641951,1.41260512568018
"143","ATMBF18","17696",0.0633,0,NA,"SpaceCakesLevel 0-3-0","SpaceCakesLevel 2-4-1",NA,30,60,NA,300,1520,NA,9,16,NA,"787","1815243",NA,236,1129,NA,1.25705024364407,1.65699673790965,NA,0.727184825163611,0.960988588557459,NA,0,10,NA,NA,1.67660009,NA,NA,1.09183229205405,NA,64,381,NA,1.0709407234375,1.33023895955381,NA,0.604516359541359,1.20340486517505,NA,10,4,NA,79,74,NA,0.79,0.74,NA,0.21,0.25,NA,1.61284249403648,1.317835155589,NA
"144","ATMBF18","17700",0.45003,0,0.7340001,"SpaceCakesLevel 0-4-0","SpaceCakesLevel 3-3-0","SpaceCakesLevel 3-4-0",30,60,60,180,1384,60,5,18,1,"498","3023873","177",154,1132,56,1.57284363051948,1.7752157840106,1.62951061964286,0.931081810832904,0.748192464239698,0.616715064181974,0,8,0,NA,3.174499,NA,NA,0.493967985834247,NA,26,244,4,1.91163891153846,1.77235515081967,1.530674725,1.13304931331983,0.842598149310555,1.06741682067905,17,4,100,86,82,93,0.85,0.82,0.93,0.15,0.18,0.07,2.07286677898758,1.83073017568563,2.95158205635834
"145","ATMBF18","18592",0.55146,0.6342249,NA,"SpaceCakesLevel 0-0-0","SpaceCakesLevel 3-2-0",NA,30,20,NA,30,580,NA,1,10,NA,"69","1210796",NA,29,503,NA,0.884355337931034,2.26179316143141,NA,0.268990479533317,1.0644320402611,NA,0,0,NA,NA,NA,NA,NA,NA,NA,1,77,NA,0.81764,2.72776484285714,NA,NA,1.16619947701137,NA,100,3,NA,97,87,NA,0.95,0.87,NA,0.05,0.13,NA,3.28970725390294,2.2527822580776,NA
