"","accessCode","userID","fastestRT_user","highestLevel_user","highestLevelTrialCount_user","trialCount_user","nLevels_user","timePlayed_difficulty","HITS_user","Hit_AvgRT_user","Hit_SDRT_user","MISSED_user","Miss_AvgRT_user","Miss_SDRT_user","WRONG_user","Wrong_AvgRT_user","Wrong_SDRT_user","first_count","first_count_correct","RuleChange_Accuracy_Pct","2","HITS_comp_1","HITS_comp_2","HITS_comp_3","HITS_comp_4","HITS_comp_5","HITS_comp_6","HITS_comp_7","HITS_comp_8","Hit_AvgRT_comp_1","Hit_AvgRT_comp_2","Hit_AvgRT_comp_3","Hit_AvgRT_comp_4","Hit_AvgRT_comp_5","Hit_AvgRT_comp_6","Hit_AvgRT_comp_7","Hit_AvgRT_comp_8","Hit_SDRT_comp_1","Hit_SDRT_comp_2","Hit_SDRT_comp_3","Hit_SDRT_comp_4","Hit_SDRT_comp_5","Hit_SDRT_comp_6","Hit_SDRT_comp_7","Hit_SDRT_comp_8","complexityTrialCount_1","complexityTrialCount_2","complexityTrialCount_3","complexityTrialCount_4","complexityTrialCount_5","complexityTrialCount_6","complexityTrialCount_7","complexityTrialCount_8","Complexity_Hits_1","Complexity_Hits_2","Complexity_Hits_3","Complexity_Hits_4","Complexity_Hits_5","Complexity_Hits_6","Complexity_Hits_7","Complexity_Hits_8","Accuracy_Pct_comp_1","Accuracy_Pct_comp_2","Accuracy_Pct_comp_3","Accuracy_Pct_comp_4","Accuracy_Pct_comp_5","Accuracy_Pct_comp_6","Accuracy_Pct_comp_7","Accuracy_Pct_comp_8","count_afterWrong_HIT","count_afterWrong_MISSED","count_afterWrong_WRONG","count_afterWrong_NA","avgRT_afterWrong_HIT","avgRT_afterWrong_MISSED","avgRT_afterWrong_WRONG","avgRT_afterWrong_NA","n_afterWrong","accuracy_afterWrong","highestLevelPct_user","percentCorrect_user","HitRate_user","FARate_user","DPrime_user"
"1","ATHBF18","16845",0.05,"SpaceCakesLevel 3-1-0",32,2492,38,"5382",2188,1.13381277765082,0.606302751007879,4,2.0314815,0.887349406576876,300,1.21744671033333,0.866326352224528,16,13,1,2,298,1118,407,295,70,NA,NA,NA,1.06268801912752,1.09222339686941,0.882538701474201,1.53807882135593,1.85812951857143,NA,NA,NA,0.542235592525602,0.552200777131739,0.353453057012495,0.712514462005964,0.947678635532545,NA,NA,NA,330,1230,500,352,80,NA,NA,NA,298,1118,407,295,70,NA,NA,NA,0.903030303030303,0.908943089430894,0.814,0.838068181818182,0.875,NA,NA,NA,235,NA,63,2,1.26122786255319,NA,1.3121185,NA,298,0.788590604026846,1,88,0.88,0.12,2.34997358413218
"2","ATHBF18","16848",0.0163,"SpaceCakesLevel 4-2-0",52,2962,32,"6517",2793,1.24224679820981,0.591542665420574,1,1.2315,NA,168,1.69715574702381,1.02725775222844,23,21,1,2,260,1056,401,504,251,321,NA,NA,1.17336461269231,1.04480407357955,0.946175094513716,1.47354724742063,1.56458724940239,1.70221800996885,NA,NA,0.56775297681966,0.474834415625082,0.309973963596399,0.549435812513001,0.51396888876521,0.792146264487285,NA,NA,270,1080,440,540,260,372,NA,NA,260,1056,401,504,251,321,NA,NA,0.962962962962963,0.977777777777778,0.911363636363636,0.933333333333333,0.965384615384615,0.862903225806452,NA,NA,135,NA,33,NA,1.73557508518519,NA,1.49578378181818,NA,168,0.803571428571429,2,94,0.94,0.06,3.10954718919371
"3","ATHBF18","16851",0,"SpaceCakesLevel 2-2-3",60,1824,31,"4518",1421,0.8943991286981,0.63380765078649,8,0.4421925,0.400558161025694,395,0.882117102810127,0.937862584807203,8,2,0,2,201,581,NA,639,NA,NA,NA,NA,0.977636589054726,0.90482628707401,NA,0.858735735039124,NA,NA,NA,NA,0.727729076169114,0.541820155466631,NA,0.676491414968752,NA,NA,NA,NA,239,705,NA,880,NA,NA,NA,NA,201,581,NA,639,NA,NA,NA,NA,0.841004184100418,0.824113475177305,NA,0.726136363636364,NA,NA,NA,NA,274,1,120,NA,0.87364124120438,0,1.06601561508333,NA,395,0.693670886075949,3,78,0.78,0.22,1.54438642837737
"4","ATHBF18","16854",0,"SpaceCakesLevel 3-0-0",66,2145,23,"4875",1992,1.17958553022088,0.732660595109271,4,1.17616355,1.05230092644795,149,1.3131640342953,0.884032823741897,16,12,1,2,202,756,386,437,211,NA,NA,NA,0.845047208910891,0.986019642063492,1.10267776580311,1.49046172471396,1.69023032843602,NA,NA,NA,0.560467532880635,0.66972463503546,0.642080432877604,0.714656947196845,0.802080032256942,NA,NA,NA,210,780,429,486,240,NA,NA,NA,202,756,386,437,211,NA,NA,NA,0.961904761904762,0.969230769230769,0.8997668997669,0.89917695473251,0.879166666666667,NA,NA,NA,114,1,34,NA,1.65690457894737,2.552804,1.66764938558824,NA,149,0.76510067114094,3,93,0.93,0.07,2.95158205635834
"5","ATHBF18","16857",0.05722,"SpaceCakesLevel 4-0-2",31,2380,29,"5935",2155,1.53247531313225,0.877398605141344,2,1.70137,2.40610052861471,223,1.73955612869955,1.12413811261449,21,19,1,2,173,685,284,586,284,143,NA,NA,0.953833645086705,1.43810186759124,1.00919624823944,1.69501625221843,1.95303213239437,2.2225099020979,NA,NA,0.434502954471813,0.905793840349378,0.454598313504203,0.837455375772428,0.838486048389256,0.92393744637006,NA,NA,180,720,310,660,319,191,NA,NA,173,685,284,586,284,143,NA,NA,0.961111111111111,0.951388888888889,0.916129032258065,0.887878787878788,0.890282131661442,0.74869109947644,NA,NA,178,2,41,2,1.97590758033708,1.70137,1.71063324146341,NA,221,0.805429864253394,1,91,0.91,0.09,2.68151006738043
"6","ATHBF18","16860",0.01567,"SpaceCakesLevel 3-1-0",66,1831,26,"5039",1639,1.11754031916412,0.521893926183847,10,1.419446,0.840365948751561,182,1.14768251538462,0.627060885687716,15,14,1,2,365,637,94,347,196,NA,NA,NA,0.968220022191781,1.07515503343799,0.81918304787234,1.35684839971182,1.25278019137755,NA,NA,NA,0.535029104783948,0.465963714241755,0.293010723467869,0.526128529947368,0.550021428302977,NA,NA,NA,390,675,100,426,240,NA,NA,NA,365,637,94,347,196,NA,NA,NA,0.935897435897436,0.943703703703704,0.94,0.814553990610329,0.816666666666667,NA,NA,NA,135,1,45,1,1.39464608,1.618435,1.12668234,NA,181,0.74585635359116,4,90,0.89,0.1,2.50807968558121
"7","ATHBF18","16863",0,"SpaceCakesLevel 2-3-1",40,2025,30,"4908",1551,1.68775299078014,1.24670259387229,133,1.02142350075188,1.36024469427598,341,1.59988765129032,1.58721605494129,10,9,1,2,273,798,61,419,NA,NA,NA,NA,1.19537647838828,1.5390101320802,0.7960033,2.42167260954654,NA,NA,NA,NA,0.949679703384716,1.1787675405115,0.821186096946727,1.25453789489136,NA,NA,NA,NA,315,1050,120,540,NA,NA,NA,NA,273,798,61,419,NA,NA,NA,NA,0.866666666666667,0.76,0.508333333333333,0.775925925925926,NA,NA,NA,NA,177,12,150,2,1.84105897288136,1.04431295,1.40641013926667,NA,339,0.52212389380531,2,77,0.77,0.17,1.69301210233141
"8","ATHBF18","16866",0,"SpaceCakesLevel 3-0-3",40,2189,27,"5322",1740,1.26497438574713,0.753764214255245,32,0.94020614375,0.564835689367538,417,1.22794414964029,0.909399276438836,15,11,1,2,362,550,253,390,185,NA,NA,NA,1.16581996546961,1.23615009890909,1.0835305715415,1.40672381,1.49400285837838,NA,NA,NA,0.741453084072327,0.679741159642171,0.456387066099343,0.905999053948091,0.854104979559307,NA,NA,NA,403,679,310,557,240,NA,NA,NA,362,550,253,390,185,NA,NA,NA,0.898263027295285,0.810014727540501,0.816129032258065,0.700179533213645,0.770833333333333,NA,NA,NA,286,7,123,1,1.3489232993007,0.743650757142857,1.2442747203252,NA,416,0.6875,2,79,0.79,0.19,1.68431754206947
"9","ATHBF18","16872",0,"SpaceCakesLevel 2-3-2",40,2228,34,"5195",1692,2.17803199036643,1.38889804597145,63,2.94799626984127,1.797440471681,473,2.38011540488372,1.60632745514015,13,12,1,2,319,406,472,495,NA,NA,NA,NA,2.07068301943574,2.03469458743842,1.75628629978814,2.76692749191919,NA,NA,NA,NA,1.39191966292765,1.35722671761463,1.11296693508798,1.45707704205244,NA,NA,NA,NA,390,450,609,779,NA,NA,NA,NA,319,406,472,495,NA,NA,NA,NA,0.817948717948718,0.902222222222222,0.77504105090312,0.635430038510911,NA,NA,NA,NA,272,12,188,1,2.62683199705882,3.14119291666667,2.26667409414894,NA,472,0.576271186440678,2,76,0.76,0.21,1.51272380985833
"10","ATHBF18","16875",0,"SpaceCakesLevel 4-3-0",27,2786,31,"6929",2582,1.36098418206816,0.794563556201127,9,1.64797555555556,0.51166863480824,195,1.56167481584615,1.05360416540086,24,23,1,2,165,938,302,595,251,331,NA,NA,1.18257349030303,1.23560309818763,0.978506836754967,1.49713967714286,1.60276539203187,1.72610132960725,NA,NA,1.00789745317238,0.802338622147232,0.425486373755272,0.78027809143432,0.702950122752969,0.750743821695287,NA,NA,180,990,329,660,260,367,NA,NA,165,938,302,595,251,331,NA,NA,0.916666666666667,0.947474747474747,0.917933130699088,0.901515151515151,0.965384615384615,0.901907356948229,NA,NA,156,2,36,1,1.50538984551282,1.84327,1.57940086111111,NA,194,0.804123711340206,1,93,0.93,0.07,2.95158205635834
"11","ATHBF18","16878",0,"SpaceCakesLevel 3-2-0",30,3429,33,"7351",3125,1.589644810304,0.986121714854858,14,2.76611657142857,0.883253736702994,290,2.03139260727586,1.48378980296925,18,14,1,2,438,1300,647,584,156,NA,NA,NA,1.21759862853881,1.46530117661538,1.35130946290572,2.1531110609589,2.54952705897436,NA,NA,NA,0.681908200028144,0.832883400460846,0.755147819670058,1.20814202178571,1.31398172320097,NA,NA,NA,449,1380,770,640,190,NA,NA,NA,438,1300,647,584,156,NA,NA,NA,0.975501113585746,0.942028985507246,0.84025974025974,0.9125,0.821052631578947,NA,NA,NA,168,2,120,NA,2.21580474107143,2.877988,2.08635125583333,NA,290,0.579310344827586,1,91,0.91,0.08,2.74582659399985
"12","ATHBF18","16881",0.05007,"SpaceCakesLevel 3-1-0",40,2454,27,"5977",2097,1.17152951425846,0.534767191813764,14,0.610120428571429,0.97803801236437,343,1.2345499003207,0.698319178457484,17,10,1,2,226,795,336,603,137,NA,NA,NA,1.04363462831858,1.20719373207547,0.867502327678571,1.2927904318408,1.3874710649635,NA,NA,NA,0.470873069267488,0.601018169354069,0.326889311975759,0.482091476995346,0.514338129750988,NA,NA,NA,249,885,401,759,160,NA,NA,NA,226,795,336,603,137,NA,NA,NA,0.907630522088353,0.898305084745763,0.837905236907731,0.794466403162055,0.85625,NA,NA,NA,248,NA,95,NA,1.40372706290323,NA,1.33249976736842,NA,343,0.723032069970845,2,85,0.85,0.14,2.11675273030875
"13","ATHBF18","16884",0,"SpaceCakesLevel 4-3-0",33,2267,33,"5143",1933,1.61716799249871,0.836691184339296,8,0.968547,1.39179387001883,326,1.52262070432515,1.01229400132969,24,21,1,2,202,324,362,539,230,276,NA,NA,1.13613912574257,1.43829501018519,1.07825139198895,1.82382029962894,1.9296874726087,2.22204267644928,NA,NA,0.420774608871575,0.793606623706095,0.406978269193924,0.724050851275697,0.692709846119782,1.13306364463914,NA,NA,240,380,429,620,260,338,NA,NA,202,324,362,539,230,276,NA,NA,0.841666666666667,0.852631578947368,0.843822843822844,0.869354838709677,0.884615384615385,0.816568047337278,NA,NA,246,1,77,2,2.03240854430894,1.3709,1.2880881961039,NA,324,0.759259259259259,1,85,0.85,0.14,2.11675273030875
"14","ATHBF18","16887",0,"SpaceCakesLevel 3-2-1",50,3091,33,"6938",2643,1.43354582032539,0.740069967932642,18,1.74632621666667,1.28150501219947,430,1.56896761604651,0.910191697514948,18,14,1,2,226,1060,378,696,283,NA,NA,NA,1.20381429336283,1.29242916981132,1.12376222089947,1.75783645778736,1.7617963204947,NA,NA,NA,0.55748499881556,0.702558544995464,0.515034329643005,0.779176161076392,0.751942926464102,NA,NA,NA,240,1170,431,900,350,NA,NA,NA,226,1060,378,696,283,NA,NA,NA,0.941666666666667,0.905982905982906,0.877030162412993,0.773333333333333,0.808571428571429,NA,NA,NA,311,5,114,NA,1.81345595790997,1.38490598,1.55168138157895,NA,430,0.723255813953488,2,86,0.85,0.14,2.11675273030875
"15","ATHBF18","16890",0.03425,"SpaceCakesLevel 3-2-0",60,2134,42,"4764",1752,1.58759673618721,0.913900336767766,43,0.9878282,1.19020054840575,339,1.79169253746313,1.16848863571112,16,16,1,2,156,616,534,331,115,NA,NA,NA,1.54030714679487,1.35831255,1.32638872153558,2.25895854259819,2.16047114086957,NA,NA,NA,0.796368881174553,0.721613251875083,0.745914599064329,1.05282424148722,1.04911180163155,NA,NA,NA,180,708,666,440,140,NA,NA,NA,156,616,534,331,115,NA,NA,NA,0.866666666666667,0.870056497175141,0.801801801801802,0.752272727272727,0.821428571428571,NA,NA,NA,230,3,105,1,1.89704966913043,0.9901967,2.02841452285714,NA,338,0.680473372781065,3,82,0.82,0.16,1.90982297105257
"16","ATHBF18","16896",0.01604,"SpaceCakesLevel 2-3-0",80,1399,25,"3053",949,1.45159235173867,1.02300443891961,75,1.417281352,1.52528172709872,375,1.56556017784,1.55385281057677,8,4,0,2,173,164,NA,612,NA,NA,NA,NA,0.976489615606936,1.14049604512195,NA,1.66925994591503,NA,NA,NA,NA,0.561231293905357,0.79972062084435,NA,1.10775879497453,NA,NA,NA,NA,230,210,NA,959,NA,NA,NA,NA,173,164,NA,612,NA,NA,NA,NA,0.752173913043478,0.780952380952381,NA,0.638164754953076,NA,NA,NA,NA,242,7,126,NA,1.66482349834711,2.26468185714286,1.48732787936508,NA,375,0.645333333333333,6,68,0.68,0.27,1.08051179013114
"17","ATHBF18","16899",0.150245,"SpaceCakesLevel 3-4-0",23,1999,35,"4416",1659,1.67624566473779,0.81563299408673,11,1.54092133636364,0.955702671083506,329,1.81098355288754,1.02389740587928,17,16,1,2,182,686,116,397,260,18,NA,NA,1.24527832527473,1.49513214854227,1.11978387758621,2.08709984005038,2.00902109384615,2.65395544444444,NA,NA,0.486489366862001,0.726248936633265,0.44170973585711,0.900398664372195,0.740625687761298,0.689260012881353,NA,NA,210,840,150,480,296,23,NA,NA,182,686,116,397,260,18,NA,NA,0.866666666666667,0.816666666666667,0.773333333333333,0.827083333333333,0.878378378378378,0.782608695652174,NA,NA,224,3,101,1,1.89107209107143,1.4179017,1.84707658415842,NA,328,0.682926829268293,1,83,0.83,0.16,1.94862313635595
"18","ATHBF18","16902",0.034135,"SpaceCakesLevel 2-2-1",60,1082,15,"2234",940,1.07746044808511,0.546033039470759,5,0.66086298,0.422801714837348,137,1.06716924386861,0.609516265668483,13,12,1,2,112,215,350,263,NA,NA,NA,NA,0.822221257142857,0.996248973023256,1.051316412,1.28733751711027,NA,NA,NA,NA,0.332000148020474,0.499905077641666,0.588926405977275,0.526643744676148,NA,NA,NA,NA,120,240,403,319,NA,NA,NA,NA,112,215,350,263,NA,NA,NA,NA,0.933333333333333,0.895833333333333,0.86848635235732,0.824451410658307,NA,NA,NA,NA,109,NA,28,NA,1.24677045412844,NA,1.06678106428571,NA,137,0.795620437956204,6,87,0.87,0.13,2.2527822580776
"19","ATHBF18","16908",0.08289,"SpaceCakesLevel 4-3-0",60,1832,37,"3802",1571,1.46172074493953,0.701915706332915,0,NA,NA,261,1.43022949735632,0.843591386735464,24,20,1,2,57,114,174,623,269,334,NA,NA,0.916781178947368,0.994023583333333,0.956591726436782,1.643550329374,1.47537697434944,1.62734387095808,NA,NA,0.334551455273116,0.624687173569799,0.499539167680147,0.68716475566383,0.620622806877085,0.708125818774989,NA,NA,60,120,210,722,320,400,NA,NA,57,114,174,623,269,334,NA,NA,0.95,0.95,0.828571428571429,0.862880886426593,0.840625,0.835,NA,NA,202,NA,59,NA,1.69245489009901,NA,1.48474836966102,NA,261,0.773946360153257,3,86,0.86,0.14,2.16063868162991
"20","ATHF18","16770",0,"SpaceCakesLevel 2-1-0",40,1260,20,"2952",865,1.17495520447399,1.11409469619693,81,0.419515575432099,0.67795407733884,314,0.737105717834395,1.13120286058054,12,9,1,2,213,182,124,346,NA,NA,NA,NA,1.83193287840376,1.07706377456044,0.926672719354839,0.910987065317919,NA,NA,NA,NA,1.46596439809114,0.994854862150602,0.365783582849682,0.925911407082601,NA,NA,NA,NA,260,240,140,620,NA,NA,NA,NA,213,182,124,346,NA,NA,NA,NA,0.819230769230769,0.758333333333333,0.885714285714286,0.558064516129032,NA,NA,NA,NA,181,4,129,NA,0.875649544640884,0.1874825025,0.632128237054264,NA,314,0.576433121019108,3,69,0.69,0.25,1.17034009754353
"21","ATHF18","16773",0,"SpaceCakesLevel 2-1-0",40,1382,24,"3014",1027,1.176674235852,0.75307024056872,118,0.610524012711864,1.12473367420639,237,1.24040453797468,1.01581266504139,11,11,1,2,246,358,260,163,NA,NA,NA,NA,0.982411892317073,1.2100963452514,1.01708938307692,1.65100235282209,NA,NA,NA,NA,0.538039247021993,0.681840387346656,0.468536249206988,1.20474621140402,NA,NA,NA,NA,299,405,318,360,NA,NA,NA,NA,246,358,260,163,NA,NA,NA,NA,0.822742474916388,0.883950617283951,0.817610062893082,0.452777777777778,NA,NA,NA,NA,150,7,80,NA,1.3754262688,1.50630842857143,1.0897644975,NA,237,0.632911392405063,3,74,0.74,0.17,1.59751065853911
"22","ATHF18","16776",0,"SpaceCakesLevel 4-3-0",40,3311,30,"7733",3115,1.3739143198748,0.756754672397592,6,2.29620433333333,0.946705646716373,190,1.51835657578947,1.11310886144206,24,22,1,2,290,1055,589,621,193,367,NA,NA,1.05232903482759,1.03553508227488,1.15290050933786,1.67044844397746,2.01444754870466,2.11684717683924,NA,NA,0.477302933270449,0.531627667355045,0.528210560468879,0.690523270139975,0.760781017616694,0.953652718031075,NA,NA,300,1080,631,680,200,420,NA,NA,290,1055,589,621,193,367,NA,NA,0.966666666666667,0.976851851851852,0.933438985736926,0.913235294117647,0.965,0.873809523809524,NA,NA,149,NA,40,1,1.78148026040268,NA,1.507065525,NA,189,0.788359788359788,1,94,0.94,0.06,3.10954718919371
"23","ATHF18","16779",0,"SpaceCakesLevel 2-4-1",20,1069,15,"2607",941,1.39897968670563,0.712719454999292,6,0.8565934,0.133783398970694,122,1.39628880319672,1.42409801775325,13,12,1,2,206,265,119,296,55,NA,NA,NA,1.22911751597087,1.29687638150943,1.10577250084034,1.73533573310811,1.35132965818182,NA,NA,NA,0.698015938610089,0.541704653418347,0.579544271283943,0.73511676492547,0.948103431246956,NA,NA,NA,230,269,130,320,120,NA,NA,NA,206,265,119,296,55,NA,NA,NA,0.895652173913044,0.985130111524164,0.915384615384615,0.925,0.458333333333333,NA,NA,NA,64,1,56,1,1.44415209359375,0.9347749,1.24159241589286,NA,121,0.528925619834711,2,88,0.88,0.11,2.4015149121027
"24","ATHF18","16782",0,"SpaceCakesLevel 2-3-2",60,1430,24,"4134",1036,1.44221582512548,0.86767319179626,89,1.63431694662921,1.56562159489444,305,1.3050669012459,1.00455946920228,12,9,1,2,163,350,180,343,NA,NA,NA,NA,1.03162795276074,1.5720959,1.01497418233333,1.72901259682216,NA,NA,NA,NA,0.330078519972677,1.00814224861523,0.723117565171793,0.79985239833257,NA,NA,NA,NA,180,430,280,540,NA,NA,NA,NA,163,350,180,343,NA,NA,NA,NA,0.905555555555556,0.813953488372093,0.642857142857143,0.635185185185185,NA,NA,NA,NA,190,5,108,2,1.60578308794737,1.845148,1.18387365925926,NA,303,0.627062706270627,4,72,0.72,0.21,1.38926275428946
"25","ATHF18","16785",0.033055,"SpaceCakesLevel 3-3-0",30,2179,26,"5942",1923,1.45873322626105,0.730491249153663,2,2.76137,2.44216297445523,254,1.55769992559055,0.865634212374224,19,17,1,2,225,471,314,578,335,NA,NA,NA,1.43658064711111,1.33366211656051,1.02740202388535,1.67223162577855,1.68538619820896,NA,NA,NA,0.94886121785973,0.679752556299462,0.390693725775922,0.665040160313716,0.762801714409749,NA,NA,NA,240,510,340,699,390,NA,NA,NA,225,471,314,578,335,NA,NA,NA,0.9375,0.923529411764706,0.923529411764706,0.82689556509299,0.858974358974359,NA,NA,NA,207,NA,47,NA,1.7701796236715,NA,1.77443889787234,NA,254,0.81496062992126,1,88,0.88,0.12,2.34997358413218
"26","ATHF18","16791",0,"SpaceCakesLevel 2-4-0",38,2324,36,"5439",1620,1.23501092094444,0.95096720313177,174,0.888576081609195,1.33369739468137,530,1.1510639890566,1.18107970592249,13,6,0,2,419,416,141,614,30,NA,NA,NA,1.13396656849642,1.11359823461538,0.740422029078014,1.49841600656352,1.26339666666667,NA,NA,NA,0.99693052156166,0.612671669312414,0.409678744755535,1.1245023817437,0.482232529192009,NA,NA,NA,592,495,200,999,38,NA,NA,NA,419,416,141,614,30,NA,NA,NA,0.70777027027027,0.84040404040404,0.705,0.614614614614615,0.789473684210526,NA,NA,NA,323,10,196,1,1.18413562947368,1.16534691,1.0773919877551,NA,529,0.610586011342155,2,70,0.7,0.23,1.26324736189325
"27","ATHF18","16797",0,"SpaceCakesLevel 2-2-0",16,1229,27,"2799",906,1.53322650518764,1.01650675791881,42,1.08156551666667,1.02276655144755,281,1.64084205476868,1.55687619100819,10,7,1,2,250,266,55,335,NA,NA,NA,NA,1.2781880876,1.44600294548872,1.27503935090909,1.83520072835821,NA,NA,NA,NA,0.929936422597086,0.978301626758675,0.771293052603344,1.06880787761437,NA,NA,NA,NA,331,330,90,478,NA,NA,NA,NA,250,266,55,335,NA,NA,NA,NA,0.755287009063444,0.806060606060606,0.611111111111111,0.700836820083682,NA,NA,NA,NA,170,2,108,1,1.62763933941176,0.32552745,1.6028402712963,NA,280,0.607142857142857,1,74,0.74,0.23,1.38219225457813
"28","ATHF18","16800",0,"SpaceCakesLevel 2-2-1",39,1490,22,"4589",1108,1.23757839287004,0.844113502741577,35,0.568562891428571,0.554381510676634,347,1.08087659097983,1.1329638678621,9,4,0,2,224,488,19,377,NA,NA,NA,NA,1.21647298616071,1.25989145963115,0.807994731578947,1.24288588381963,NA,NA,NA,NA,0.802664008173936,0.727358775803208,0.252569061076236,1.0085278977732,NA,NA,NA,NA,250,591,30,619,NA,NA,NA,NA,224,488,19,377,NA,NA,NA,NA,0.896,0.825719120135364,0.633333333333333,0.609046849757674,NA,NA,NA,NA,201,2,143,1,1.18556939099502,0.5089001,0.838041420909091,NA,346,0.580924855491329,3,74,0.74,0.23,1.38219225457813
"29","ATHF18","16803",0,"SpaceCakesLevel 3-0-0",40,2274,23,"6023",2006,1.40369386095713,0.932762829308074,5,0.457957,0.576803416572752,263,1.34366604068441,1.10601284841335,16,14,1,2,240,531,619,468,148,NA,NA,NA,1.33657784541667,1.61157977608286,0.992044055541195,1.59315144893162,1.88927157162162,NA,NA,NA,1.18312071234457,1.13652187076451,0.613509041038848,0.655186086550406,0.871347349480491,NA,NA,NA,267,579,769,499,160,NA,NA,NA,240,531,619,468,148,NA,NA,NA,0.898876404494382,0.917098445595855,0.804941482444733,0.937875751503006,0.925,NA,NA,NA,163,NA,99,1,1.50198333067485,NA,1.22291683616162,NA,262,0.622137404580153,2,88,0.88,0.12,2.34997358413218
"30","ATHF18","16806",0.017,"SpaceCakesLevel 2-3-0",60,1069,15,"3786",883,1.06348742366931,0.580801009021027,1,0,NA,185,1.01444534918919,0.627618062574836,12,9,1,2,139,257,188,299,NA,NA,NA,NA,0.85863078057554,0.934077215564202,0.773970245744681,1.45199152508361,NA,NA,NA,NA,0.390475968820235,0.404411647481992,0.464381372385159,0.643145585788565,NA,NA,NA,NA,149,270,270,380,NA,NA,NA,NA,139,257,188,299,NA,NA,NA,NA,0.932885906040268,0.951851851851852,0.696296296296296,0.786842105263158,NA,NA,NA,NA,128,1,56,NA,1.2224486125,0,0.994200114285714,NA,185,0.691891891891892,6,83,0.83,0.17,1.90833050629239
"31","ATHF18","16809",0.04998,"SpaceCakesLevel 2-4-0",80,1274,23,"2810",1019,1.2927690329735,0.676589758324489,0,NA,NA,255,1.18523145215686,0.685854433670992,13,8,1,2,113,304,170,373,59,NA,NA,NA,0.964867989380531,1.17734604967105,0.929328534705882,1.61227182520107,1.54279866101695,NA,NA,NA,0.489034630960403,0.562900899786475,0.377077376360811,0.765484436389053,0.598727428982364,NA,NA,NA,120,354,220,500,80,NA,NA,NA,113,304,170,373,59,NA,NA,NA,0.941666666666667,0.858757062146893,0.772727272727273,0.746,0.7375,NA,NA,NA,179,NA,75,1,1.42263389162011,NA,0.924601018666667,NA,254,0.704724409448819,6,80,0.8,0.2,1.68324246714583
"32","ATHF18","16812",0,"SpaceCakesLevel 3-0-7",40,3435,44,"7517",2574,1.02109480565268,0.596471706572705,13,1.16898463076923,0.96086517177456,848,0.919361171356132,0.780143834318081,16,10,1,2,331,975,312,625,331,NA,NA,NA,1.04582464350453,0.970622332307692,0.955960929166667,1.055593484192,1.14129172577039,NA,NA,NA,0.493175425284375,0.51543090315617,0.45531259948387,0.643806289653704,0.859429979309621,NA,NA,NA,390,1199,398,900,548,NA,NA,NA,331,975,312,625,331,NA,NA,NA,0.848717948717949,0.813177648040033,0.78391959798995,0.694444444444444,0.604014598540146,NA,NA,NA,521,NA,326,1,0.976395064357006,NA,0.814274401319018,NA,847,0.615112160566706,1,75,0.75,0.25,1.34897950039216
"33","ATHF18","16815",0.01684,"SpaceCakesLevel 2-0-4",40,1488,23,"3269",1166,1.08927905265866,0.704921208574924,33,1.01075983030303,0.593777710430009,289,1.1273736,0.890993500954111,11,6,1,2,252,462,294,158,NA,NA,NA,NA,0.993743061111111,1.11219148051948,1.0017465122449,1.33753281898734,NA,NA,NA,NA,0.66110386750841,0.603153179941782,0.497451927185044,1.16874397470083,NA,NA,NA,NA,300,559,369,260,NA,NA,NA,NA,252,462,294,158,NA,NA,NA,NA,0.84,0.826475849731664,0.796747967479675,0.607692307692308,NA,NA,NA,NA,194,1,94,NA,1.29932185773196,1.382915,1.17025859361702,NA,289,0.671280276816609,3,78,0.78,0.19,1.65008950923991
"34","ATHF18","16818",0,"SpaceCakesLevel 3-3-0",30,2640,32,"5762",2328,1.34069862981529,0.732623917880105,0,NA,NA,312,1.57445644551282,0.826858963408209,19,15,1,2,198,522,445,956,207,NA,NA,NA,0.95922247020202,1.1300168059387,1.16823165123595,1.56164350775105,1.5872333826087,NA,NA,NA,0.547014584453286,0.653753214652893,0.624834428095884,0.771476599114763,0.700764620676451,NA,NA,NA,210,570,490,1140,230,NA,NA,NA,198,522,445,956,207,NA,NA,NA,0.942857142857143,0.91578947368421,0.908163265306122,0.83859649122807,0.9,NA,NA,NA,247,NA,65,NA,1.95904314291498,NA,1.91298016,NA,312,0.791666666666667,1,88,0.88,0.12,2.34997358413218
"35","ATHF18","16821",0,"SpaceCakesLevel 2-0-6",40,1241,21,"3455",859,0.986571130756694,0.754230604205467,68,0.647851448529412,0.595851408796596,314,0.971873185636943,0.952406148383715,7,1,0,2,283,386,44,146,NA,NA,NA,NA,1.01332745971731,1.07074757227979,0.914957984090909,0.733741205616438,NA,NA,NA,NA,0.67454267946108,0.593028368873877,1.1166471198827,1.04473164043961,NA,NA,NA,NA,351,480,90,320,NA,NA,NA,NA,283,386,44,146,NA,NA,NA,NA,0.806267806267806,0.804166666666667,0.488888888888889,0.45625,NA,NA,NA,NA,180,4,128,2,1.07848078888889,0.54644005,0.88430133578125,NA,312,0.576923076923077,3,69,0.69,0.25,1.17034009754353
"36","ATHF18","16824",0,"SpaceCakesLevel 3-0-5",36,1905,28,"4838",1523,1.40235493618516,0.857748343309228,53,0.882691433962264,1.14515643440893,329,1.34959125197568,1.22411010985113,16,11,1,2,180,360,258,654,71,NA,NA,NA,1.30458409,1.54988092333333,1.06903391434109,1.43786698640673,1.78631746760563,NA,NA,NA,0.851763318195843,0.985124269211354,0.362249328027596,0.881135873952956,0.856026049733249,NA,NA,NA,210,420,320,875,80,NA,NA,NA,180,360,258,654,71,NA,NA,NA,0.857142857142857,0.857142857142857,0.80625,0.747428571428571,0.8875,NA,NA,NA,227,6,96,NA,1.51593984189427,0.620030833333333,1.14365421041667,NA,329,0.689969604863222,2,80,0.8,0.17,1.79578648671911
"37","ATHF18","16827",0,"SpaceCakesLevel 2-0-13",40,2395,37,"5247",1631,1.66868676909871,1.1337443350236,192,1.441577221875,1.49792305451559,572,1.8138420873951,1.30019817476788,7,5,1,2,555,753,24,299,NA,NA,NA,NA,1.59085335711712,1.59968396545817,1.0461349875,2.0369071622408,NA,NA,NA,NA,1.17711225042232,0.94764648290057,0.524048066111143,1.40602393095943,NA,NA,NA,NA,815,990,30,560,NA,NA,NA,NA,555,753,24,299,NA,NA,NA,NA,0.680981595092024,0.760606060606061,0.8,0.533928571428571,NA,NA,NA,NA,338,25,208,1,1.851776195,1.607533792,1.79933776394231,NA,571,0.591943957968476,2,68,0.68,0.24,1.1740013619546
"38","ATHF18","16830",0,"SpaceCakesLevel 2-1-4",40,1545,23,"3194",1245,1.10208051134137,0.850919039976159,17,1.39289317647059,1.58902930039369,283,1.17848149780919,1.79695733161846,12,9,1,2,238,425,351,231,NA,NA,NA,NA,0.835490149159664,1.152395736,0.8275713197151,1.70128943766234,NA,NA,NA,NA,0.444229700538194,0.69844506093597,0.507939605265007,1.36643752049282,NA,NA,NA,NA,266,469,430,380,NA,NA,NA,NA,238,425,351,231,NA,NA,NA,NA,0.894736842105263,0.906183368869936,0.816279069767442,0.607894736842105,NA,NA,NA,NA,175,2,105,1,1.19217519028571,0,1.03233235619048,NA,282,0.620567375886525,3,81,0.81,0.18,1.79326138289404
"39","ATHF18","16833",0,"SpaceCakesLevel 4-0-0",40,2132,33,"5003",1640,1.86790988865854,1.02539624688196,7,1.235018,0.923309696730373,485,2.11467538350515,1.29942462329381,21,18,1,2,226,264,282,500,276,92,NA,NA,1.63212280265487,1.70174380606061,1.41412039822695,1.980451974,2.27279698152174,2.48861079347826,NA,NA,1.14348998614395,0.767898380617442,0.658618319487248,1.00808469878274,1.10261935876166,1.26553101327615,NA,NA,388,355,310,639,320,120,NA,NA,226,264,282,500,276,92,NA,NA,0.582474226804124,0.743661971830986,0.909677419354839,0.782472613458529,0.8625,0.766666666666667,NA,NA,225,NA,260,NA,2.15035480177778,NA,2.11094858346154,NA,485,0.463917525773196,2,77,0.77,0.23,1.47769369837043
"40","ATHF18","16836",0.016125,"SpaceCakesLevel 4-3-0",19,2940,41,"6422",2571,1.10839507612213,0.556224466034033,2,2.17519505,1.75440256409126,367,1.22316697057221,0.646485944267235,24,18,1,2,200,499,760,596,222,294,NA,NA,0.8245852235,0.945058286773547,0.873820545144737,1.23082138489933,1.61646759234234,1.55324369285714,NA,NA,0.306270191913061,0.488434745435473,0.3103425793306,0.509308995547524,0.639224774658305,0.701637939725946,NA,NA,210,545,873,693,260,359,NA,NA,200,499,760,596,222,294,NA,NA,0.952380952380952,0.915596330275229,0.870561282932417,0.86002886002886,0.853846153846154,0.818941504178273,NA,NA,283,NA,81,3,1.39058240848057,NA,1.35210766419753,NA,364,0.777472527472527,1,87,0.87,0.12,2.30137792110489
"41","ATHF18","16839",0.35118,"SpaceCakesLevel 2-4-0",57,1648,20,"4093",1313,1.90460330548363,1.33889923711288,23,4.35356086956522,1.53288044448234,312,1.95178933301282,1.28277480475369,11,8,1,2,244,583,98,343,45,NA,NA,NA,1.25597553688525,1.31489651698113,1.29449927244898,3.46742436734694,2.47808784444444,NA,NA,NA,0.806079206625782,0.728423246817006,0.780207185484347,1.30499018278364,1.05920187507636,NA,NA,NA,270,712,150,459,57,NA,NA,NA,244,583,98,343,45,NA,NA,NA,0.903703703703704,0.818820224719101,0.653333333333333,0.747276688453159,0.789473684210526,NA,NA,NA,206,4,101,1,2.40636824417476,3.59819725,1.72066824950495,NA,311,0.662379421221865,3,80,0.8,0.19,1.71951752862414
"42","ATHF18","16842",0,"SpaceCakesLevel 2-4-1",11,1519,26,"3811",1119,1.17278278818588,0.831067432395254,45,1.56759833555556,1.43722840865989,355,1.01587781261972,0.943595732138248,15,13,1,2,103,261,256,451,48,NA,NA,NA,0.938328709708738,1.1902131505364,0.829231889453125,1.38457720086475,1.42339102708333,NA,NA,NA,0.461703207901557,0.94140521140387,0.542602324559428,0.741458918268739,1.71560846190239,NA,NA,NA,120,330,359,619,91,NA,NA,NA,103,261,256,451,48,NA,NA,NA,0.858333333333333,0.790909090909091,0.713091922005571,0.72859450726979,0.527472527472527,NA,NA,NA,222,6,126,1,1.17766751801802,0.631156683333333,0.940479995952381,NA,354,0.627118644067797,1,74,0.74,0.23,1.38219225457813
"43","ATM1F18","16921",0,"SpaceCakesLevel 2-4-0",99,1126,16,"3371",821,1.23680679415347,0.71845989688472,53,0.689413105660377,0.459943694311932,252,1.0140343925,0.774209942283782,10,9,1,2,55,110,NA,587,69,NA,NA,NA,1.32057438545455,1.11513174363636,NA,1.22772720511073,1.44125254492754,NA,NA,NA,0.814586353522044,0.523205378132762,NA,0.68619076851102,1.06226715266754,NA,NA,NA,60,130,NA,837,99,NA,NA,NA,55,110,NA,587,69,NA,NA,NA,0.916666666666667,0.846153846153846,NA,0.70131421744325,0.696969696969697,NA,NA,NA,171,3,78,NA,1.20169572748538,0.878681633333333,0.949126985897436,NA,252,0.678571428571429,9,73,0.73,0.22,1.38500620520531
"44","ATM1F18","16924",0.01277,"SpaceCakesLevel 2-3-1",20,741,13,"1495",618,1.40781025532362,0.696263822550183,3,1.01232496666667,0.127719773970217,120,1.46697033583333,0.856718425498765,11,8,1,2,57,108,28,425,NA,NA,NA,NA,1.12532306491228,1.29307021759259,0.897225185714286,1.5084927868,NA,NA,NA,NA,0.541154134795399,0.750784977394235,0.31845844469913,0.690368235043633,NA,NA,NA,NA,60,120,37,524,NA,NA,NA,NA,57,108,28,425,NA,NA,NA,NA,0.95,0.9,0.756756756756757,0.811068702290076,NA,NA,NA,NA,91,NA,28,1,1.73780258021978,NA,1.66373131785714,NA,119,0.764705882352941,3,83,0.83,0.16,1.94862313635595
"45","ATM1F18","16927",0,"SpaceCakesLevel 2-2-2",46,1042,15,"2434",674,1.45113738381306,1.08158582746791,99,0.750190305050505,0.826181614841501,269,1.14247299111524,1.49275027823441,6,3,0,2,80,90,NA,504,NA,NA,NA,NA,1.1501799675,0.966344461111111,NA,1.58547856704365,NA,NA,NA,NA,0.535448741259337,0.499900233820994,NA,1.18381158262519,NA,NA,NA,NA,90,109,NA,843,NA,NA,NA,NA,80,90,NA,504,NA,NA,NA,NA,0.888888888888889,0.825688073394495,NA,0.597864768683274,NA,NA,NA,NA,149,5,114,1,1.22021061409396,0.38204802,1.04759391236842,NA,268,0.555970149253731,4,65,0.65,0.26,1.02866587180048
"46","ATM1F18","16930",0.017,"SpaceCakesLevel 3-2-0",30,1286,19,"3707",1113,1.32715599694519,0.635152189761752,1,0,NA,172,1.54850664476744,0.859623285447885,16,15,1,2,183,238,212,323,157,NA,NA,NA,1.00685238688525,1.24589813067227,1.01781077924528,1.67818149256966,1.51922532101911,NA,NA,NA,0.493487314326997,0.625249406417938,0.418029514260832,0.6524208337643,0.574397611524657,NA,NA,NA,190,267,250,389,190,NA,NA,NA,183,238,212,323,157,NA,NA,NA,0.963157894736842,0.891385767790262,0.848,0.830334190231362,0.826315789473684,NA,NA,NA,125,NA,46,1,1.6955572392,NA,1.69217681304348,NA,171,0.730994152046784,2,87,0.87,0.13,2.2527822580776
"47","ATM1F18","16933",0.1997,"SpaceCakesLevel 3-3-0",49,1940,30,"5005",1583,1.17568869172457,0.558386648215987,4,1.29305375,0.402981050885667,353,1.13949524957507,0.722909146548856,17,13,1,2,165,274,174,619,351,NA,NA,NA,0.959674559393939,1.21233652189781,0.802336800574713,1.26170076171244,1.28202084017094,NA,NA,NA,0.533657306057683,0.685016741106061,0.265433420999835,0.514724975978196,0.538936329896338,NA,NA,NA,180,314,220,799,427,NA,NA,NA,165,274,174,619,351,NA,NA,NA,0.916666666666667,0.872611464968153,0.790909090909091,0.774718397997497,0.822014051522248,NA,NA,NA,258,1,93,1,1.32736800968992,1.151175,1.23724304946237,NA,352,0.732954545454545,3,82,0.82,0.18,1.83073017568563
"48","ATM1F18","16936",0.1169,"SpaceCakesLevel 3-2-0",30,1100,17,"3733",882,1.38830724387755,0.641662806040393,17,1.07898823529412,0.342420833701662,201,1.38721298960199,0.888532455971257,15,10,1,2,57,108,29,462,226,NA,NA,NA,0.975258703508772,1.23732178703704,0.815306737931034,1.38422423225108,1.64650884646018,NA,NA,NA,0.372898204037988,0.630593351599277,0.436104555882758,0.579073079080477,0.717113012809026,NA,NA,NA,60,120,31,619,270,NA,NA,NA,57,108,29,462,226,NA,NA,NA,0.95,0.9,0.935483870967742,0.746365105008078,0.837037037037037,NA,NA,NA,146,NA,51,4,1.52812410136986,NA,1.76437169431373,NA,197,0.741116751269036,3,80,0.8,0.18,1.75698632141573
"49","ATM1F18","16939",0.149615,"SpaceCakesLevel 2-3-0",40,539,14,"1366",412,1.45394505461165,0.696857698029942,0,NA,NA,127,1.61456531811024,1.06223056713654,8,8,1,2,74,83,NA,255,NA,NA,NA,NA,1.39924469459459,1.58579030361446,NA,1.42690454862745,NA,NA,NA,NA,0.639545340071005,1.14592376030951,NA,0.486832072176389,NA,NA,NA,NA,90,110,NA,339,NA,NA,NA,NA,74,83,NA,255,NA,NA,NA,NA,0.822222222222222,0.754545454545455,NA,0.752212389380531,NA,NA,NA,NA,80,NA,47,NA,1.618270735,NA,1.88515113191489,NA,127,0.62992125984252,7,76,0.76,0.24,1.41260512568018
"50","ATM1F18","16945",0,"SpaceCakesLevel 2-1-14",3,2296,42,"4755",1424,1.57981459576545,1.36784177803283,223,1.68304103318386,1.6521814660154,649,1.47859988885978,1.52785764040459,8,5,1,2,122,287,82,933,NA,NA,NA,NA,1.41848467622951,1.46384298780488,0.864565186585366,1.69944648560557,NA,NA,NA,NA,1.05533068218372,0.806197462631827,0.332141450120269,1.56081967095256,NA,NA,NA,NA,138,360,112,1686,NA,NA,NA,NA,122,287,82,933,NA,NA,NA,NA,0.884057971014493,0.797222222222222,0.732142857142857,0.55338078291815,NA,NA,NA,NA,393,19,236,1,1.60395819791349,1.65744026842105,1.40120216355932,NA,648,0.606481481481482,0,62,0.62,0.28,0.888322295370614
"51","ATM1F18","16948",0,"SpaceCakesLevel 3-2-0",50,1527,19,"3712",1415,1.33258163491166,0.819432497125346,0,NA,NA,112,2.14680959553571,1.35771455544329,18,17,1,2,282,295,264,383,191,NA,NA,NA,0.921993334751773,1.00093932813559,0.918140680681818,1.99568805613577,1.69416819895288,NA,NA,NA,0.458172908581242,0.549215423489054,0.356239071059943,0.965083859959091,0.703037190057879,NA,NA,NA,290,303,280,446,208,NA,NA,NA,282,295,264,383,191,NA,NA,NA,0.972413793103448,0.973597359735974,0.942857142857143,0.858744394618834,0.918269230769231,NA,NA,NA,89,NA,22,1,2.10389930674157,NA,3.21880214090909,NA,111,0.801801801801802,3,93,0.93,0.07,2.95158205635834
"52","ATM1F18","16951",0.016985,"SpaceCakesLevel 2-3-1",37,1250,18,"3647",977,1.34173126110542,0.726930806663142,11,1.41715877272727,1.16334905139006,262,1.16325163175573,0.773404130015684,10,7,1,2,228,193,42,514,NA,NA,NA,NA,1.07657576008772,1.35317460466321,0.886662023809524,1.49223670252918,NA,NA,NA,NA,0.671809127275881,0.59326818554208,0.458401110909033,0.765617831756599,NA,NA,NA,NA,280,240,60,670,NA,NA,NA,NA,228,193,42,514,NA,NA,NA,NA,0.814285714285714,0.804166666666667,0.7,0.767164179104478,NA,NA,NA,NA,182,1,78,1,1.38715648571429,2.935999,1.03792908089744,NA,261,0.697318007662835,3,78,0.78,0.21,1.57861446120693
"53","ATM1F18","16954",0,"SpaceCakesLevel 3-0-1",40,717,15,"1762",588,1.43006212447279,0.729715141269175,24,0.2154789625,0.509130003441257,105,1.244229678,1.04700355857581,14,11,1,2,60,114,88,264,62,NA,NA,NA,1.12449354,1.1813513754386,1.04610539090909,1.73461737386364,1.43123546596774,NA,NA,NA,0.547672468292438,0.529627677671508,0.41893922676968,0.813082843957583,0.626208116476275,NA,NA,NA,60,120,99,338,100,NA,NA,NA,60,114,88,264,62,NA,NA,NA,1,0.95,0.888888888888889,0.781065088757396,0.62,NA,NA,NA,67,2,36,NA,1.54966077910448,1.5094275,0.957974688888889,NA,105,0.638095238095238,6,82,0.82,0.15,1.9517984773366
"54","ATM1F18","16957",0.316565,"SpaceCakesLevel 3-2-0",70,1076,17,"3420",976,1.67725827438525,0.801315760641243,0,NA,NA,100,2.025158047,0.983103420261026,16,11,1,2,106,115,88,390,277,NA,NA,NA,1.15472528301887,1.27635902,1.38253110454545,1.9107715025641,1.80851366534296,NA,NA,NA,0.564307449734932,0.533581678607301,0.71598176682443,0.8173943051049,0.795254872013685,NA,NA,NA,110,120,100,438,308,NA,NA,NA,106,115,88,390,277,NA,NA,NA,0.963636363636364,0.958333333333333,0.88,0.89041095890411,0.899350649350649,NA,NA,NA,86,NA,13,1,2.50411673372093,NA,2.48973161538462,NA,99,0.868686868686869,7,91,0.91,0.09,2.68151006738043
"55","ATM1F18","16960",0.6342001,"SpaceCakesLevel 2-2-0",6,161,5,"294",124,2.23174821048387,1.10044889779756,3,1.60753366666667,0.533841493704202,34,2.1239528,1.02167225640667,3,2,1,2,NA,NA,NA,124,NA,NA,NA,NA,NA,NA,NA,2.23174821048387,NA,NA,NA,NA,NA,NA,NA,1.10044889779756,NA,NA,NA,NA,NA,NA,NA,161,NA,NA,NA,NA,NA,NA,NA,124,NA,NA,NA,NA,NA,NA,NA,0.770186335403727,NA,NA,NA,NA,20,NA,13,1,2.2010598,NA,1.96539230769231,NA,33,0.606060606060606,4,77,0.77,0.21,1.54526809620345
"56","ATM1F18","16983",0,"SpaceCakesLevel 2-2-4",2,1958,30,"4307",1184,1.15339189477196,1.11948668618531,69,0.939985786956522,1.37417072691232,705,1.0415962084539,1.28126616527896,7,4,1,2,306,319,NA,559,NA,NA,NA,NA,0.887115293235294,0.754797361724138,NA,1.52661603808587,NA,NA,NA,NA,0.769806199497354,0.762439782646538,NA,1.31625408581416,NA,NA,NA,NA,457,524,NA,977,NA,NA,NA,NA,306,319,NA,559,NA,NA,NA,NA,0.669584245076586,0.608778625954199,NA,0.572159672466735,NA,NA,NA,NA,393,4,306,2,1.03439084656489,1.05107975,0.925227503888889,NA,703,0.559032716927454,0,60,0.6,0.36,0.611805896386993
"57","ATM1F18","16989",0,"SpaceCakesLevel 2-1-0",40,1261,21,"2787",850,1.11343911152941,0.669769630368422,235,0.209312963404255,0.424977107138994,176,1.20958844142045,1.0345297869675,12,10,1,2,134,254,285,177,NA,NA,NA,NA,0.915976080597015,1.16589624645669,1.08130725964912,1.23939115480226,NA,NA,NA,NA,0.737729785612042,0.633704934953123,0.637036364946224,0.685033474455708,NA,NA,NA,NA,210,277,356,418,NA,NA,NA,NA,134,254,285,177,NA,NA,NA,NA,0.638095238095238,0.916967509025271,0.800561797752809,0.423444976076555,NA,NA,NA,NA,95,5,76,NA,1.29746320842105,0.647115,1.05134616842105,NA,176,0.539772727272727,3,67,0.67,0.14,1.52023250648819
"58","ATM1F18","16992",0,"SpaceCakesLevel 4-0-1",18,1668,28,"3739",1323,1.22024642380952,0.497147536709587,2,0.95119505,0.330155156493133,343,1.14449485014577,0.585597741958554,17,13,1,2,105,211,48,547,303,109,NA,NA,0.885037244761905,1.11442785592417,0.92989363125,1.29352687129799,1.23223065478548,1.47479678073395,NA,NA,0.265322043071325,0.645725098269754,0.401830310010051,0.485528766397555,0.327388811293247,0.568738814348316,NA,NA,120,270,60,720,360,138,NA,NA,105,211,48,547,303,109,NA,NA,0.875,0.781481481481481,0.8,0.759722222222222,0.841666666666667,0.789855072463768,NA,NA,235,NA,106,2,1.33197392382979,NA,1.15636694716981,NA,341,0.689149560117302,1,79,0.79,0.21,1.61284249403648
"59","ATM1F18","16995",0,"SpaceCakesLevel 2-4-0",100,1517,24,"3799",1205,1.28935089741909,0.816887994159969,24,0.6180906625,0.713291130159637,288,1.25505542173611,1.17298715016224,13,10,1,2,229,380,200,321,75,NA,NA,NA,1.04190171436681,1.48112789710526,0.9163182225,1.39961010778816,1.596069984,NA,NA,NA,0.561025483300545,1.04120096896081,0.527879536851197,0.697801955140198,0.760011759568695,NA,NA,NA,270,450,280,417,100,NA,NA,NA,229,380,200,321,75,NA,NA,NA,0.848148148148148,0.844444444444444,0.714285714285714,0.76978417266187,0.75,NA,NA,NA,189,2,95,2,1.31276742962963,2.452938,1.13696732915789,NA,286,0.660839160839161,7,79,0.79,0.19,1.68431754206947
"60","ATM1F18","16998",0,"SpaceCakesLevel 3-4-0",60,2149,26,"4937",1807,1.96974659789153,1.06167053891189,2,1.017805,1.43939363485115,340,2.11950678176471,1.23098521211375,19,16,1,2,225,387,211,488,441,55,NA,NA,1.51935357422222,1.68390514002584,1.32431021279621,2.45315899672131,2.15884503129252,2.49426463454545,NA,NA,1.02096565236886,1.08087095870654,0.689286588407174,1.06357731063157,0.878372623049533,0.971139259786104,NA,NA,269,473,240,600,507,60,NA,NA,225,387,211,488,441,55,NA,NA,0.836431226765799,0.818181818181818,0.879166666666667,0.813333333333333,0.869822485207101,0.916666666666667,NA,NA,244,1,93,2,2.40121473028689,0,2.19328918602151,NA,338,0.72189349112426,3,84,0.84,0.16,1.98891576641951
"61","ATM1F18","17007",0,"SpaceCakesLevel 2-4-2",10,1677,21,"4079",1303,1.21850528739831,0.819182076348791,45,1.50247664888889,1.08786563453686,329,1.05384232978723,1.02694605568534,15,12,1,2,56,145,173,706,223,NA,NA,NA,1.10583869285714,1.16446551172414,0.99792375433526,1.34696404050992,1.04636996134529,NA,NA,NA,0.527036618743405,0.51121484905124,0.43953485210981,0.94300653610536,0.773552813246265,NA,NA,NA,60,150,189,938,340,NA,NA,NA,56,145,173,706,223,NA,NA,NA,0.933333333333333,0.966666666666667,0.915343915343915,0.752665245202559,0.655882352941176,NA,NA,NA,230,3,94,2,1.2784198003913,1.4194733,0.89664345,NA,327,0.703363914373089,1,78,0.78,0.2,1.6138144477616
"62","ATM1F18","17010",0,"SpaceCakesLevel 2-2-0",40,1224,19,"2710",858,1.30239486503497,0.836990340016782,33,1.40370764545455,1.06643775332754,333,1.17445795171171,0.980980381095911,10,8,1,2,138,184,50,486,NA,NA,NA,NA,0.970164384057971,1.15679024184783,0.929869714,1.4901835781893,NA,NA,NA,NA,0.619793583118465,0.772263310311157,0.30885993032518,0.897559013859747,NA,NA,NA,NA,190,240,60,734,NA,NA,NA,NA,138,184,50,486,NA,NA,NA,NA,0.726315789473684,0.766666666666667,0.833333333333333,0.662125340599455,NA,NA,NA,NA,201,3,128,1,1.27791403532338,2.33548333333333,0.992345733671875,NA,332,0.605421686746988,3,70,0.7,0.27,1.13721350372467
"63","ATM1F18","17013",0,"SpaceCakesLevel 3-0-0",40,934,13,"2398",798,1.27960275651629,0.638602826617346,14,0,0,122,1.19823939270492,1.13183264120514,12,8,1,2,98,117,27,384,172,NA,NA,NA,0.912618455102041,1.2782864991453,0.963078511111111,1.42193451145833,1.22151685174419,NA,NA,NA,0.342393146776418,0.68692676916302,0.448253078652231,0.612693391874906,0.707751976158751,NA,NA,NA,100,120,30,458,226,NA,NA,NA,98,117,27,384,172,NA,NA,NA,0.98,0.975,0.9,0.838427947598253,0.761061946902655,NA,NA,NA,89,NA,32,1,1.39043869550562,NA,1.1542201909375,NA,121,0.735537190082645,4,85,0.85,0.13,2.16282451853259
"64","ATM1F18","17016",0.417185,"SpaceCakesLevel 3-0-0",7,1022,16,"3023",860,1.7712961144186,0.934987320594966,0,NA,NA,162,1.86426487777778,1.04554698552396,11,9,1,2,52,124,NA,595,89,NA,NA,NA,1.34873395576923,1.96185365967742,NA,1.77974114705882,1.69623209438202,NA,NA,NA,0.437803359857904,1.38169865352802,NA,0.869243896504978,0.70061896962426,NA,NA,NA,60,140,NA,723,99,NA,NA,NA,52,124,NA,595,89,NA,NA,NA,0.866666666666667,0.885714285714286,NA,0.822959889349931,0.898989898989899,NA,NA,NA,123,NA,39,NA,2.11306115284553,NA,1.76125124871795,NA,162,0.759259259259259,1,84,0.84,0.16,1.98891576641951
"65","ATM1F18","17019",0.13353,"SpaceCakesLevel 2-4-0",99,804,13,"2074",691,1.32227301693198,0.581776933703096,0,NA,NA,113,1.24666335575221,0.640642335607151,11,10,1,2,152,167,27,265,80,NA,NA,NA,1.13166938289474,1.21475386467066,0.860235733333333,1.52878356377358,1.38073754875,NA,NA,NA,0.410363760804339,0.617391280924239,0.223312616345479,0.577552355235338,0.623263241931667,NA,NA,NA,159,180,30,336,99,NA,NA,NA,152,167,27,265,80,NA,NA,NA,0.955974842767296,0.927777777777778,0.9,0.788690476190476,0.808080808080808,NA,NA,NA,82,NA,29,2,1.61285977804878,NA,1.1931694862069,NA,111,0.738738738738739,12,86,0.86,0.14,2.16063868162991
"66","ATM1F18","17022",0.08375001,"SpaceCakesLevel 3-3-0",98,1306,20,"3203",1073,1.65042554129543,0.768049028282121,10,1.82023101,0.832601993581354,223,1.6282232470852,1.03128200965763,15,14,1,2,95,117,26,488,347,NA,NA,NA,1.09122401684211,1.44843513162393,0.9574677,1.7484567319877,1.78568405878963,NA,NA,NA,0.461305891063602,0.651078684929501,0.495614439009337,0.674122532916259,0.89594193969533,NA,NA,NA,120,120,30,598,438,NA,NA,NA,95,117,26,488,347,NA,NA,NA,0.791666666666667,0.975,0.866666666666667,0.816053511705686,0.792237442922374,NA,NA,NA,148,1,74,NA,1.97989442635135,1.30145,1.61402789459459,NA,223,0.663677130044843,8,82,0.82,0.17,1.86953034098901
"67","ATM1F18","17025",0,"SpaceCakesLevel 2-3-1",20,1306,19,"3102",1065,1.52744359247887,0.749928521831069,48,1.9188708625,1.10381321804052,193,1.22741435492228,1.0319631082273,14,13,1,2,136,240,189,500,NA,NA,NA,NA,1.88875792573529,1.85400405083333,1.12574228148148,1.42426016938,NA,NA,NA,NA,0.60890697705472,0.776064885261964,0.39651115741663,0.769744565880847,NA,NA,NA,NA,140,270,229,667,NA,NA,NA,NA,136,240,189,500,NA,NA,NA,NA,0.971428571428571,0.888888888888889,0.825327510917031,0.749625187406297,NA,NA,NA,NA,132,2,58,1,1.44758219083333,2.4143225,1.05692717068966,NA,192,0.6875,2,82,0.82,0.15,1.9517984773366
"68","ATM1F18","17028",0.31731,"SpaceCakesLevel 5-0-0",25,1617,26,"3558",1478,1.25843692117727,0.504741184775725,1,1.81134,NA,138,1.3600123615942,0.629721347890429,25,24,1,2,115,221,185,283,244,333,97,NA,0.8348934,0.996583388687783,0.796356484324324,1.35283749823322,1.36871569877049,1.56635902042042,1.62854591443299,NA,0.303084891297009,0.488331189130353,0.321557044893409,0.385993256070562,0.330460973082547,0.47886952928661,0.500066839027388,NA,120,240,204,320,260,368,105,NA,115,221,185,283,244,333,97,NA,0.958333333333333,0.920833333333333,0.906862745098039,0.884375,0.938461538461538,0.904891304347826,0.923809523809524,NA,116,NA,20,2,1.51449113448276,NA,1.43986954,NA,136,0.852941176470588,2,91,0.91,0.09,2.68151006738043
"69","ATM1F18","17031",0,"SpaceCakesLevel 3-3-0",60,1432,25,"3258",1191,1.41200264324097,0.701110694287296,7,0,0,234,1.3381459991453,0.760668367200475,19,15,1,2,60,112,209,530,280,NA,NA,NA,1.00601353166667,1.17189763392857,1.04044810287081,1.55017482377358,1.61084103964286,NA,NA,NA,0.458952086117928,0.635650086942319,0.453467697169983,0.684968815622153,0.781316896416574,NA,NA,NA,60,120,230,654,368,NA,NA,NA,60,112,209,530,280,NA,NA,NA,1,0.933333333333333,0.908695652173913,0.81039755351682,0.760869565217391,NA,NA,NA,177,NA,56,1,1.71132318135593,NA,1.27725919642857,NA,233,0.759656652360515,4,83,0.83,0.16,1.94862313635595
"70","ATM1F18","17035",0.050125,"SpaceCakesLevel 4-1-0",40,1615,27,"4018",1346,1.32858859279346,0.680651694331515,2,1.026145,1.45118817596134,267,1.36485121011236,0.869513720670609,22,19,1,2,131,199,183,412,251,170,NA,NA,0.988177261832061,1.09523840753769,0.885487083060109,1.57102457063107,1.58771493984064,1.37090513117647,NA,NA,0.33672618373478,0.682324185242902,0.35501945350636,0.751874946906147,0.589183041121583,0.64730024249371,NA,NA,140,220,230,527,280,218,NA,NA,131,199,183,412,251,170,NA,NA,0.935714285714286,0.904545454545455,0.795652173913043,0.781783681214421,0.896428571428571,0.779816513761468,NA,NA,189,NA,77,1,1.5241905962963,NA,1.25326285974026,NA,266,0.710526315789474,2,83,0.83,0.17,1.90833050629239
"71","ATM1F18","17038",0,"SpaceCakesLevel 4-2-0",59,2784,36,"6360",2281,1.19525461092065,0.753129903059828,15,0.915204332666667,0.722199356938384,488,1.11696553870902,0.998670373061892,23,17,1,2,173,403,394,429,380,502,NA,NA,0.94106742716763,1.10280794590571,0.859533582741117,1.38923544125874,1.43691826078947,1.27185722193227,NA,NA,0.498279517507176,0.586694568236833,0.341161859153851,0.630230047558726,0.909933757837991,0.981155874692287,NA,NA,180,420,420,515,477,772,NA,NA,173,403,394,429,380,502,NA,NA,0.961111111111111,0.95952380952381,0.938095238095238,0.833009708737864,0.79664570230608,0.650259067357513,NA,NA,323,4,159,2,1.20913498606811,0.99767375,0.989236428301887,NA,486,0.664609053497942,2,82,0.82,0.18,1.83073017568563
"72","ATM1F18","17041",0,"SpaceCakesLevel 2-4-0",60,1031,15,"3373",848,1.36125238903302,0.813103418096054,7,2.77931571428571,0.811221026763096,176,1.502415175,0.975684334331474,10,8,1,2,214,228,NA,359,47,NA,NA,NA,1.04312403925234,1.19650483026316,NA,1.60273338245125,1.76444884893617,NA,NA,NA,0.533912876219776,0.625761166557217,NA,0.939046122277956,0.912095859065332,NA,NA,NA,240,254,NA,477,60,NA,NA,NA,214,228,NA,359,47,NA,NA,NA,0.891666666666667,0.897637795275591,NA,0.752620545073375,0.783333333333333,NA,NA,NA,138,1,37,NA,1.58206704710145,1.90211,1.71914191081081,NA,176,0.784090909090909,6,82,0.82,0.17,1.86953034098901
"73","ATM1F18","17044",0,"SpaceCakesLevel 3-0-2",40,2078,24,"4861",1704,1.96404138679577,1.16619724506946,31,2.80626474516129,2.035072519031,343,2.03129977991254,1.17805474373399,15,9,1,2,286,400,310,566,142,NA,NA,NA,1.49543729160839,1.76428018525,1.6487879183871,2.49895335035336,2.02667276478873,NA,NA,NA,0.695422083511354,1.07834365356225,0.872220076343257,1.38752710174297,0.920209762741251,NA,NA,NA,300,434,390,779,175,NA,NA,NA,286,400,310,566,142,NA,NA,NA,0.953333333333333,0.921658986175115,0.794871794871795,0.726572528883184,0.811428571428571,NA,NA,NA,233,2,107,1,2.2286646806867,4.0459125,1.84014061775701,NA,342,0.681286549707602,2,82,0.82,0.17,1.86953034098901
"74","ATM1F18","17047",0.116145,"SpaceCakesLevel 4-2-0",59,1807,22,"5174",1649,1.50579403135233,0.761548170433007,2,1.5016625,0.283129090721,156,1.94463813205128,1.1082098626929,20,16,1,2,201,327,129,362,336,294,NA,NA,1.00697805721393,1.0589434969419,1.03201954418605,1.70684477154696,1.81878947202381,1.94644780136054,NA,NA,0.506553628915864,0.541344004193612,0.456918537822344,0.671308803466833,0.69221416525845,0.846766585449712,NA,NA,210,344,150,399,369,335,NA,NA,201,327,129,362,336,294,NA,NA,0.957142857142857,0.950581395348837,0.86,0.907268170426065,0.910569105691057,0.877611940298507,NA,NA,120,NA,35,1,2.02445572166667,NA,2.26735674571429,NA,155,0.774193548387097,3,91,0.91,0.09,2.68151006738043
"75","ATM1F18","17050",0,"SpaceCakesLevel 3-3-0",60,1146,18,"2514",852,1.35735301962441,0.68658689445566,11,0.826658081818182,1.03054085128221,283,1.11738032791519,0.981241527886516,9,4,0,2,NA,NA,NA,474,378,NA,NA,NA,NA,NA,NA,1.36401454748945,1.34899967515873,NA,NA,NA,NA,NA,NA,0.576638894547552,0.804227800839117,NA,NA,NA,NA,NA,NA,640,506,NA,NA,NA,NA,NA,NA,474,378,NA,NA,NA,NA,NA,NA,0.740625,0.74703557312253,NA,NA,NA,201,4,77,1,1.20816247218905,1.47686975,1.18601092727273,NA,282,0.712765957446808,5,74,0.74,0.25,1.317835155589
"76","ATM1F18","17547",0.067415,"SpaceCakesLevel 6-2-0",38,3223,40,"7382",2721,1.60741322080118,0.846003503168595,4,2.91699375,0.292381126282546,498,1.75253404495984,1.12113434748629,31,27,1,2,111,212,111,237,272,744,894,140,0.990017094594595,1.09601272783019,0.955007607207207,1.22322969493671,1.43749210294118,1.57724271935484,2.06073981498881,1.63461190071429,0.356840888867415,0.410774789117334,0.316568097106422,0.428086305574938,0.463082102825914,0.625922437340066,1.09879296779396,0.557343878723746,120,240,130,280,320,895,1080,158,111,212,111,237,272,744,894,140,0.925,0.883333333333333,0.853846153846154,0.846428571428571,0.85,0.831284916201117,0.827777777777778,0.886075949367089,380,NA,116,2,1.83920507157895,NA,1.82437589137931,NA,496,0.766129032258065,1,84,0.84,0.15,2.03089127270354
"77","ATM1F18","17550",0.03344,"SpaceCakesLevel 5-2-0",20,2629,40,"5936",2163,1.76930393619972,0.868702001347922,2,1.7680425,0.943043565331157,464,1.87233081982759,0.889636525461489,26,24,1,2,105,199,87,469,245,896,162,NA,1.25881927619048,1.35440881708543,1.18021296666667,1.55767965138593,2.07879377142857,1.86971829743304,2.51542396481481,NA,0.706287489408149,0.900199772169122,0.518129635890474,0.656423891550818,0.971427131518822,0.801341420367473,0.977971821520381,NA,120,210,99,607,280,1134,179,NA,105,199,87,469,245,896,162,NA,0.875,0.947619047619048,0.878787878787879,0.772652388797364,0.875,0.790123456790123,0.905027932960894,NA,331,1,130,2,2.01425191782477,2.434875,1.90866164461538,NA,462,0.716450216450216,1,82,0.82,0.18,1.83073017568563
"78","ATM1F18","17553",0.049165,"SpaceCakesLevel 5-4-0",20,2520,34,"6089",2131,2.44239630206007,1.342706199357,2,4.563483,0.365741083073805,387,2.86705469664083,1.4788669594281,26,21,1,2,112,194,48,384,238,734,407,14,1.1755479625,1.39501686804124,1.49296247916667,2.74572923515625,2.52713290252101,2.41330906185286,3.17155482110565,0.912882557142857,0.741432894450909,0.898518428858017,0.60758891888879,1.22891513312471,1.12109979317771,1.17552594179261,1.5584359141401,0.784639228488064,120,209,60,494,280,877,460,20,112,194,48,384,238,734,407,14,0.933333333333333,0.92822966507177,0.8,0.777327935222672,0.85,0.836944127708096,0.884782608695652,0.7,294,2,89,2,3.22703724489796,4.563483,3.16198071011236,NA,385,0.763636363636364,1,85,0.85,0.15,2.07286677898758
"79","ATM1F18","17557",0,"SpaceCakesLevel 4-0-4",10,2185,31,"5409",1719,1.38734780494474,0.77709595325995,4,0.8968125,0.246905802297826,462,1.24375641995671,0.901939820360603,17,12,1,2,107,264,80,636,430,202,NA,NA,0.923551101869159,1.15152313181818,0.78173914625,1.6429823908805,1.38868547674419,1.37335700346535,NA,NA,0.38963271190899,0.589715137195677,0.382549235436023,0.88319173580818,0.579329950831102,0.920754971222025,NA,NA,120,329,120,780,517,319,NA,NA,107,264,80,636,430,202,NA,NA,0.891666666666667,0.802431610942249,0.666666666666667,0.815384615384615,0.831721470019342,0.633228840125392,NA,NA,302,1,156,3,1.48525565695364,0.75121,1.20549315711538,NA,459,0.657952069716776,0,79,0.79,0.21,1.61284249403648
"80","ATM1F18","17560",0,"SpaceCakesLevel 3-3-0",30,1680,24,"4500",1334,1.75433002254873,1.12041946892902,22,2.40779067318182,2.24468862246988,324,1.47119669632716,1.2595003494674,16,13,1,2,114,178,53,605,384,NA,NA,NA,0.936007842105263,1.39697404382022,1.05095396603774,2.08692002228099,1.73599688177083,NA,NA,NA,0.486627280990055,0.990002819882735,0.397915257744698,1.31740209199329,0.765238849640664,NA,NA,NA,120,230,60,798,472,NA,NA,NA,114,178,53,605,384,NA,NA,NA,0.95,0.773913043478261,0.883333333333333,0.758145363408521,0.813559322033898,NA,NA,NA,211,3,108,2,1.80080846393365,1.88454796666667,1.21472018907407,NA,322,0.65527950310559,2,79,0.79,0.19,1.68431754206947
"81","ATM1F18","17563",0,"SpaceCakesLevel 4-2-0",20,1795,24,"3808",1415,1.66692502255124,0.818071432059016,3,0,0,377,1.5774573270557,0.970767405354302,13,9,1,2,NA,NA,NA,600,459,356,NA,NA,NA,NA,NA,1.74114743233333,1.57237179869281,1.66374098851124,NA,NA,NA,NA,NA,0.723637126617324,0.667534216672635,1.08918052556478,NA,NA,NA,NA,NA,758,537,500,NA,NA,NA,NA,NA,600,459,356,NA,NA,NA,NA,NA,0.79155672823219,0.854748603351955,0.712,NA,NA,266,1,108,2,1.70881430981203,0,1.419586475,NA,375,0.709333333333333,1,79,0.79,0.21,1.61284249403648
"82","ATM1F18","17564",0,"SpaceCakesLevel 3-4-1",79,1871,22,"5189",1568,1.68342743616071,0.828271419321695,2,2.194555,1.75877962577749,301,1.44900547312292,0.891396631399524,16,12,1,2,106,198,68,631,435,130,NA,NA,1.13887953584906,1.22616782272727,1.29873965147059,1.87279097083994,1.90296490206897,1.37135868384615,NA,NA,0.520810779730554,0.602472990073027,0.615353563036948,0.8448327975821,0.729742516085248,1.00285481788684,NA,NA,120,210,90,759,496,196,NA,NA,106,198,68,631,435,130,NA,NA,0.883333333333333,0.942857142857143,0.755555555555556,0.831357048748353,0.877016129032258,0.663265306122449,NA,NA,230,NA,69,2,1.82533051086957,NA,1.2696818942029,NA,299,0.769230769230769,4,84,0.84,0.16,1.98891576641951
"83","ATM1F18","17567",0,"SpaceCakesLevel 5-4-0",20,2384,29,"5438",2150,1.98370083767442,1.04621877050156,1,0,NA,233,2.27928924678112,1.37484877852378,26,20,1,2,111,198,54,309,293,530,636,19,1.38880135135135,1.60680483888889,1.2944842462963,1.75683732071197,1.6379446105802,2.22160563924528,2.31846348867925,2.52505647368421,0.869842127862096,1.16681372193991,0.604176896756996,0.791248435544237,0.642985055358041,1.13496052860519,1.06453606988953,0.944127231551057,120,220,90,360,320,579,675,20,111,198,54,309,293,530,636,19,0.925,0.9,0.6,0.858333333333333,0.915625,0.915371329879102,0.942222222222222,0.95,178,1,52,2,2.64267094494382,0,2.50133504038462,NA,231,0.770562770562771,1,90,0.9,0.1,2.5631031310892
"84","ATM1F18","17570",0,"SpaceCakesLevel 3-4-0",80,2240,33,"5638",1617,1.39323540915894,0.977014650006488,7,0.512652857142857,0.632025580836838,616,1.09716558375,0.949582439078539,17,10,1,2,122,174,97,535,621,68,NA,NA,1.85777582704918,1.20251156149425,0.615123095876289,1.57548654915888,1.34462976151369,1.16777452955882,NA,NA,1.38693343358607,0.698442804050617,0.289503052004055,0.999472389260225,0.926619670512882,0.748216267385455,NA,NA,150,210,150,760,890,80,NA,NA,122,174,97,535,621,68,NA,NA,0.813333333333333,0.828571428571429,0.646666666666667,0.703947368421053,0.697752808988764,0.85,NA,NA,401,1,213,1,1.23714609254364,1.75257,0.912687105164319,NA,615,0.652032520325203,4,72,0.72,0.28,1.16568301454243
"85","ATM1F18","17574",0,"SpaceCakesLevel 3-3-0",29,1574,20,"3897",1360,1.40452145984559,0.762871812365971,2,2.202313,0.896481290896804,212,1.26230335990566,0.971935768456367,15,14,1,2,118,173,24,490,555,NA,NA,NA,0.91911206779661,1.01096899595376,1.14286743333333,1.65597702673469,1.41970948394595,NA,NA,NA,0.469940885092009,0.602325439742407,0.707150441198581,0.823811069983152,0.70062071333596,NA,NA,NA,120,180,30,580,664,NA,NA,NA,118,173,24,490,555,NA,NA,NA,0.983333333333333,0.961111111111111,0.8,0.844827586206897,0.835843373493976,NA,NA,NA,150,2,59,1,1.652199844,2.202313,1.22973757288136,NA,211,0.710900473933649,2,86,0.86,0.13,2.20671046985376
"86","ATM1F18","17577",0,"SpaceCakesLevel 4-0-0",38,1972,26,"4722",1660,1.93994952440361,1.09936366918558,41,2.17972775609756,1.76293542287307,271,1.8349068797417,1.44566431780653,18,15,1,2,57,113,97,604,583,206,NA,NA,1.18853988421053,1.12711631681416,1.06814395051546,2.12072823476821,2.01409211475129,2.26436783208738,NA,NA,0.781384121291491,0.577911012564869,0.68041028153418,1.13028396255786,0.986621247884695,1.26287799305074,NA,NA,60,120,120,766,636,270,NA,NA,57,113,97,604,583,206,NA,NA,0.95,0.941666666666667,0.808333333333333,0.788511749347259,0.916666666666667,0.762962962962963,NA,NA,170,8,92,1,2.13084413588235,3.02023275,1.58177089673913,NA,270,0.62962962962963,2,84,0.84,0.14,2.07477722402471
"87","ATM1F18","17581",0,"SpaceCakesLevel 4-0-0",77,1845,22,"4795",1519,1.79766140072416,0.902894228850387,3,2.42503033333333,1.5122259591213,323,1.83041771609907,0.992247714938612,17,15,1,2,110,193,27,575,435,179,NA,NA,1.1133438,1.14764074974093,2.4958744037037,1.97762024017391,1.92577414436782,1.92431947039106,NA,NA,0.693744586655206,0.735126522086859,1.20095654092923,0.91515945795444,0.784224331295558,0.825437284451488,NA,NA,120,210,60,712,506,237,NA,NA,110,193,27,575,435,179,NA,NA,0.916666666666667,0.919047619047619,0.45,0.807584269662921,0.859683794466403,0.755274261603376,NA,NA,231,2,89,1,2.07326716103896,3.0284155,1.93109873033708,NA,322,0.717391304347826,4,82,0.82,0.18,1.83073017568563
"88","ATM1F18","17584",0,"SpaceCakesLevel 4-0-0",39,1965,31,"4122",1496,1.41101209953877,0.631673725252529,5,0.87758698,0.749682325036313,464,1.31338368857759,0.850789066827966,17,13,1,2,79,111,90,755,378,83,NA,NA,1.12773672278481,1.34444121801802,0.858598683333333,1.46875337988079,1.46579380925926,1.59394194457831,NA,NA,0.492696567842358,0.639883319597186,0.376713428266077,0.682421595722225,0.486035303819931,0.689621051679032,NA,NA,90,120,150,1048,438,119,NA,NA,79,111,90,755,378,83,NA,NA,0.877777777777778,0.925,0.6,0.720419847328244,0.863013698630137,0.697478991596639,NA,NA,268,1,195,NA,1.26761092279851,0.61742,1.14805313384615,NA,464,0.577586206896552,2,76,0.76,0.24,1.41260512568018
"89","ATM1F18","17588",0.02028,"SpaceCakesLevel 4-1-2",40,2084,27,"5173",1803,1.55110296084859,0.79740906972253,4,0.779804,0.731541539026094,277,1.64440670649819,0.992558547680942,21,18,1,2,117,224,158,432,537,335,NA,NA,0.859600344444444,1.14614427544643,0.890567955696203,1.83347012523148,1.69235218808194,1.78437947555224,NA,NA,0.320309226361654,0.650617823217986,0.345501625520702,0.886156517970234,0.662302951418761,0.815660781485579,NA,NA,120,240,170,531,596,427,NA,NA,117,224,158,432,537,335,NA,NA,0.975,0.933333333333333,0.929411764705882,0.813559322033898,0.901006711409396,0.784543325526932,NA,NA,192,1,84,NA,1.93742417348958,1.585001,1.66749005357143,NA,277,0.693140794223827,2,87,0.86,0.13,2.20671046985376
"90","ATM1F18","17591",0.015995,"SpaceCakesLevel 3-4-0",40,1594,22,"3980",1293,1.83756695777262,0.869423731334331,3,2.0967497,1.26383885819905,298,1.86055308691275,1.01602612359014,18,15,1,2,104,111,107,513,427,31,NA,NA,1.36773161923077,1.47201241261261,1.38413824859813,2.05981341929825,1.88645234519906,1.93659297096774,NA,NA,0.581443762062284,0.764718821270544,0.493032771540863,0.896300304294621,0.84723001801139,1.26690521018972,NA,NA,119,120,130,677,508,40,NA,NA,104,111,107,513,427,31,NA,NA,0.873949579831933,0.925,0.823076923076923,0.757754800590842,0.840551181102362,0.775,NA,NA,201,1,94,2,2.21139814129353,2.48595,2.1123791712766,NA,296,0.679054054054054,3,81,0.81,0.19,1.75579259010246
"91","ATM1F18","17595",0,"SpaceCakesLevel 3-4-0",78,1957,22,"4718",1656,1.13928503702899,0.588515609430899,0,NA,NA,301,1.02346417900332,0.794248461018985,18,15,1,2,110,254,153,530,552,57,NA,NA,0.859885416363636,1.05157035944882,0.904370217647059,1.30676403754717,1.14439798737319,1.09313126298246,NA,NA,0.298411429618677,0.616455727627087,0.450314516454723,0.642341078840182,0.54145154971003,0.637332819648342,NA,NA,120,270,160,679,650,78,NA,NA,110,254,153,530,552,57,NA,NA,0.916666666666667,0.940740740740741,0.95625,0.780559646539028,0.849230769230769,0.730769230769231,NA,NA,221,NA,79,1,1.38183746923077,NA,0.983724080886076,NA,300,0.736666666666667,4,85,0.85,0.15,2.07286677898758
"92","ATM1F18","17597",0,"SpaceCakesLevel 5-0-0",40,1702,19,"4087",1429,2.5056035519944,1.28568828721319,13,1.00964592307692,1.98582392470957,260,2.78263929961538,1.61789629500027,16,12,1,2,NA,NA,NA,302,271,591,265,NA,NA,NA,NA,2.54563017582781,2.10452072398524,2.68047003045685,2.48016701320755,NA,NA,NA,NA,1.13563597014947,0.927732018823903,1.40830813329406,1.386367969484,NA,NA,NA,NA,369,285,690,358,NA,NA,NA,NA,302,271,591,265,NA,NA,NA,NA,0.818428184281843,0.950877192982456,0.856521739130435,0.740223463687151,NA,180,2,78,NA,3.00506807333333,5.077799,2.90260785,NA,260,0.692307692307692,2,84,0.84,0.15,2.03089127270354
"93","ATM1F18","17601",0.049005,"SpaceCakesLevel 3-4-0",69,1405,20,"3794",1277,1.95211610086139,1.08622995880944,5,2.5480306,1.6441533187207,123,2.21123869512195,1.25866719340177,17,16,1,2,112,176,74,451,401,63,NA,NA,1.00883193303571,1.13050982102273,1.09482882162162,2.21816150044346,2.27497414538653,2.97175482539683,NA,NA,0.467786322439225,0.668309061154779,0.456148945054955,1.10249491314923,0.954990038818368,1.01650468314477,NA,NA,120,180,90,517,429,69,NA,NA,112,176,74,451,401,63,NA,NA,0.933333333333333,0.977777777777778,0.822222222222222,0.872340425531915,0.934731934731935,0.91304347826087,NA,NA,91,2,30,NA,2.38938667582418,1.0005325,2.02072956,NA,123,0.739837398373984,5,91,0.91,0.09,2.68151006738043
"94","ATM1F18","17607",0.351235,"SpaceCakesLevel 2-1-0",27,306,8,"550",176,3.13071060284091,1.35508314302762,20,2.6771162,2.11569887080614,110,3.32521486636364,1.64673663993129,2,1,0,2,NA,NA,NA,176,NA,NA,NA,NA,NA,NA,NA,3.13071060284091,NA,NA,NA,NA,NA,NA,NA,1.35508314302762,NA,NA,NA,NA,NA,NA,NA,306,NA,NA,NA,NA,NA,NA,NA,176,NA,NA,NA,NA,NA,NA,NA,0.57516339869281,NA,NA,NA,NA,55,5,50,NA,3.35635042,3.9546546,3.365650384,NA,110,0.5,9,58,0.57,0.36,0.534832958032055
"95","ATM1F18","17608",0,"SpaceCakesLevel 4-1-5",40,2375,33,"4959",1808,1.2473044497677,0.666233960830025,0,NA,NA,567,0.969789610970018,0.740750696614256,18,15,1,2,106,243,42,592,364,461,NA,NA,1.06363383018868,1.34085550534979,0.89330000952381,1.30626203054054,1.33964528928571,1.12385415097614,NA,NA,0.682421015312075,0.814994738360693,0.397590002000105,0.623287180033832,0.52741441558264,0.710520065726041,NA,NA,120,300,60,759,459,677,NA,NA,106,243,42,592,364,461,NA,NA,0.883333333333333,0.81,0.7,0.779973649538867,0.793028322440087,0.680945347119645,NA,NA,354,NA,211,2,0.992848206779661,NA,0.830101292938389,NA,565,0.626548672566372,2,76,0.76,0.24,1.41260512568018
"96","ATM1F18","17613",0.033515,"SpaceCakesLevel 3-4-0",80,1678,24,"4051",1350,1.98132930733333,0.998434393517897,2,3.770445,0.636884006746911,326,1.93312019171779,1.07252723797289,17,14,1,2,72,102,90,608,408,70,NA,NA,1.19715476666667,1.66016409705882,1.27892972222222,1.988538071875,2.34180960465686,1.99527917714286,NA,NA,0.670322147286012,0.904510548484468,0.653232644191706,0.925712922720637,1.07447374531325,0.850924164741971,NA,NA,80,120,120,799,479,80,NA,NA,72,102,90,608,408,70,NA,NA,0.9,0.85,0.75,0.760951188986233,0.851774530271399,0.875,NA,NA,233,1,90,2,2.18483721416309,4.22079,1.58572207666667,NA,324,0.719135802469136,5,80,0.8,0.19,1.71951752862414
"97","ATM1F18","17618",0.0165,"SpaceCakesLevel 4-0-0",38,1876,27,"4547",1502,1.29224841032623,0.589455613832487,0,NA,NA,374,1.06784051791444,0.692621926082639,18,15,1,2,96,110,63,681,399,153,NA,NA,0.902079692708333,1.08534965272727,0.928910644444444,1.30428164522761,1.4226898764411,1.44168998895425,NA,NA,0.324612585999155,0.495256264169927,0.339408880853036,0.626451815886266,0.528421553588942,0.637160714721556,NA,NA,110,120,90,911,459,186,NA,NA,96,110,63,681,399,153,NA,NA,0.872727272727273,0.916666666666667,0.7,0.747530186608123,0.869281045751634,0.82258064516129,NA,NA,243,NA,128,3,1.20463532514403,NA,0.98644241328125,NA,371,0.654986522911051,2,80,0.8,0.2,1.68324246714583
"98","ATM1F18","17622",0,"SpaceCakesLevel 3-3-0",80,1808,26,"4048",1410,1.49046896346809,0.801598704172733,3,1.684725,0.216564063904887,395,1.35067258053165,0.846852308587286,15,10,1,2,127,201,51,623,408,NA,NA,NA,1.29868916771654,1.19301875124378,0.974207558823529,1.62610262247191,1.55412849482843,NA,NA,NA,0.794139876901275,0.723801419858859,0.456058446695427,0.819945316773186,0.77330864147727,NA,NA,NA,150,240,60,859,499,NA,NA,NA,127,201,51,623,408,NA,NA,NA,0.846666666666667,0.8375,0.85,0.725261932479627,0.817635270541082,NA,NA,NA,260,2,130,3,1.58300680961538,1.7431875,1.30306148623077,NA,392,0.663265306122449,4,78,0.78,0.22,1.54438642837737
"99","ATM1F18","18572",0.0827,"SpaceCakesLevel 3-1-0",7,854,16,"1770",638,3.45456156567398,1.22370924123276,18,1.35253261111111,1.14396347829687,198,2.85551597575758,1.23489354419741,8,4,0,2,9,NA,NA,525,104,NA,NA,NA,1.42012777777778,NA,NA,3.50063390457143,3.398041625,NA,NA,NA,0.841744091136489,NA,NA,1.20239820567712,1.21455808762002,NA,NA,NA,14,NA,NA,700,140,NA,NA,NA,9,NA,NA,525,104,NA,NA,NA,0.642857142857143,NA,NA,0.75,0.742857142857143,NA,NA,NA,135,4,57,2,3.29172908148148,1.45213475,2.73699694736842,NA,196,0.688775510204082,1,75,0.75,0.23,1.4133365993813
"100","ATMBF18","17058",0.082855,"SpaceCakesLevel 3-4-0",10,1920,34,"4600",1651,1.53183978843125,0.734962140433575,8,0.7153325,0.71540438530047,261,1.50421200306513,0.779886222264442,20,17,1,2,162,468,267,468,276,10,NA,NA,1.14195954135802,1.39998486517094,1.24140336741573,1.86709684679487,1.69624492210145,1.54575062,NA,NA,0.587776844011052,0.636498989191369,0.56880293197865,0.841064871527166,0.637020910699951,0.587569930156041,NA,NA,180,540,330,540,320,10,NA,NA,162,468,267,468,276,10,NA,NA,0.9,0.866666666666667,0.809090909090909,0.866666666666667,0.8625,1,NA,NA,204,NA,56,1,1.90407727352941,NA,1.697585825,NA,260,0.784615384615385,1,86,0.86,0.14,2.16063868162991
"101","ATMBF18","17061",0,"SpaceCakesLevel 3-4-0",50,1750,28,"4219",1495,1.71473879839465,1.0855303823041,9,1.88721057777778,1.68886269379544,246,1.98883002398374,1.3739146893995,17,11,1,2,166,515,176,352,244,42,NA,NA,1.02836387951807,1.30286017087379,1.07601821875,2.42375054119318,2.47513531844262,1.79477849761905,NA,NA,0.471017476021826,0.929158590533829,0.568978389331557,1.02820760114175,1.04558844976992,0.870440354013321,NA,NA,190,600,210,420,280,50,NA,NA,166,515,176,352,244,42,NA,NA,0.873684210526316,0.858333333333333,0.838095238095238,0.838095238095238,0.871428571428571,0.84,NA,NA,177,5,64,NA,2.0553491779661,2.11211902,2.0666749875,NA,246,0.719512195121951,3,85,0.85,0.14,2.11675273030875
"102","ATMBF18","17064",0.09267999,"SpaceCakesLevel 2-2-0",40,359,8,"659",224,2.44285874147321,1.2013005706286,22,3.299645,1.52549860316145,113,2.60238504336283,1.41013072667906,3,2,1,2,NA,NA,NA,224,NA,NA,NA,NA,NA,NA,NA,2.44285874147321,NA,NA,NA,NA,NA,NA,NA,1.2013005706286,NA,NA,NA,NA,NA,NA,NA,359,NA,NA,NA,NA,NA,NA,NA,224,NA,NA,NA,NA,NA,NA,NA,0.623955431754875,NA,NA,NA,NA,67,1,44,1,2.52393542835821,3.919424,2.93882725227273,NA,112,0.598214285714286,11,62,0.62,0.32,0.773179587213906
"103","ATMBF18","17067",0,"SpaceCakesLevel 2-3-1",20,1198,22,"2970",955,1.3846452895288,0.792024934694529,20,0.23613,0.410195182167812,223,1.42190835067265,0.914546585631064,9,4,0,2,215,336,NA,404,NA,NA,NA,NA,1.09354141162791,1.37734484910714,NA,1.54563608589109,NA,NA,NA,NA,0.619920083890893,0.830118370812983,NA,0.798030455308807,NA,NA,NA,NA,271,396,NA,531,NA,NA,NA,NA,215,336,NA,404,NA,NA,NA,NA,0.793357933579336,0.848484848484849,NA,0.760828625235405,NA,NA,NA,NA,155,3,65,NA,1.66920211096774,0.1697,1.38418439538462,NA,223,0.695067264573991,2,80,0.8,0.19,1.71951752862414
"104","ATMBF18","17070",0.166825,"SpaceCakesLevel 2-2-1",60,1405,22,"3132",1117,1.4297688747538,0.729407903264034,57,1.2218666122807,0.886996291846048,231,1.46946850731602,0.822160877107602,10,7,1,2,224,484,110,299,NA,NA,NA,NA,1.27995631607143,1.57810369958678,0.954596157272727,1.47670184080268,NA,NA,NA,NA,0.665397419629327,0.801312995251697,0.268073615230389,0.675250283567387,NA,NA,NA,NA,260,555,150,440,NA,NA,NA,NA,224,484,110,299,NA,NA,NA,NA,0.861538461538462,0.872072072072072,0.733333333333333,0.679545454545455,NA,NA,NA,NA,173,3,55,NA,1.64870625895954,1.200015,1.52705491090909,NA,231,0.748917748917749,4,80,0.79,0.16,1.80087913022799
"105","ATMBF18","17073",0,"SpaceCakesLevel 3-0-0",15,1311,21,"3540",1140,1.53447529859649,0.907870812803563,14,1.26939292857143,0.867038279835571,157,1.56748738974522,1.40945030048974,15,10,1,2,169,398,145,343,85,NA,NA,NA,1.36585962899408,1.22221040904523,1.20514680137931,1.87997805772595,2.49944776823529,NA,NA,NA,0.747224376120853,0.62207896025109,0.529098491360358,0.995847877494982,1.25570789914432,NA,NA,NA,209,420,167,395,120,NA,NA,NA,169,398,145,343,85,NA,NA,NA,0.808612440191388,0.947619047619048,0.868263473053892,0.868354430379747,0.708333333333333,NA,NA,NA,108,2,47,NA,1.90725849166667,1.1014,1.58511108510638,NA,157,0.687898089171974,1,87,0.87,0.12,2.30137792110489
"106","ATMBF18","17076",0,"SpaceCakesLevel 2-3-1",60,976,17,"2099",687,1.28104789928675,0.983263883748321,28,1.65733226071429,1.42352962313352,261,1.36939010306513,1.32220736711822,6,2,0,2,25,176,NA,486,NA,NA,NA,NA,0.920894832,0.706907879545455,NA,1.50749331113169,NA,NA,NA,NA,0.625953207785178,0.279477900394723,NA,1.06874817666018,NA,NA,NA,NA,30,211,NA,735,NA,NA,NA,NA,25,176,NA,486,NA,NA,NA,NA,0.833333333333333,0.834123222748815,NA,0.661224489795918,NA,NA,NA,NA,165,5,90,1,1.29453657393939,0.97756582,1.55588500444444,NA,260,0.634615384615385,6,70,0.7,0.27,1.13721350372467
"107","ATMBF18","17084",0,"SpaceCakesLevel 2-3-2",40,1173,20,"2815",938,1.46045683251599,1.03776618437474,3,2.73952466666667,1.32798385174683,232,1.5300205887931,1.29305971548236,9,5,1,2,223,250,NA,465,NA,NA,NA,NA,1.01635012959641,1.1789716176,NA,1.82477317333333,NA,NA,NA,NA,0.717142275850966,0.972078786858891,NA,1.07292214150446,NA,NA,NA,NA,270,305,NA,598,NA,NA,NA,NA,223,250,NA,465,NA,NA,NA,NA,0.825925925925926,0.819672131147541,NA,0.777591973244147,NA,NA,NA,NA,170,2,59,1,1.70818685470588,3.1420395,1.74409113050847,NA,231,0.735930735930736,3,80,0.8,0.2,1.68324246714583
"108","ATMBF18","17087",0,"SpaceCakesLevel 3-4-0",18,1948,36,"4068",1680,1.43086186857143,0.858357378829613,36,0.749914011111111,1.01170515063795,232,1.57869039875,1.06941937037546,18,13,1,2,205,603,112,469,277,14,NA,NA,1.3936522097561,1.14735084925373,1.02330274375,1.60546518784648,1.86561132382671,2.9963755,NA,NA,1.24247896506115,0.552453667984838,0.595646737401407,0.852721047323735,0.81874945651648,0.642838842996947,NA,NA,240,634,130,600,326,18,NA,NA,205,603,112,469,277,14,NA,NA,0.854166666666667,0.951104100946372,0.861538461538462,0.781666666666667,0.849693251533742,0.777777777777778,NA,NA,174,1,57,NA,1.69656973333333,1.0014,1.32838987192982,NA,232,0.75,1,86,0.86,0.12,2.25530613288105
"109","ATMBF18","17090",0,"SpaceCakesLevel 2-3-0",104,1139,18,"3167",910,1.33356614681319,0.852837800582231,18,1.15815022777778,1.51499116201062,211,1.44379633270142,1.24508850914786,11,9,1,2,167,390,50,303,NA,NA,NA,NA,0.974361291616766,1.11585942128205,1.180921656,1.83694917755776,NA,NA,NA,NA,0.572893933940102,0.731640521713613,0.970285679813205,0.880857393899581,NA,NA,NA,NA,200,495,60,384,NA,NA,NA,NA,167,390,50,303,NA,NA,NA,NA,0.835,0.787878787878788,0.833333333333333,0.7890625,NA,NA,NA,NA,147,4,60,NA,1.50517664081633,2.51171225,1.48646223833333,NA,211,0.696682464454976,9,80,0.8,0.19,1.71951752862414
"110","ATMBF18","17093",0.032935,"SpaceCakesLevel 3-1-0",40,1879,25,"4052",1647,1.17254658773528,0.719753579686368,14,1.5466975,1.33760036400113,218,1.22985291100917,0.844058983832344,16,15,1,2,183,594,235,498,137,NA,NA,NA,1.12496164918033,0.914960545791246,0.987532111914894,1.56686329337349,1.23694684379562,NA,NA,NA,0.980094143606531,0.56622527072997,0.458690521382359,0.767612388589933,0.381591926575381,NA,NA,NA,200,628,270,621,160,NA,NA,NA,183,594,235,498,137,NA,NA,NA,0.915,0.945859872611465,0.87037037037037,0.801932367149758,0.85625,NA,NA,NA,175,2,40,1,1.46033189314286,2.727615,1.3005501825,NA,217,0.806451612903226,2,88,0.88,0.12,2.34997358413218
"111","ATMBF18","17096",0,"SpaceCakesLevel 2-1-11",34,1590,38,"3674",1065,1.422029430723,1.37159657456058,103,1.47040673106796,1.64623380195559,422,1.4847501621327,1.57605686876977,10,8,1,2,358,150,102,455,NA,NA,NA,NA,1.21373948243017,1.17088311933333,0.832187997058824,1.80093838551648,NA,NA,NA,NA,1.03259617259993,0.742804526930269,0.310228000742115,1.75810786341307,NA,NA,NA,NA,475,180,130,805,NA,NA,NA,NA,358,150,102,455,NA,NA,NA,NA,0.753684210526316,0.833333333333333,0.784615384615385,0.565217391304348,NA,NA,NA,NA,243,16,163,NA,1.44184526876543,1.30453925,1.47477844233129,NA,422,0.575829383886256,2,67,0.67,0.27,1.05272615668986
"112","ATMBF18","17099",0.066765,"SpaceCakesLevel 3-3-0",50,1718,30,"4048",1564,1.78598855268542,0.924648972855943,11,1.80931027272727,1.54703195099378,143,1.86697239097902,1.2701060100307,19,19,1,2,174,489,207,386,308,NA,NA,NA,1.12703648793103,1.65984527423313,1.12564157294686,2.28946223005181,2.17135448701299,NA,NA,NA,0.552315707217025,0.784285584048264,0.453548223126902,1.0525536080755,0.801652672150509,NA,NA,NA,179,525,254,420,340,NA,NA,NA,174,489,207,386,308,NA,NA,NA,0.972067039106145,0.931428571428571,0.81496062992126,0.919047619047619,0.905882352941176,NA,NA,NA,104,2,37,NA,2.35996705769231,3.02781,1.51214881918919,NA,143,0.727272727272727,3,91,0.91,0.08,2.74582659399985
"113","ATMBF18","17132",0.0165,"SpaceCakesLevel 2-4-0",64,1182,20,"3636",955,2.12008390167539,1.19370956011506,25,0.9742478284,1.08770224627235,202,2.21852953915842,1.41824837425922,10,7,1,2,291,199,NA,413,52,NA,NA,NA,1.55767516804124,1.96514488844221,NA,2.54431679757869,2.49096119230769,NA,NA,NA,1.11834718659886,1.2119200783636,NA,1.07179967239315,1.03174494070188,NA,NA,NA,378,240,NA,500,64,NA,NA,NA,291,199,NA,413,52,NA,NA,NA,0.76984126984127,0.829166666666667,NA,0.826,0.8125,NA,NA,NA,146,2,52,2,2.41732496164384,0.96769995,2.13071284423077,NA,200,0.73,5,81,0.81,0.17,1.83206154819742
"114","ATMBF18","17135",0,"SpaceCakesLevel 2-3-0",7,856,14,"2855",726,1.80229038677686,1.15858596401358,11,2.02194572727273,2.56103021951691,119,1.93288665798319,1.62557114265615,9,7,1,2,151,267,NA,308,NA,NA,NA,NA,1.19471878874172,1.51891383674157,NA,2.34581262756494,NA,NA,NA,NA,0.515184834383589,1.0343589984786,NA,1.25119893335392,NA,NA,NA,NA,160,310,NA,386,NA,NA,NA,NA,151,267,NA,308,NA,NA,NA,NA,0.94375,0.861290322580645,NA,0.797927461139896,NA,NA,NA,NA,73,2,41,3,2.37954137808219,2.995388,1.57854621707317,NA,116,0.629310344827586,1,85,0.85,0.14,2.11675273030875
"115","ATMBF18","17138",0,"SpaceCakesLevel 3-0-1",40,1449,24,"4141",1127,1.89067786680568,1.09352738801538,19,1.51216984263158,1.64206470465727,303,1.77099792508251,1.28922066382582,11,7,1,2,183,496,NA,316,132,NA,NA,NA,1.35579352338798,1.67415142602823,NA,2.44544400601266,2.11776005984848,NA,NA,NA,1.03742676326668,1.11033186422373,NA,0.95039648751421,0.762400600252929,NA,NA,NA,240,629,NA,420,160,NA,NA,NA,183,496,NA,316,132,NA,NA,NA,0.7625,0.788553259141494,NA,0.752380952380952,0.825,NA,NA,NA,197,3,103,NA,2.05495573299492,1.53493367,1.56456901456311,NA,303,0.65016501650165,3,78,0.78,0.21,1.57861446120693
"116","ATMBF18","17141",0.1165,"SpaceCakesLevel 2-3-0",8,915,18,"2615",736,2.11340611725543,1.27377463974567,76,3.33192996052632,2.32647337803863,103,2.83413701941748,1.60121050670654,9,7,1,2,84,228,57,367,NA,NA,NA,NA,1.4651679047619,1.22717731666667,1.60108456140351,2.89191975504087,NA,NA,NA,NA,0.613197267636678,0.622792454406809,0.704322630327614,1.27367243525199,NA,NA,NA,NA,90,240,60,525,NA,NA,NA,NA,84,228,57,367,NA,NA,NA,NA,0.933333333333333,0.95,0.95,0.699047619047619,NA,NA,NA,NA,73,8,22,NA,2.94723883424658,2.707232375,3.29144581818182,NA,103,0.70873786407767,1,80,0.8,0.11,2.06814935360952
"117","ATMBF18","17144",0,"SpaceCakesLevel 2-2-2",11,901,15,"1952",661,1.46712281453858,0.917229941722175,22,1.19604433636364,1.34660533224393,218,1.26704882302752,1.02321365446617,6,4,1,2,103,198,NA,360,NA,NA,NA,NA,1.16408731650485,1.05391101272727,NA,1.78109112858333,NA,NA,NA,NA,0.633663635171292,0.602013096798634,NA,1.00715980227399,NA,NA,NA,NA,130,240,NA,531,NA,NA,NA,NA,103,198,NA,360,NA,NA,NA,NA,0.792307692307692,0.825,NA,0.677966101694915,NA,NA,NA,NA,125,3,90,NA,1.50062280872,1.87967836666667,1.13211550344444,NA,218,0.573394495412844,1,73,0.73,0.24,1.31911555385671
"118","ATMBF18","17147",0,"SpaceCakesLevel 2-3-2",60,1010,13,"3037",812,1.74472542167488,0.963315280676786,14,1.98916927857143,1.31239445705663,184,1.75120180277174,1.13545431902197,8,6,1,2,157,266,NA,389,NA,NA,NA,NA,1.82922745923567,1.76962870263158,NA,1.69359150745501,NA,NA,NA,NA,1.19295978540058,1.0189507356155,NA,0.80771843554383,NA,NA,NA,NA,180,330,NA,500,NA,NA,NA,NA,157,266,NA,389,NA,NA,NA,NA,0.872222222222222,0.806060606060606,NA,0.778,NA,NA,NA,NA,129,2,50,3,2.05910848992248,3.294871,2.1186854922,NA,181,0.712707182320442,6,80,0.8,0.18,1.75698632141573
"119","ATMBF18","17150",0.049125,"SpaceCakesLevel 2-0-5",10,615,14,"1386",446,1.55329327847534,1.10706275671968,11,0.913004545454545,1.47893236099535,158,1.73564389050633,1.27096722077542,4,3,1,2,162,141,NA,143,NA,NA,NA,NA,1.1990926882716,1.82625935319149,NA,1.68540711818182,NA,NA,NA,NA,1.02131940837838,1.2616084931092,NA,0.924207528354392,NA,NA,NA,NA,220,180,NA,215,NA,NA,NA,NA,162,141,NA,143,NA,NA,NA,NA,0.736363636363636,0.783333333333333,NA,0.665116279069767,NA,NA,NA,NA,93,2,61,2,1.74463799892473,2.87763995,1.88287723114754,NA,156,0.596153846153846,2,73,0.72,0.26,1.22618691266413
"120","ATMBF18","17156",0.016545,"SpaceCakesLevel 3-0-3",40,1463,27,"3648",1166,1.9284534373928,1.13658655101683,3,1.07705466666667,1.79308728941185,294,1.92025800068027,1.30353698685755,10,8,1,2,218,416,NA,462,70,NA,NA,NA,1.35412123715596,1.54478049447115,NA,2.43759458766234,2.63686990142857,NA,NA,NA,0.872121845805921,0.909006543458013,NA,1.1704524528905,1.05933349418759,NA,NA,NA,299,465,NA,619,80,NA,NA,NA,218,416,NA,462,70,NA,NA,NA,0.729096989966555,0.894623655913979,NA,0.746365105008078,0.875,NA,NA,NA,163,1,129,1,2.26916675889571,0.06712,1.68206054573643,NA,293,0.556313993174061,3,80,0.8,0.2,1.68324246714583
"121","ATMBF18","17158",0.0327,"SpaceCakesLevel 3-3-0",9,1697,26,"4072",1405,1.19000855437722,0.607422670810915,19,0.838689494736842,0.529164655597711,273,1.31324254688645,0.672488240666697,16,13,1,2,217,471,66,463,188,NA,NA,NA,0.981831291705069,0.987242095329087,1.08817954393939,1.44728944470842,1.34041882393617,NA,NA,NA,0.55627927888325,0.572598599118036,0.452058894586934,0.594502587715079,0.548017667161313,NA,NA,NA,238,540,90,600,229,NA,NA,NA,217,471,66,463,188,NA,NA,NA,0.911764705882353,0.872222222222222,0.733333333333333,0.771666666666667,0.820960698689956,NA,NA,NA,202,2,68,1,1.46474045346535,1.4182675,1.32627485147059,NA,272,0.742647058823529,1,83,0.83,0.16,1.94862313635595
"122","ATMBF18","17161",0.1712,"SpaceCakesLevel 3-3-0",10,1163,18,"2519",1015,1.49772334591133,0.812152301522379,8,1.30532525,0.855645440563647,140,1.71858053642857,0.898574111424689,11,11,1,2,76,369,NA,412,158,NA,NA,NA,1.13040739078947,1.09248683306233,NA,1.87804316432039,1.62909372974684,NA,NA,NA,0.861318856404934,0.620664816089002,NA,0.839075048756374,0.558031370337499,NA,NA,NA,80,385,NA,520,178,NA,NA,NA,76,369,NA,412,158,NA,NA,NA,0.95,0.958441558441558,NA,0.792307692307692,0.887640449438202,NA,NA,NA,108,NA,32,NA,1.62444328888889,NA,1.961122115625,NA,140,0.771428571428571,1,87,0.87,0.12,2.30137792110489
"123","ATMBF18","17166",0,"SpaceCakesLevel 3-0-4",35,2521,48,"5088",1872,1.1958379991453,0.697074368454142,7,1.07489927142857,1.2329270297138,642,1.12601612196262,0.783866725619012,13,9,1,2,385,523,216,623,125,NA,NA,NA,1.14495754337662,1.13730187762906,0.991425440277778,1.36919873820225,1.0866599136,NA,NA,NA,0.6843157500454,0.729027436519068,0.506568499536187,0.73298870442538,0.495985298454349,NA,NA,NA,495,669,300,897,160,NA,NA,NA,385,523,216,623,125,NA,NA,NA,0.777777777777778,0.781763826606876,0.72,0.69453734671126,0.78125,NA,NA,NA,436,1,204,1,1.36316596605505,1.03388,1.24955120294118,NA,641,0.6801872074883,1,74,0.74,0.25,1.317835155589
"124","ATMBF18","17167",0.13359,"SpaceCakesLevel 4-3-0",20,1794,32,"4027",1595,1.31704179655172,0.557003460814801,0,NA,NA,199,1.36201326733668,0.6237825492286,21,17,1,2,136,224,358,321,294,262,NA,NA,1.30324159411765,1.288222940625,1.01024007569832,1.42803671993769,1.46374161428571,1.46745458473282,NA,NA,0.661430977947531,0.594486091827447,0.541613166200881,0.433199961085239,0.491368214936783,0.521686720940706,NA,NA,150,255,390,359,320,320,NA,NA,136,224,358,321,294,262,NA,NA,0.906666666666667,0.87843137254902,0.917948717948718,0.894150417827298,0.91875,0.81875,NA,NA,164,NA,35,NA,1.48926310487805,NA,1.335492,NA,199,0.824120603015075,1,89,0.89,0.11,2.45305624007322
"125","ATMBF18","17172",0,"SpaceCakesLevel 2-4-2",20,2154,26,"6112",1789,1.12134511677473,0.726659428355776,16,1.3660708,0.939307019949593,349,1.26379384332378,1.1064807719549,13,9,1,2,337,692,106,466,188,NA,NA,NA,0.863244735074184,0.820084855491329,0.994746633962264,1.57856651929185,1.63095253723404,NA,NA,NA,0.627655943172809,0.413833390051117,0.568868228010163,0.710611108491788,1.01178573298983,NA,NA,NA,440,745,130,580,259,NA,NA,NA,337,692,106,466,188,NA,NA,NA,0.765909090909091,0.928859060402685,0.815384615384615,0.803448275862069,0.725868725868726,NA,NA,NA,251,2,95,1,1.30387885294821,2.678549,1.19296233168421,NA,348,0.721264367816092,1,83,0.83,0.16,1.94862313635595
"126","ATMBF18","17345",0.15016,"SpaceCakesLevel 3-0-0",31,1447,20,"3589",1220,1.34842333557377,0.820006687408702,6,2.07731718333333,2.00440542681477,221,1.83675372533937,1.2039697423268,13,12,1,2,213,472,53,414,68,NA,NA,NA,1.01730983896714,1.20741031483051,0.885830654716981,1.66444005990338,1.80094993529412,NA,NA,NA,0.642927540891084,0.731361134930249,0.331826122014356,0.885919131771785,0.871484304205674,NA,NA,NA,236,540,60,531,80,NA,NA,NA,213,472,53,414,68,NA,NA,NA,0.902542372881356,0.874074074074074,0.883333333333333,0.779661016949153,0.85,NA,NA,NA,155,2,63,1,1.75965492322581,0.5008,2.1945920984127,NA,220,0.704545454545455,2,84,0.84,0.15,2.03089127270354
"127","ATMBF18","17347",0,"SpaceCakesLevel 2-4-2",60,1510,30,"3318",1203,1.15864796849543,0.533249221150428,1,0.749895,NA,306,0.972470160163399,0.52348038199646,11,10,1,2,253,465,108,217,160,NA,NA,NA,1.0291769173913,1.1868081372043,0.832919490740741,1.3494400562212,1.24263853125,NA,NA,NA,0.644380549619126,0.469355748579002,0.322628527556848,0.555257770284206,0.449398858376689,NA,NA,NA,300,561,150,279,220,NA,NA,NA,253,465,108,217,160,NA,NA,NA,0.843333333333333,0.828877005347594,0.72,0.777777777777778,0.727272727272727,NA,NA,NA,219,NA,87,NA,1.23733123105023,NA,1.02987409206897,NA,306,0.715686274509804,4,80,0.8,0.2,1.68324246714583
"128","ATMBF18","17630",0.333835,"SpaceCakesLevel 4-1-1",16,1386,25,"3379",1228,2.37901004283388,1.53843599590528,19,4.56794357894737,2.26832347087766,139,3.47658284748201,1.79496860413127,20,19,1,2,59,114,96,333,265,361,NA,NA,1.07955631525424,1.14367685964912,1.26625794166667,2.94443789219219,2.06026234754717,2.98981508421053,NA,NA,0.818757006480883,0.560314098062786,0.784003028591576,1.5607146471308,0.969336720950271,1.71108079649842,NA,NA,60,120,110,400,280,416,NA,NA,59,114,96,333,265,361,NA,NA,0.983333333333333,0.95,0.872727272727273,0.8325,0.946428571428571,0.867788461538462,NA,NA,96,9,33,1,3.70109295,3.761238,4.07101051818182,NA,138,0.695652173913043,1,89,0.89,0.1,2.50807968558121
"129","ATMBF18","17635",0.1594,"SpaceCakesLevel 3-0-1",44,1302,19,"3703",997,2.8512363109328,1.52414237722812,23,3.86743143478261,1.85268966186353,282,2.76999026028369,1.46859831513732,12,10,1,2,74,98,24,571,230,NA,NA,NA,1.36445197162162,1.94277880816327,0.80917855,3.29452651330998,2.82924308086957,NA,NA,NA,0.781834989058534,1.30914156528022,0.241753018672543,1.4807692995117,1.31306359834654,NA,NA,NA,90,120,30,783,279,NA,NA,NA,74,98,24,571,230,NA,NA,NA,0.822222222222222,0.816666666666667,0.8,0.729246487867177,0.824372759856631,NA,NA,NA,185,4,92,1,3.04713693135135,3.946141,2.64451314021739,NA,281,0.658362989323843,3,77,0.77,0.22,1.5110400633739
"130","ATMBF18","17640",0,"SpaceCakesLevel 4-0-3",40,1649,26,"3841",1370,1.42834415482482,0.74244266940735,1,1.6855,NA,278,1.3484014942446,0.76566374640932,19,13,1,2,109,153,90,402,351,265,NA,NA,1.44743832568807,1.16205760392157,0.818110604444444,1.45673459927861,1.62514305982906,1.47774876943396,NA,NA,1.30660537778433,0.649412309989188,0.305944719528948,0.592698336641724,0.656115360261837,0.746965834607206,NA,NA,120,179,100,500,390,360,NA,NA,109,153,90,402,351,265,NA,NA,0.908333333333333,0.854748603351955,0.9,0.804,0.9,0.736111111111111,NA,NA,187,NA,90,1,1.5892189657754,NA,1.30735304666667,NA,277,0.675090252707581,2,83,0.83,0.17,1.90833050629239
"131","ATMBF18","17645",0,"SpaceCakesLevel 2-1-3",39,634,11,"1102",395,1.68274514248101,1.25103673357836,6,1.05398318333333,1.18701626789478,233,1.44669082150215,1.29017646927255,2,2,1,2,NA,NA,NA,395,NA,NA,NA,NA,NA,NA,NA,1.68274514248101,NA,NA,NA,NA,NA,NA,NA,1.25103673357836,NA,NA,NA,NA,NA,NA,NA,634,NA,NA,NA,NA,NA,NA,NA,395,NA,NA,NA,NA,NA,NA,NA,0.623028391167192,NA,NA,NA,NA,133,3,95,2,1.52870017887218,1.8020097,1.31954917789474,NA,231,0.575757575757576,6,62,0.62,0.37,0.637334134536214
"132","ATMBF18","17654",0,"SpaceCakesLevel 3-2-2",50,2145,27,"4531",1607,1.54218872501556,1.11354094059524,18,0.743329277777778,1.09749884199,520,1.34628478748077,1.3102882510276,13,9,1,2,262,81,NA,710,554,NA,NA,NA,1.51452508358779,2.01288481111111,NA,1.51269360253521,1.52425195252708,NA,NA,NA,1.12904119787908,1.33404212211206,NA,1.08973154997572,1.08867911867563,NA,NA,NA,330,105,NA,980,730,NA,NA,NA,262,81,NA,710,554,NA,NA,NA,0.793939393939394,0.771428571428571,NA,0.724489795918367,0.758904109589041,NA,NA,NA,347,2,170,1,1.56653462737752,2.895011,1.30499175882353,NA,519,0.66859344894027,2,75,0.75,0.24,1.38079231303617
"133","ATMBF18","17662",0,"SpaceCakesLevel 4-0-4",40,2099,25,"4840",1789,1.69412957931805,0.915920807348623,4,0.308695,0.61739,306,1.7108796019281,1.06844711153765,19,15,1,2,114,230,135,408,508,394,NA,NA,1.14423156842105,1.41213858391304,1.01596420888889,1.54070916593137,1.82455260846457,2.24092972411168,NA,NA,0.572358710226268,0.708705615236265,0.614003546314763,0.692007381449271,0.842415475129409,1.11868330790258,NA,NA,120,240,150,480,585,524,NA,NA,114,230,135,408,508,394,NA,NA,0.95,0.958333333333333,0.9,0.85,0.868376068376068,0.751908396946565,NA,NA,216,1,88,1,1.98212124212963,1.23478,1.57671050784091,NA,305,0.708196721311475,2,85,0.85,0.15,2.07286677898758
"134","ATMBF18","17665",0,"SpaceCakesLevel 3-0-2",40,2018,29,"4463",1485,1.27171982154209,0.721095227728872,4,0.366988725,0.470620655969507,529,1.07826245198488,0.835051432102853,12,6,0,2,114,233,31,925,182,NA,NA,NA,0.951247819298246,1.37269727639485,0.761608235483871,1.31457675934054,1.21225198076923,NA,NA,NA,0.267329767125104,0.924640762333002,0.310491374593759,0.666919655564763,0.837180924054533,NA,NA,NA,120,260,60,1318,260,NA,NA,NA,114,233,31,925,182,NA,NA,NA,0.95,0.896153846153846,0.516666666666667,0.701820940819423,0.7,NA,NA,NA,350,2,175,2,1.36485603914286,0.73397745,1.038706844,NA,527,0.664136622390892,2,74,0.74,0.26,1.28669081078583
"135","ATMBF18","17666",0,"SpaceCakesLevel 2-3-0",60,1740,19,"3247",1228,1.25115549917752,0.860721911363336,6,1.43465918333333,1.02626947114791,506,0.950446607134387,0.936695441947127,4,3,1,2,NA,NA,NA,1228,NA,NA,NA,NA,NA,NA,NA,1.25115549917752,NA,NA,NA,NA,NA,NA,NA,0.860721911363336,NA,NA,NA,NA,NA,NA,NA,1740,NA,NA,NA,NA,NA,NA,NA,1228,NA,NA,NA,NA,NA,NA,NA,0.705747126436782,NA,NA,NA,NA,353,1,151,1,1.19191726883853,2.001305,1.03652910066225,NA,505,0.699009900990099,3,71,0.71,0.29,1.10676943911135
"136","ATMBF18","17670",0,"SpaceCakesLevel 4-2-0",40,1963,29,"4703",1553,1.52975041919511,0.810790867639556,13,1.38364684615385,1.79595455292795,397,1.5026892765995,1.10645838799668,18,14,1,2,126,236,NA,468,336,387,NA,NA,1.16342647936508,1.46293050466102,NA,1.66006071175214,1.69399076488095,1.38958593129199,NA,NA,0.668248393885625,0.990234374537522,NA,0.780746651007198,0.74053254980438,0.760167247817698,NA,NA,150,290,NA,601,398,524,NA,NA,126,236,NA,468,336,387,NA,NA,0.84,0.813793103448276,NA,0.778702163061564,0.844221105527638,0.738549618320611,NA,NA,282,1,114,NA,1.67595548407801,1.001175,1.51324492903509,NA,397,0.710327455919396,2,79,0.79,0.2,1.64804248059115
"137","ATMBF18","17671",0,"SpaceCakesLevel 3-2-0",50,1701,24,"3367",1237,1.63276285383994,1.23614587860646,23,2.99310960869565,2.0078070295825,441,1.3780521106576,1.22471533643153,8,6,1,2,NA,NA,NA,1008,229,NA,NA,NA,NA,NA,NA,1.7191702030754,1.25241958733624,NA,NA,NA,NA,NA,NA,1.30275044212399,0.780760549829458,NA,NA,NA,NA,NA,NA,1391,310,NA,NA,NA,NA,NA,NA,1008,229,NA,NA,NA,NA,NA,NA,0.724658519051042,0.738709677419355,NA,NA,NA,296,7,135,3,1.56778376351351,2.21930671428571,1.33252181407407,NA,438,0.675799086757991,3,73,0.73,0.26,1.25615839640954
"138","ATMBF18","17679",0.483825,"SpaceCakesLevel 3-2-0",60,640,10,"1453",518,2.44724733996139,1.04468834943417,17,4.57584217647059,1.89475080500561,105,3.04913417238095,1.63530490228467,8,6,1,2,NA,NA,NA,391,127,NA,NA,NA,NA,NA,NA,2.50731117365729,2.26232640314961,NA,NA,NA,NA,NA,NA,1.12156877708609,0.734086878357094,NA,NA,NA,NA,NA,NA,500,140,NA,NA,NA,NA,NA,NA,391,127,NA,NA,NA,NA,NA,NA,0.782,0.907142857142857,NA,NA,NA,66,9,30,NA,3.13778393939394,4.74239422222222,3.96366786666667,NA,105,0.628571428571429,9,81,0.81,0.16,1.87235417826098
"139","ATMBF18","17683",0.433745,"SpaceCakesLevel 4-3-0",60,1840,27,"4376",1648,2.60632329447816,1.42628464359784,15,3.7125892,1.93077435356296,177,3.45266601299435,1.81109584615909,22,21,1,2,82,120,88,387,387,584,NA,NA,1.53947983170732,1.534527745,1.64617992386364,2.79378570077519,2.35589740335917,3.1627549984589,NA,NA,1.03395178774235,0.84154405441486,1.04919554078567,1.29116528603975,1.05868806584423,1.59152086732643,NA,NA,90,120,100,440,400,690,NA,NA,82,120,88,387,387,584,NA,NA,0.911111111111111,1,0.88,0.879545454545455,0.9675,0.846376811594203,NA,NA,121,5,49,2,3.99634352066116,4.613481,4.11164350816327,NA,175,0.691428571428571,3,90,0.9,0.1,2.5631031310892
"140","ATMBF18","17684",0,"SpaceCakesLevel 3-4-2",20,1418,19,"3123",1094,2.1800214808958,1.06867704069136,9,3.08465922222222,1.325437213038,315,1.91568769079365,1.28412767437322,10,8,1,2,NA,NA,NA,604,372,118,NA,NA,NA,NA,NA,2.17624197201987,2.07883223413979,2.51837082966102,NA,NA,NA,NA,NA,1.07659052110127,0.898392096136963,1.41001983659316,NA,NA,NA,NA,NA,778,460,180,NA,NA,NA,NA,NA,604,372,118,NA,NA,NA,NA,NA,0.776349614395887,0.808695652173913,0.655555555555556,NA,NA,237,NA,77,1,2.20739147383966,NA,2.39869191428571,NA,314,0.754777070063694,1,77,0.77,0.22,1.5110400633739
"141","ATMBF18","17689",0,"SpaceCakesLevel 5-1-0",7,1747,26,"4071",1629,1.6172054572744,0.773270116386715,0,NA,NA,118,1.8233997059322,1.27839544883393,25,23,1,2,58,119,97,364,387,497,107,NA,0.9765865,1.15184646722689,1.00538269175258,1.55006819368132,1.58963771679587,1.87549681750503,2.16502135514019,NA,0.28962335229033,0.465705247834156,0.329103151681575,0.595287336623013,0.576501346686515,0.873337158696246,1.16703385180994,NA,60,120,100,389,399,552,127,NA,58,119,97,364,387,497,107,NA,0.966666666666667,0.991666666666667,0.97,0.93573264781491,0.969924812030075,0.90036231884058,0.84251968503937,NA,95,NA,21,2,2.34984341263158,NA,1.73126338571429,NA,116,0.818965517241379,0,93,0.93,0.07,2.95158205635834
"142","ATMBF18","17691",0.350365,"SpaceCakesLevel 4-1-3",40,1430,19,"3250",1173,2.20185892446718,1.10550626007312,2,4.487941,0.000749533188057626,255,2.65747748745098,1.32521325984018,12,9,1,2,NA,NA,NA,551,354,268,NA,NA,NA,NA,NA,2.23219152831216,1.91603202853107,2.51704346343284,NA,NA,NA,NA,NA,1.21519841310234,0.757632515187406,1.16356722011063,NA,NA,NA,NA,NA,680,400,350,NA,NA,NA,NA,NA,551,354,268,NA,NA,NA,NA,NA,0.810294117647059,0.885,0.765714285714286,NA,NA,182,1,71,1,2.77751027032967,4.487411,3.35291304225352,NA,254,0.716535433070866,3,82,0.82,0.18,1.83073017568563
"143","ATMBF18","17696",0,"SpaceCakesLevel 2-4-1",60,1820,25,"3989",1365,1.58784847956044,0.936862236740159,10,1.67660009,1.09183229205405,445,1.29294662896629,1.13999424250344,9,7,1,2,161,75,NA,914,215,NA,NA,NA,1.30903298447205,1.14546062666667,NA,1.67861463632385,1.56509553255814,NA,NA,NA,0.772439144939249,0.608859650312811,NA,0.920118939153596,1.11594419631504,NA,NA,NA,210,90,NA,1220,300,NA,NA,NA,161,75,NA,914,215,NA,NA,NA,0.766666666666667,0.833333333333333,NA,0.749180327868852,0.716666666666667,NA,NA,NA,316,2,124,3,1.75280629367089,1.150705,1.19153459830645,NA,442,0.714932126696833,3,75,0.75,0.24,1.38079231303617
"144","ATMBF18","17700",0,"SpaceCakesLevel 3-4-0",60,1624,24,"3692",1342,1.74591265372578,0.769004578314454,8,3.174499,0.493967985834247,274,1.78204367664234,0.874440858731418,17,12,1,2,54,100,86,688,358,56,NA,NA,1.51781163703704,1.602560907,1.28812129534884,1.8693040122093,1.71140970865922,1.62951061964286,NA,NA,0.94546852379667,0.926646066771734,0.491545275638188,0.756518149088684,0.732309794843587,0.616715064181974,NA,NA,60,120,120,860,404,60,NA,NA,54,100,86,688,358,56,NA,NA,0.9,0.833333333333333,0.716666666666667,0.8,0.886138613861386,0.933333333333333,NA,NA,202,1,70,1,2.20657511089109,2.8366,1.95326091428571,NA,273,0.73992673992674,4,83,0.83,0.17,1.90833050629239
"145","ATMBF18","18592",0.55146,"SpaceCakesLevel 3-2-0",20,610,11,"1438",532,2.18670726503759,1.08301658577022,0,NA,NA,78,2.70327606282051,1.17861581274464,9,7,1,2,29,NA,NA,338,165,NA,NA,NA,0.884355337931034,NA,NA,2.49930375177515,1.77525631575758,NA,NA,NA,0.268990479533317,NA,NA,1.10449877208378,0.779055500208388,NA,NA,NA,30,NA,NA,400,180,NA,NA,NA,29,NA,NA,338,165,NA,NA,NA,0.966666666666667,NA,NA,0.845,0.916666666666667,NA,NA,NA,59,NA,19,NA,2.86908249152542,NA,3.42832757894737,NA,78,0.756410256410256,3,87,0.87,0.13,2.2527822580776
