"userID","pre_nihScore","post_nihScore","pre_nihAccuracy","post_nihAccuracy","pre_nihRTScore","post_nihRTScore","dateTime.x","dateTime.y","DiffScore","DiffAccuracy","DiffRT","ImproverScore","ImproverAccuracy","ImproverRT","AllImprove","ImprovedPostScoreGT7"
16770,8.30115,3.81579,5,4,3.68577,3.26498,"2018-10-16 09:15:15","2018-11-27 09:13:48",-4.48536,-1,-0.42079,0,0,0,0,0
16771,7.0958,6.66845,5,4,2.35221,2.61439,"2018-10-16 09:14:52","2018-11-27 09:19:20",-0.42735,-1,0.26218,0,0,1,0,0
16772,8.29719,3.15789,5,3,3.4254,4.59807,"2018-10-16 09:15:04","2018-11-27 09:24:06",-5.1393,-2,1.17267,0,0,1,0,0
16773,7.88364,3.46154,5,3,3.14005,2.48673,"2018-10-16 09:14:47","2018-11-27 09:20:48",-4.4221,-2,-0.65332,0,0,0,0,0
16774,6.99032,7.41073,4,5,2.63135,2.66073,"2018-10-16 09:17:54","2018-12-04 09:04:07",0.42041,1,0.0293800000000002,1,1,1,1,1
16775,7.52575,6.84395,5,5,2.52575,2.22856,"2018-10-16 09:17:42","2018-11-27 09:14:58",-0.6818,0,-0.29719,0,0,0,0,0
16776,9.13407,3.20513,5,3,4.13407,3.12931,"2018-10-16 09:17:54","2018-11-27 09:20:58",-5.92894,-2,-1.00476,0,0,0,0,0
16777,7.26471,7.73372,4,5,2.90573,2.99013,"2018-10-16 09:17:50","2018-11-27 09:23:04",0.46901,1,0.0844,1,1,1,1,1
16778,3.71795,7.59347,4,5,2.23666,2.85663,"2018-10-16 09:13:37","2018-11-27 09:13:01",3.87552,1,0.61997,1,1,1,1,1
16779,7.60837,7.33842,5,4,2.60837,2.86473,"2018-10-16 09:12:37","2018-11-27 09:15:32",-0.26995,-1,0.25636,0,0,1,0,1
16780,6.71937,7.83783,4,5,2.61681,2.83783,"2018-10-16 09:14:34","2018-11-27 09:11:24",1.11846,1,0.22102,1,1,1,1,1
16781,2.4359,3.78378,2,4,1.95737,2.80071,"2018-10-16 09:18:27","2018-11-27 09:13:54",1.34788,2,0.84334,1,1,1,1,0
16782,2.5641,3.84615,3,4,2.44727,2.63988,"2018-10-16 09:20:22","2018-11-27 09:11:01",1.28205,1,0.19261,1,1,1,1,0
16783,7.66071,6.79107,5,5,3.04532,2.17568,"2018-10-16 09:20:28","2018-11-27 09:17:11",-0.86964,0,-0.86964,0,0,0,0,0
16784,7.18678,6.71863,5,4,2.57139,2.48786,"2018-10-16 09:24:23","2018-12-04 09:06:42",-0.46815,-1,-0.0835300000000001,0,0,0,0,0
16785,8.07895,7.65762,5,5,3.20715,2.91403,"2018-10-16 09:20:54","2018-11-27 09:17:45",-0.421330000000001,0,-0.29312,0,0,0,0,1
16786,8.17601,7.99443,5,5,3.43242,2.99443,"2018-10-16 09:22:25","2018-12-04 09:08:09",-0.181579999999999,0,-0.43799,0,0,0,0,1
16787,7.33103,7.81659,5,4,2.71564,3.32941,"2018-10-16 09:17:42","2018-11-27 09:15:12",0.48556,-1,0.61377,1,0,1,0,1
16789,7.58039,6.55237,4,4,3.34962,2.06519,"2018-10-16 09:17:23","2018-11-27 09:14:03",-1.02802,0,-1.28443,0,0,0,0,0
16790,8.32773,7.33735,5,5,3.32773,2.72197,"2018-10-16 09:19:05","2018-11-27 09:18:54",-0.990380000000001,0,-0.60576,0,0,0,0,1
16791,7.46936,5.92013,5,4,2.59757,1.68936,"2018-10-16 09:18:41","2018-11-27 09:25:10",-1.54923,-1,-0.90821,0,0,0,0,0
16792,7.03822,5,5,5,2.42284,0,"2018-10-16 09:20:08","2018-11-27 09:12:25",-2.03822,0,-2.42284,0,0,0,0,0
16795,7.80809,8.17809,5,5,2.9363,3.58349,"2018-10-16 09:56:48","2018-11-27 09:52:42",0.369999999999999,0,0.64719,1,0,1,0,1
16796,7.5447,3.33333,5,3,2.92931,1.79098,"2018-10-16 09:57:38","2018-12-04 09:52:21",-4.21137,-2,-1.13833,0,0,0,0,0
16797,4.69909,6.67879,4,5,0.468325,1.9352,"2018-10-16 10:00:58","2018-11-27 10:06:51",1.9797,1,1.466875,1,1,1,1,0
16799,6.96928,6.78459,4,4,2.73851,2.3109,"2018-10-16 10:00:48","2018-11-27 09:54:42",-0.184690000000001,0,-0.42761,0,0,0,0,0
16800,9.45189,3.58974,5,4,4.5801,2.27656,"2018-10-16 09:58:36","2018-11-27 09:59:18",-5.86215,-1,-2.30354,0,0,0,0,0
16801,7.52809,8.39609,4,5,3.04092,3.52767,"2018-10-16 09:55:49","2018-11-27 09:51:07",0.867999999999999,1,0.48675,1,1,1,1,1
16802,7.55484,3.71795,5,4,2.81125,2.47199,"2018-10-16 09:54:45","2018-11-27 09:54:38",-3.83689,-1,-0.33926,0,0,0,0,0
16803,7.53774,7.66298,5,5,2.92235,3.03798,"2018-10-16 09:53:41","2018-12-04 09:47:40",0.12524,0,0.11563,1,0,1,0,1
16804,7.19321,7.35538,5,5,2.32142,2.6411,"2018-10-16 09:53:37","2018-11-27 09:50:10",0.162170000000001,0,0.31968,1,0,1,0,1
16805,7.70033,7.65483,5,5,2.95033,3.03945,"2018-10-16 09:53:23","2018-12-04 09:44:41",-0.0455000000000005,0,0.0891199999999999,0,0,1,0,1
16807,7.60838,8.01672,5,5,2.993,3.27313,"2018-10-23 09:58:06","2018-11-27 09:53:13",0.408339999999999,0,0.28013,1,0,1,0,1
16808,6.52495,2.82051,4,3,2.29418,1.91325,"2018-10-16 09:55:23","2018-11-27 10:00:52",-3.70444,-1,-0.38093,0,0,0,0,0
16809,7.72959,6.55641,5,4,2.72959,2.32564,"2018-10-16 09:56:33","2018-12-04 10:02:32",-1.17318,-1,-0.40395,0,0,0,0,0
16810,7.38964,7.80064,4,4,3.03066,3.34118,"2018-10-16 09:55:15","2018-11-27 09:56:16",0.411,0,0.31052,1,0,1,0,1
16811,5.87744,7.46973,4,5,1.39026,2.46973,"2018-10-16 09:57:02","2018-12-04 09:50:03",1.59229,1,1.07947,1,1,1,1,1
16812,7.52388,7.7407,5,5,2.90849,3.13544,"2018-10-16 09:55:59","2018-11-27 09:59:54",0.21682,0,0.22695,1,0,1,0,1
16813,8.03807,5,5,5,3.29448,0,"2018-10-16 09:56:41","2018-11-27 09:55:08",-3.03807,0,-3.29448,0,0,0,0,0
16814,8.83365,8.85917,5,5,4.21826,4.2539,"2018-10-16 09:53:54","2018-11-27 09:53:19",0.0255200000000002,0,0.0356399999999999,1,0,1,0,1
16815,7.86092,3.75,5,4,3.24553,0.215158,"2018-10-16 09:54:01","2018-11-27 09:58:15",-4.11092,-1,-3.030372,0,0,0,0,0
16816,7.96772,9.08128,5,5,3.09593,4.08128,"2018-10-16 09:53:46","2018-11-27 10:09:08",1.11356,0,0.98535,1,0,1,0,1
16817,3.07692,7.49748,3,5,2.16683,2.75389,"2018-10-16 09:59:31","2018-12-04 09:46:22",4.42056,2,0.58706,1,1,1,1,1
16818,7.04375,7.63744,5,5,2.42837,2.63744,"2018-10-16 09:58:38","2018-11-27 10:03:48",0.59369,0,0.20907,1,0,1,0,1
16820,8.20624,8.9121,5,5,3.33444,4.04368,"2018-10-16 11:22:20","2018-11-27 11:20:05",0.705860000000001,0,0.70924,1,0,1,0,1
16821,8.01514,0,4,4,3.91258,0,"2018-10-16 11:22:23","2018-11-27 11:24:35",-8.01514,0,-3.91258,0,0,0,0,0
16822,3.97436,7.59334,4,5,4.90096,2.99875,"2018-10-16 11:23:25","2018-11-27 11:20:23",3.61898,1,-1.90221,1,1,0,0,1
16823,8.85843,5,5,5,3.85843,0,"2018-10-16 11:29:08","2018-11-27 11:33:59",-3.85843,0,-3.85843,0,0,0,0,0
16824,7.13292,7.45381,5,5,2.26113,2.84855,"2018-10-16 11:22:02","2018-11-27 11:18:26",0.320889999999999,0,0.58742,1,0,1,0,1
16825,2.05128,7.35485,2,4,2.83382,2.99587,"2018-10-16 11:21:59","2018-11-27 11:19:27",5.30357,2,0.16205,1,1,1,1,1
16826,8.36495,8.33781,4,5,3.87777,3.33781,"2018-10-16 11:27:48","2018-11-27 11:19:12",-0.0271400000000011,1,-0.53996,0,1,0,0,1
16827,3.75,5.61061,4,4,0.606912,1.50805,"2018-10-16 11:23:51","2018-11-27 11:26:18",1.86061,0,0.901138,1,0,1,0,0
16829,8.52239,7.67399,4,5,4.16341,3.05861,"2018-10-16 11:19:14","2018-11-27 11:21:35",-0.8484,1,-1.1048,0,1,0,0,1
16830,8.11533,7.86092,5,5,3.37174,3.24553,"2018-10-16 11:19:57","2018-11-27 11:17:02",-0.25441,0,-0.12621,0,0,0,0,1
16831,7.89662,9.22013,5,5,3.02482,4.34833,"2018-10-16 11:22:55","2018-11-27 11:20:32",1.32351,0,1.32351,1,0,1,0,1
16832,8.03812,8.32187,5,5,3.16633,3.45008,"2018-10-16 11:23:08","2018-11-27 11:18:42",0.283750000000001,0,0.28375,1,0,1,0,1
16833,8.21211,7.65974,5,4,3.59673,3.17256,"2018-10-16 11:20:06","2018-11-27 11:18:47",-0.552369999999999,-1,-0.42417,0,0,0,0,1
16834,7.75284,6.84944,5,5,2.88104,2.10585,"2018-10-16 11:24:43","2018-11-27 11:20:14",-0.9034,0,-0.77519,0,0,0,0,0
16835,6.51992,5.59645,5,4,1.90453,1.36569,"2018-10-16 11:25:29","2018-11-27 11:24:24",-0.92347,-1,-0.53884,0,0,0,0,0
16836,7.33877,8.61961,5,5,2.59518,3.61961,"2018-10-16 11:22:05","2018-11-27 11:32:43",1.28084,0,1.02443,1,0,1,0,1
16838,6.43138,7.75294,4,5,2.32881,3.0161,"2018-10-16 11:21:59","2018-11-27 11:18:26",1.32156,1,0.68729,1,1,1,1,1
16839,6.26106,6.37784,5,4,1.64568,1.89066,"2018-10-16 11:29:34","2018-12-04 11:20:17",0.11678,-1,0.24498,1,0,1,0,0
16840,8.20968,8.02819,5,5,3.46609,3.2846,"2018-10-23 11:26:41","2018-11-27 11:24:34",-0.18149,0,-0.18149,0,0,0,0,1
16841,8.38926,5.25734,4,4,4.15849,1.04682,"2018-10-23 11:40:07","2018-11-27 11:19:16",-3.13192,0,-3.11167,0,0,0,0,0
16842,2.4359,3.94737,2,4,2.71944,3.36832,"2018-10-23 11:20:11","2018-11-27 11:20:28",1.51147,2,0.64888,1,1,1,1,0
16843,8.9144,8.26498,5,5,4.17081,3.26498,"2018-10-16 11:23:45","2018-11-27 11:18:12",-0.649420000000001,0,-0.90583,0,0,0,0,1
16844,8.11749,8.15968,5,5,3.5021,3.28789,"2018-10-16 11:22:52","2018-11-27 11:20:01",0.0421899999999997,0,-0.21421,1,0,0,0,1
16845,7.56521,7.0024,4,5,3.33444,2.0024,"2018-10-16 12:49:09","2018-11-27 12:42:53",-0.562810000000001,1,-1.33204,0,1,0,0,0
16846,7.07982,7.53746,5,5,2.33623,2.66566,"2018-10-16 12:59:46","2018-11-27 12:46:16",0.45764,0,0.32943,1,0,1,0,1
16847,0,3.58974,4,4,0,0,"2018-10-16 13:01:26","2018-11-27 12:49:26",3.58974,0,0,1,0,0,0,0
16848,7.33027,8.03812,5,5,2.45847,3.16633,"2018-10-16 12:50:54","2018-11-27 12:45:48",0.70785,0,0.70786,1,0,1,0,1
16850,6.57337,6.65009,4,4,2.34261,2.16291,"2018-10-16 12:56:19","2018-11-27 12:47:48",0.0767199999999999,0,-0.1797,1,0,0,0,0
16851,2.05128,2.17949,2,2,3.63692,3.70562,"2018-10-16 13:01:34","2018-11-27 12:42:29",0.12821,0,0.0687000000000002,1,0,1,0,0
16852,8.21146,5.88418,5,4,3.46787,1.65342,"2018-10-16 12:53:04","2018-11-27 12:45:25",-2.32728,-1,-1.81445,0,0,0,0,0
16853,3.97436,6.53748,4,4,4.14869,2.30671,"2018-10-30 12:52:52","2018-11-27 12:43:53",2.56312,0,-1.84198,1,0,0,0,0
16854,8.78727,3.20513,5,3,4.04368,5,"2018-10-16 12:45:50","2018-11-27 12:54:14",-5.58214,-2,0.95632,0,0,1,0,0
16855,7.15352,7.49506,5,5,2.28173,2.87968,"2018-10-16 12:55:35","2018-11-27 12:43:37",0.341539999999999,0,0.59795,1,0,1,0,1
16856,2.4359,3.97436,2,4,3.45362,3.2715,"2018-10-16 12:56:31","2018-11-27 12:43:26",1.53846,2,-0.18212,1,1,0,0,0
16857,5,8.51397,5,5,0,3.77038,"2018-10-16 13:10:34","2018-11-27 12:42:52",3.51397,0,3.77038,1,0,1,0,1
16858,6.18846,6.42768,4,4,2.0859,1.9405,"2018-10-16 12:52:20","2018-11-27 12:44:04",0.23922,0,-0.1454,1,0,0,0,0
16859,7.02229,8.07132,4,5,2.79152,3.32773,"2018-10-16 12:52:15","2018-11-27 12:43:07",1.04903,1,0.53621,1,1,1,1,1
16860,3.97436,8.22466,4,5,2.75647,3.22466,"2018-10-16 12:52:59","2018-11-27 12:43:04",4.2503,1,0.46819,1,1,1,1,1
16861,8.35301,6.00775,5,4,3.35301,1.64877,"2018-10-16 12:51:31","2018-11-27 12:52:23",-2.34526,-1,-1.70424,0,0,0,0,0
16862,8.41738,7.10866,4,5,3.9302,2.36507,"2018-10-16 12:53:16","2018-11-27 12:46:16",-1.30872,1,-1.56513,0,1,0,0,0
16863,3.84615,6.84758,4,4,2.95597,2.61681,"2018-10-16 13:00:45","2018-11-27 12:48:13",3.00143,0,-0.33916,1,0,0,0,0
16864,8.63602,8.40019,5,5,3.76423,3.78481,"2018-10-16 12:53:35","2018-11-27 12:42:50",-0.23583,0,0.0205799999999998,0,0,1,0,1
16865,7.27023,3.94737,4,4,2.91126,4.43028,"2018-10-16 12:57:05","2018-11-27 12:46:43",-3.32286,0,1.51902,0,0,1,0,0
16866,6.63127,6.84399,4,5,2.38127,1.96899,"2018-10-16 12:50:39","2018-11-27 12:46:56",0.21272,1,-0.41228,1,1,0,0,0
16867,7.4681,8.05131,5,5,2.72451,3.30772,"2018-10-16 12:49:32","2018-11-27 12:42:51",0.583210000000001,0,0.58321,1,0,1,0,1
16868,6.79757,7.41668,5,5,2.05398,2.67309,"2018-10-23 12:47:49","2018-11-27 12:45:35",0.61911,0,0.61911,1,0,1,0,1
16870,6.6815,6.054,5,4,1.6815,1.56682,"2018-10-16 13:40:09","2018-11-27 13:38:14",-0.6275,-1,-0.11468,0,0,0,0,0
16871,8.81396,7.58677,5,5,3.81396,2.84318,"2018-10-16 13:41:05","2018-11-27 13:33:37",-1.22719,0,-0.97078,0,0,0,0,1
16872,7.35542,7.24673,5,5,2.35542,2.63135,"2018-10-16 13:42:35","2018-11-27 13:33:26",-0.108689999999999,0,0.27593,0,0,1,0,1
16873,7.46301,7.94125,4,5,2.97583,3.19766,"2018-10-16 13:36:03","2018-11-27 13:27:59",0.47824,1,0.22183,1,1,1,1,1
16874,7.35456,7.8368,4,4,3.25199,3.34962,"2018-10-16 13:34:15","2018-11-27 13:27:39",0.48224,0,0.0976299999999997,1,0,1,0,1
16875,7.93726,7.82051,4,5,3.45008,2.82051,"2018-10-16 13:33:40","2018-11-27 13:26:40",-0.116750000000001,1,-0.62957,0,1,0,0,1
16876,3.46154,6.55446,3,4,2.81521,2.19549,"2018-10-16 13:39:21","2018-11-27 13:34:59",3.09292,1,-0.61972,1,1,0,0,0
16877,7.73851,7.51045,5,5,2.73851,2.63866,"2018-10-16 13:35:13","2018-11-27 13:27:50",-0.22806,0,-0.0998500000000004,0,0,0,0,1
16878,7.15761,7.33638,5,5,2.41402,2.59279,"2018-10-16 13:41:07","2018-11-27 13:29:27",0.17877,0,0.17877,1,0,1,0,1
16879,6.57947,5.77957,4,5,2.2205,0.907771,"2018-10-16 13:42:02","2018-11-27 13:32:04",-0.7999,1,-1.312729,0,1,0,0,0
16880,7.78582,8.62152,5,5,2.91403,3.62152,"2018-10-16 13:35:35","2018-11-27 13:29:00",0.8357,0,0.70749,1,0,1,0,1
16881,0,6.8915,4,4,0,2.66073,"2018-10-16 13:35:18","2018-11-27 13:30:56",6.8915,0,2.66073,1,0,1,0,0
16882,6.70973,7.49314,4,4,2.60717,3.00596,"2018-10-16 13:37:58","2018-11-27 13:28:46",0.78341,0,0.39879,1,0,1,0,1
16884,5.71863,7.30554,4,5,1.23145,2.56195,"2018-10-16 13:37:25","2018-11-27 13:30:07",1.58691,1,1.3305,1,1,1,1,1
16885,2.05128,3.20513,2,3,3.14466,3.73371,"2018-10-16 13:34:27","2018-11-27 13:37:15",1.15385,1,0.58905,1,1,1,1,0
16886,7.43947,6.84279,5,4,2.43947,2.59279,"2018-10-16 13:36:44","2018-11-27 13:28:12",-0.59668,-1,0.15332,0,0,1,0,0
16887,6.12265,6.82202,4,4,1.74765,2.47991,"2018-10-16 13:38:14","2018-11-27 13:30:38",0.69937,0,0.73226,1,0,1,0,0
16888,5.59106,7.33609,4,5,1.23208,2.7207,"2018-10-23 13:32:50","2018-11-27 13:26:43",1.74503,1,1.48862,1,1,1,1,1
16889,7.4399,7.29614,4,5,3.08092,2.55255,"2018-10-23 13:32:54","2018-11-27 13:28:49",-0.143759999999999,1,-0.52837,0,1,0,0,1
16890,8.44408,6.77689,4,4,3.9569,2.67433,"2018-10-23 13:33:42","2018-11-27 13:29:34",-1.66719,0,-1.28257,0,0,0,0,0
16896,7.66356,6.62508,4,4,3.56099,2.39431,"2018-10-23 14:20:08","2018-11-27 14:13:13",-1.03848,0,-1.16668,0,0,0,0,0
16897,6.34506,7.40645,4,4,1.98608,3.17568,"2018-10-16 14:17:24","2018-12-04 14:12:11",1.06139,0,1.1896,1,0,1,0,1
16899,7.6052,7.36029,5,5,2.73341,2.74491,"2018-10-16 14:18:59","2018-11-27 14:13:20",-0.24491,0,0.0114999999999998,0,0,1,0,1
16901,7.01055,5.70787,4,4,2.77978,1.4771,"2018-10-23 14:18:23","2018-11-27 14:13:35",-1.30268,0,-1.30268,0,0,0,0,0
16903,7.90831,7.97678,5,5,3.03652,3.10498,"2018-10-23 14:19:55","2018-11-27 14:12:08",0.0684699999999996,0,0.06846,1,0,1,0,1
16904,4.92459,4.9806,4,4,0.693822,0.749834,"2018-10-23 14:19:18","2018-11-27 14:15:00",0.0560099999999997,0,0.056012,1,0,1,0,0
16906,7.60022,8.86937,5,5,2.85663,3.99757,"2018-10-23 14:20:35","2018-11-27 14:12:17",1.26915,0,1.14094,1,0,1,0,1
16907,8.46663,8.04605,5,5,3.59483,3.43066,"2018-10-23 14:23:04","2018-11-27 14:16:16",-0.420580000000001,0,-0.16417,0,0,0,0,1
16908,8.37174,7.88644,5,5,3.37174,3.01465,"2018-10-30 14:14:54","2018-11-27 14:12:06",-0.485300000000001,0,-0.35709,0,0,0,0,1
16920,5,4.74145,5,4,0,0.25427,"2018-10-09 09:09:23","2018-12-04 08:58:04",-0.25855,-1,0.25427,0,0,1,0,0
16921,7.2896,3.97436,5,4,2.71817,2.55372,"2018-10-09 09:10:28","2018-12-04 08:54:46",-3.31524,-1,-0.16445,0,0,0,0,0
16922,7.46697,7.81654,5,5,2.59518,2.81654,"2018-10-16 09:06:16","2018-12-04 08:55:12",0.34957,0,0.22136,1,0,1,0,1
16923,6.99111,7.60022,4,5,2.86068,2.85663,"2018-10-09 09:08:44","2018-12-04 08:54:10",0.60911,1,-0.00404999999999989,1,1,0,0,1
16924,5,7.60562,5,5,0,2.86203,"2018-10-09 09:10:35","2018-12-11 08:55:27",2.60562,0,2.86203,1,0,1,0,1
16925,5,7.14445,5,5,0,2.40086,"2018-10-09 09:10:08","2018-12-04 08:54:38",2.14445,0,2.40086,1,0,1,0,0
16926,5,7.21897,5,5,0,2.47538,"2018-10-09 09:09:47","2018-12-04 08:54:33",2.21897,0,2.47538,1,0,1,0,1
16927,6.44926,3.97436,5,4,1.82426,2.26832,"2018-10-16 08:50:18","2018-12-04 08:56:15",-2.4749,-1,0.44406,0,0,1,0,0
16928,5,6.07645,5,4,0,1.58927,"2018-10-09 09:09:38","2018-12-04 08:55:27",1.07645,-1,1.58927,1,0,1,0,0
16929,5,7.26471,5,5,0,2.52112,"2018-10-09 09:08:58","2018-12-11 09:00:08",2.26471,0,2.52112,1,0,1,0,1
16930,7.26873,7.64932,5,5,2.65334,2.90573,"2018-10-16 09:04:31","2018-12-04 08:56:24",0.380590000000001,0,0.25239,1,0,1,0,1
16931,6.62172,7.16422,5,5,1.87172,2.42063,"2018-10-09 09:09:14","2018-12-04 08:54:48",0.5425,0,0.54891,1,0,1,0,0
16932,8.62173,7.67226,4,4,4.19316,3.18508,"2018-10-09 09:09:56","2018-12-11 08:55:55",-0.94947,0,-1.00808,0,0,0,0,1
16933,2.59259,7.24107,3,4,3.80559,2.75389,"2018-10-09 09:10:16","2018-12-04 08:54:29",4.64848,1,-1.0517,1,1,0,0,1
16934,3.27586,7.97981,3,5,2.86609,3.10801,"2018-10-09 09:10:07","2018-12-04 08:55:13",4.70395,2,0.24192,1,1,1,1,1
16935,3.875,7.45399,4,5,1.90976,2.45399,"2018-10-23 08:55:51","2018-12-04 08:56:51",3.57899,1,0.54423,1,1,1,1,1
16936,7.95597,8.87561,5,5,2.95597,3.87561,"2018-10-16 09:05:12","2018-12-04 08:55:45",0.91964,0,0.91964,1,0,1,0,1
16937,6.34867,6.9056,4,4,1.9897,2.41843,"2018-10-16 09:07:58","2018-12-04 08:55:28",0.556929999999999,0,0.42873,1,0,1,0,0
16938,7.98816,6.94637,5,5,3.22626,2.07458,"2018-10-23 09:11:30","2018-12-04 08:57:30",-1.04179,0,-1.15168,0,0,0,0,0
16940,7.56971,6.91937,5,5,2.94471,1.91937,"2018-10-23 09:08:21","2018-12-04 08:56:39",-0.65034,0,-1.02534,0,0,0,0,0
16941,7.5841,8.42936,5,5,2.96872,3.68577,"2018-10-23 09:09:06","2018-12-04 08:58:07",0.845260000000001,0,0.71705,1,0,1,0,1
16945,2.30769,2.4359,2,2,1.48283,1.01539,"2018-10-16 09:44:54","2018-12-11 09:37:16",0.12821,0,-0.46744,1,0,0,0,0
16946,3.46154,6.28625,3,4,2.28795,1.92727,"2018-10-16 09:47:29","2018-12-04 09:33:50",2.82471,1,-0.36068,1,1,0,0,0
16947,3.84615,7.70068,4,4,3.29283,3.2135,"2018-10-16 09:33:12","2018-12-04 09:30:08",3.85453,0,-0.0793300000000001,1,0,0,0,1
16948,7.39256,8.23427,5,5,2.77717,3.23427,"2018-10-16 09:32:44","2018-12-04 09:31:28",0.841710000000001,0,0.4571,1,0,1,0,1
16949,3.71795,7.24115,4,5,4.3537,2.36615,"2018-10-23 09:38:53","2018-12-11 09:32:03",3.5232,1,-1.98755,1,1,0,0,1
16950,6.71632,8.09326,5,5,1.71632,3.22147,"2018-10-16 09:34:33","2018-12-04 09:34:21",1.37694,0,1.50515,1,0,1,0,1
16951,6.43543,6.40866,4,5,2.07646,1.66507,"2018-10-16 09:38:20","2018-12-04 09:32:07",-0.02677,1,-0.41139,0,1,0,0,0
16952,3.58974,3.58974,4,4,5,2.82184,"2018-10-23 09:35:59","2018-12-04 09:33:50",0,0,-2.17816,0,0,0,0,0
16953,7.92301,6.35556,5,5,3.05122,1.61197,"2018-10-16 09:40:23","2018-12-04 09:32:26",-1.56745,0,-1.43925,0,0,0,0,0
16954,7.48338,6.88332,5,5,2.73979,2.01152,"2018-10-16 09:39:11","2018-12-04 09:33:12",-0.60006,0,-0.72827,0,0,0,0,0
16955,7.15408,7.17263,4,5,2.6669,2.55725,"2018-10-16 09:38:33","2018-12-04 09:31:48",0.0185499999999994,1,-0.10965,1,1,0,0,0
16956,3.84615,5.64832,4,4,1.49792,1.27332,"2018-10-16 09:45:06","2018-12-04 09:33:10",1.80217,0,-0.2246,1,0,0,0,0
16957,7.9419,7.58508,5,5,2.9419,2.73213,"2018-10-23 09:39:24","2018-12-04 09:32:26",-0.356820000000001,0,-0.20977,0,0,0,0,1
16959,2.375,7.40802,2,5,2.80202,2.66443,"2018-10-30 09:32:04","2018-12-04 09:33:06",5.03302,3,-0.13759,1,1,0,0,1
16960,7.23297,7.60126,4,4,2.98297,3.11408,"2018-11-20 09:41:22","2018-12-04 09:30:49",0.36829,0,0.13111,1,0,1,0,1
16967,7.15037,3.71795,4,4,2.66319,3.13697,"2018-10-09 10:08:17","2018-12-04 10:06:41",-3.43242,0,0.47378,0,0,1,0,0
16968,2.05128,3.58974,2,4,3.25361,1.35553,"2018-10-09 10:09:35","2018-12-04 10:11:54",1.53846,2,-1.89808,1,1,0,0,0
16969,6.83073,8.22786,4,5,2.59997,3.22786,"2018-10-09 10:08:29","2018-12-04 10:09:27",1.39713,1,0.62789,1,1,1,1,1
16970,2.94872,3.84615,3,4,2.58088,2.29835,"2018-10-09 10:08:57","2018-12-04 10:07:06",0.89743,1,-0.28253,1,1,0,0,0
16971,3.71795,3.97436,4,4,2.90022,3.21987,"2018-10-09 10:13:41","2018-12-04 10:11:40",0.25641,0,0.31965,1,0,1,0,0
16972,2.69231,6.19753,3,4,1.85806,1.83856,"2018-10-09 10:11:38","2018-12-04 10:11:15",3.50522,1,-0.0195000000000001,1,1,0,0,0
16973,3.58974,7.07948,4,5,1.915,2.4641,"2018-10-09 10:13:17","2018-12-04 10:14:31",3.48974,1,0.5491,1,1,1,1,0
16974,0,3.07692,4,3,0,5,"2018-10-16 10:24:08","2018-12-04 10:18:12",3.07692,-1,5,1,0,1,0,0
16975,5,3.71795,5,4,0,2.63866,"2018-10-23 10:22:39","2018-12-04 10:09:34",-1.28205,-1,2.63866,0,0,1,0,0
16976,3.97436,2.4359,4,2,0,1.98428,"2018-10-16 10:25:38","2018-12-04 10:13:05",-1.53846,-2,1.98428,0,0,1,0,0
16977,3.71795,7.20788,4,4,2.4328,2.7207,"2018-10-09 10:11:57","2018-12-04 10:07:56",3.48993,0,0.2879,1,0,1,0,1
16979,3.84615,2.17949,4,2,0,1.67679,"2018-10-16 10:23:23","2018-12-11 10:09:42",-1.66666,-2,1.67679,0,0,1,0,0
16980,2.05128,2.05128,2,2,3.07495,2.64844,"2018-10-09 10:16:52","2018-12-04 10:11:00",0,0,-0.42651,0,0,0,0,0
16981,2.17949,5,2,5,4.19816,0,"2018-10-09 10:17:44","2018-12-11 10:14:45",2.82051,3,-4.19816,1,1,0,0,0
16982,7.82956,7.48829,5,4,2.95456,3.12931,"2018-10-09 09:10:55","2018-12-04 08:53:52",-0.34127,-1,0.17475,0,0,1,0,1
16983,7.71942,8.37174,5,5,2.97583,3.37174,"2018-10-09 09:11:18","2018-12-04 08:54:57",0.65232,0,0.39591,1,0,1,0,1
16984,7.1234,7.50193,4,5,2.63622,2.63013,"2018-10-23 08:56:39","2018-12-04 08:54:16",0.37853,1,-0.00608999999999993,1,1,0,0,1
16985,8.28132,7.81521,5,5,3.28132,2.81521,"2018-10-09 09:11:23","2018-12-04 08:55:53",-0.466109999999999,0,-0.46611,0,0,0,0,1
16986,6.44591,7.31768,5,4,1.82091,3.08691,"2018-10-09 09:11:04","2018-12-04 08:56:04",0.871770000000001,-1,1.266,1,0,1,0,1
16987,7.43213,7.28795,4,5,3.05713,2.54436,"2018-10-09 09:10:55","2018-12-04 08:58:22",-0.14418,1,-0.51277,0,1,0,0,1
16988,7.36408,7.59407,4,5,3.11408,2.97868,"2018-10-09 09:10:55","2018-12-04 08:56:08",0.22999,1,-0.1354,1,1,0,0,1
16990,7.13866,6.92,5,5,2.63866,2.30462,"2018-10-09 09:12:44","2018-12-04 08:54:11",-0.21866,0,-0.33404,0,0,0,0,0
16991,6.50615,6.16303,4,5,2.50615,1.41303,"2018-10-09 09:12:15","2018-12-04 08:58:08",-0.34312,1,-1.09312,0,1,0,0,0
16992,7.74156,7.46937,5,5,2.99156,2.72578,"2018-10-09 09:09:47","2018-12-04 08:54:39",-0.27219,0,-0.26578,0,0,0,0,1
16993,6.70846,7.47765,5,5,2.20846,2.47765,"2018-10-09 09:10:20","2018-12-04 08:56:27",0.76919,0,0.26919,1,0,1,0,1
16994,2.4359,6.50237,2,4,3.76423,2.1434,"2018-10-23 09:03:03","2018-12-04 08:58:18",4.06647,2,-1.62083,1,1,0,0,0
16995,5.85425,5.63688,4,4,1.47925,1.40611,"2018-10-09 09:04:43","2018-12-04 09:05:52",-0.217370000000001,0,-0.07314,0,0,0,0,0
16996,3.07692,5.87283,3,4,5,1.51385,"2018-10-16 09:03:19","2018-12-04 09:01:21",2.79591,1,-3.48615,1,1,0,0,0
16998,3.58974,6.899,4,4,2.62164,2.41182,"2018-10-16 09:05:23","2018-12-04 08:56:26",3.30926,0,-0.20982,1,0,0,0,0
17006,7.66167,8.03359,5,5,3.16167,3.03359,"2018-10-09 09:45:27","2018-12-04 09:31:38",0.37192,0,-0.12808,1,0,0,0,1
17007,7.88385,7.58552,5,5,3.00885,2.97014,"2018-10-09 09:45:31","2018-12-04 09:34:39",-0.29833,0,-0.03871,0,0,0,0,1
17008,7.61203,7.74522,5,5,2.86203,3.00163,"2018-10-09 09:45:18","2018-12-11 09:30:50",0.13319,0,0.1396,1,0,1,0,1
17009,7.94846,6.73155,5,5,3.07346,1.85976,"2018-10-09 09:45:14","2018-12-04 09:34:36",-1.21691,0,-1.2137,0,0,0,0,0
17010,8.07803,7.7845,5,5,3.33444,3.04092,"2018-10-23 09:42:44","2018-12-04 09:27:42",-0.29353,0,-0.29352,0,0,0,0,1
17011,7.20293,6.73922,4,4,3.07793,2.50845,"2018-10-09 09:46:06","2018-12-04 09:37:50",-0.46371,0,-0.56948,0,0,0,0,0
17012,6.74928,3.84615,4,4,2.49928,3.37003,"2018-10-09 09:46:28","2018-12-04 09:34:53",-2.90313,0,0.87075,0,0,1,0,0
17013,8.12016,7.49586,5,5,3.12016,2.62407,"2018-10-09 09:46:49","2018-12-04 09:28:45",-0.6243,0,-0.49609,0,0,0,0,1
17014,7.86408,6.13009,5,4,3.11408,1.89932,"2018-10-09 09:45:28","2018-12-04 09:34:44",-1.73399,-1,-1.21476,0,0,0,0,0
17015,7.19747,0,5,4,2.32247,0,"2018-10-09 09:46:13","2018-12-04 09:35:06",-7.19747,-1,-2.32247,0,0,0,0,0
17016,8.11409,7.37694,5,5,3.23909,2.37694,"2018-10-09 09:45:34","2018-12-04 09:35:11",-0.737149999999999,0,-0.86215,0,0,0,0,1
17017,8.02216,7.68503,5,4,3.52216,3.32606,"2018-10-09 09:44:25","2018-12-04 09:28:47",-0.337129999999999,-1,-0.1961,0,0,0,0,1
17018,6.12377,3.71795,4,4,1.99877,2.43502,"2018-10-09 09:47:42","2018-12-11 09:31:23",-2.40582,0,0.43625,0,0,1,0,0
17019,6.42836,7.0629,5,5,1.67836,2.31931,"2018-10-09 09:40:58","2018-12-04 09:36:05",0.63454,0,0.64095,1,0,1,0,0
17020,7.15673,0,5,4,2.28173,0,"2018-10-09 09:45:58","2018-12-04 09:31:15",-7.15673,-1,-2.28173,0,0,0,0,0
17021,6.68854,7.31349,5,5,2.18854,2.4417,"2018-10-09 09:45:58","2018-12-04 09:34:23",0.62495,0,0.25316,1,0,1,0,1
17022,7.86203,8.07895,5,5,2.86203,3.20715,"2018-10-09 09:39:49","2018-12-04 09:34:00",0.216920000000001,0,0.34512,1,0,1,0,1
17023,8.31184,8.8831,4,5,3.93684,4.0113,"2018-10-09 09:36:55","2018-12-04 09:28:44",0.571260000000001,1,0.0744600000000002,1,1,1,1,1
17024,8.35339,3.97436,4,4,4.22839,1.49865,"2018-10-09 09:42:18","2018-12-04 09:30:17",-4.37903,0,-2.72974,0,0,0,0,0
17025,6.57148,7.63148,4,5,2.19648,3.0161,"2018-10-09 09:39:03","2018-12-04 09:29:31",1.06,1,0.81962,1,1,1,1,1
17026,8.15595,8.40273,5,5,3.54057,3.40273,"2018-10-23 09:43:35","2018-12-04 09:27:22",0.246779999999999,0,-0.13784,1,0,0,0,1
17027,7.22758,6.99333,4,4,2.85258,2.50615,"2018-10-09 09:38:59","2018-12-04 09:30:11",-0.234249999999999,0,-0.34643,0,0,0,0,0
17028,7.89198,7.88644,5,5,2.89198,3.01465,"2018-10-09 09:45:00","2018-12-04 09:28:00",-0.00553999999999988,0,0.12267,0,0,1,0,1
17029,7.37632,8.50782,5,5,2.75132,3.76423,"2018-10-09 09:45:59","2018-12-04 09:37:54",1.1315,0,1.01291,1,0,1,0,1
17030,8.05068,8.08212,5,5,3.17568,3.21033,"2018-10-09 09:45:20","2018-12-04 09:34:31",0.0314399999999999,0,0.0346500000000001,1,0,1,0,1
17031,6.97765,4.23077,5,4,2.47765,0,"2018-10-09 09:44:41","2018-12-04 09:31:46",-2.74688,-1,-2.47765,0,0,0,0,0
17032,6.37184,7.19022,5,4,1.74684,2.70304,"2018-10-09 09:44:38","2018-12-04 09:33:33",0.81838,-1,0.9562,1,0,1,0,0
17033,8.29983,3.33333,5,3,3.54983,4.46961,"2018-10-09 09:43:34","2018-12-04 09:29:40",-4.9665,-2,0.91978,0,0,1,0,0
17035,7.4669,7.45857,5,5,2.7169,2.84318,"2018-10-09 10:11:16","2018-12-04 10:02:25",-0.00832999999999995,0,0.12628,0,0,1,0,1
17036,7.54444,7.16231,4,4,3.16944,2.80334,"2018-10-09 10:10:20","2018-12-04 10:02:01",-0.38213,0,-0.3661,0,0,0,0,0
17037,7.09159,6.83541,5,5,2.59159,1.96362,"2018-10-09 10:10:23","2018-12-04 10:13:49",-0.25618,0,-0.62797,0,0,0,0,0
17038,8.01661,8.69766,5,5,3.26661,3.69766,"2018-10-09 10:09:11","2018-12-04 10:06:35",0.681050000000001,0,0.43105,1,0,1,0,1
17039,6.77911,2.5641,5,3,2.15411,2.30253,"2018-10-09 10:07:40","2018-12-04 10:05:33",-4.21501,-2,0.14842,0,0,1,0,0
17040,6.64932,7.83207,5,5,1.89932,3.21668,"2018-10-09 10:10:08","2018-12-04 10:06:54",1.18275,0,1.31736,1,0,1,0,1
17041,7.35945,7.46184,5,5,2.48445,2.46184,"2018-10-09 10:09:51","2018-12-04 10:06:51",0.10239,0,-0.0226099999999998,1,0,0,0,1
17042,8.90473,8.06316,5,5,4.27973,3.19136,"2018-10-09 10:09:23","2018-12-04 10:03:56",-0.841570000000001,0,-1.08837,0,0,0,0,1
17043,7.40217,7.08326,5,5,2.77717,2.21146,"2018-10-09 10:08:02","2018-12-04 10:01:30",-0.31891,0,-0.56571,0,0,0,0,0
17044,7.82716,7.39213,5,5,2.82716,2.39213,"2018-10-09 10:13:35","2018-12-04 10:05:33",-0.43503,0,-0.43503,0,0,0,0,1
17045,7.28073,6.20716,4,5,2.90573,1.46357,"2018-10-09 10:13:27","2018-12-04 10:06:49",-1.07357,1,-1.44216,0,1,0,0,0
17046,7.31113,7.32915,5,5,2.43613,2.45735,"2018-10-09 10:14:46","2018-12-11 10:07:42",0.0180199999999999,0,0.02122,1,0,1,0,1
17048,3.5,3.97436,4,4,3.82025,4.40262,"2018-10-09 10:09:16","2018-12-04 10:20:07",0.47436,0,0.58237,1,0,1,0,0
17049,7.32051,7.4937,5,5,2.69551,2.87831,"2018-10-09 10:10:38","2018-12-04 10:00:55",0.17319,0,0.1828,1,0,1,0,1
17051,6.75305,7.05491,4,5,2.52228,2.05491,"2018-10-16 10:20:46","2018-12-11 10:10:05",0.30186,1,-0.46737,1,1,0,0,0
17058,7.30793,7.14826,5,5,2.43613,2.14826,"2018-10-10 09:10:34","2018-12-05 08:55:38",-0.15967,0,-0.28787,0,0,0,0,0
17059,3.84615,8.69378,4,5,3.39581,3.95019,"2018-10-10 09:07:48","2018-12-05 08:55:16",4.84763,1,0.55438,1,1,1,1,1
17060,2.17949,7.03951,2,4,2.60116,2.68054,"2018-10-10 09:06:12","2018-12-19 08:57:31",4.86002,2,0.07938,1,1,1,1,0
17061,2.05128,2.05128,2,2,3.46966,2.85393,"2018-10-10 09:06:08","2018-12-05 08:57:32",0,0,-0.61573,0,0,0,0,0
17062,6.31456,7.03702,4,4,1.95559,2.67805,"2018-10-24 08:57:59","2018-12-05 08:58:28",0.72246,0,0.72246,1,0,1,0,0
17063,2.05128,7.60429,2,4,3.63499,3.11712,"2018-10-10 09:06:37","2018-12-05 08:54:40",5.55301,2,-0.51787,1,1,0,0,1
17064,2.5,8.8153,3,5,3.14774,3.94351,"2018-10-10 09:08:53","2018-12-05 08:54:57",6.3153,2,0.79577,1,1,1,1,1
17065,7.82751,7.93071,5,5,3.08392,2.93071,"2018-10-10 09:08:15","2018-12-05 08:55:11",0.1032,0,-0.15321,1,0,0,0,1
17066,3.46154,3.33333,3,3,1.21492,0,"2018-10-24 09:00:27","2018-12-05 09:00:54",-0.12821,0,-1.21492,0,0,0,0,0
17067,2.5,3.97436,3,4,3.72766,2.98154,"2018-10-10 09:12:59","2018-12-05 08:59:36",1.47436,1,-0.74612,1,1,0,0,0
17068,7.53218,8.24267,5,5,2.9168,3.62729,"2018-10-10 09:07:52","2018-12-05 08:54:28",0.71049,0,0.71049,1,0,1,0,1
17069,5.91966,3.84615,4,4,1.6604,2.38127,"2018-10-10 09:12:12","2018-12-05 08:58:43",-2.07351,0,0.72087,0,0,1,0,0
17070,6.86398,7.23209,4,4,2.505,2.74491,"2018-10-10 09:10:22","2018-12-05 08:56:27",0.368110000000001,0,0.23991,1,0,1,0,1
17071,7.51909,7.73659,4,5,3.16012,2.993,"2018-10-10 09:07:11","2018-12-05 08:57:15",0.217499999999999,1,-0.16712,1,1,0,0,1
17072,6.79285,7.27717,4,5,2.30567,2.77717,"2018-10-10 09:06:54","2018-12-05 08:56:54",0.48432,1,0.4715,1,1,1,1,1
17073,6.66977,7.30554,4,5,2.18259,2.56195,"2018-10-10 09:04:26","2018-12-05 08:55:03",0.63577,1,0.37936,1,1,1,1,1
17074,7.01519,7.20543,5,5,2.1434,2.46184,"2018-10-24 09:04:00","2018-12-05 08:55:52",0.19024,0,0.31844,1,0,1,0,1
17075,6.58921,5,4,5,2.10203,0,"2018-10-31 09:04:12","2018-12-05 09:00:52",-1.58921,1,-2.10203,0,1,0,0,0
17076,2.05128,3.33333,2,3,2.44951,2.75518,"2018-10-31 09:08:41","2018-12-05 08:58:43",1.28205,1,0.30567,1,1,1,1,0
17077,3.66667,6.53539,4,4,2.36185,2.30462,"2018-11-28 09:09:27","2018-12-05 08:56:55",2.86872,0,-0.0572300000000001,1,0,0,0,0
17083,6.94048,7.56551,5,5,2.34048,2.69051,"2018-10-10 10:24:15","2018-12-05 10:06:23",0.62503,0,0.35003,1,0,1,0,1
17084,0,7.89662,5,5,0,3.02482,"2018-10-10 10:22:36","2018-12-05 10:07:14",7.89662,0,3.02482,1,0,1,0,1
17085,8.67338,7.63283,5,5,4.00671,2.88924,"2018-10-10 10:22:55","2018-12-05 10:09:07",-1.04055,0,-1.11747,0,0,0,0,1
17086,7.43751,8.10169,4,5,2.95033,3.3581,"2018-10-10 10:19:41","2018-12-05 10:04:30",0.66418,1,0.40777,1,1,1,1,1
17087,3.04348,7.94079,3,5,1.3147,3.06899,"2018-10-10 10:21:51","2018-12-05 10:03:36",4.89731,2,1.75429,1,1,1,1,1
17088,6.55958,7.1278,5,5,1.68778,2.25601,"2018-10-24 10:03:53","2018-12-05 10:05:54",0.568219999999999,0,0.56823,1,0,1,0,0
17089,6.77144,7.34921,5,4,2.15606,2.86203,"2018-10-10 10:24:18","2018-12-05 10:04:32",0.57777,-1,0.70597,1,0,1,0,1
17090,7.90831,8.34862,5,5,3.03652,3.47683,"2018-10-10 10:21:27","2018-12-05 10:07:33",0.44031,0,0.44031,1,0,1,0,1
17091,6.99755,7.32684,5,5,2.25396,2.58325,"2018-10-10 10:21:29","2018-12-05 10:05:25",0.329289999999999,0,0.32929,1,0,1,0,1
17092,4.48718,6.579,4,5,0,1.96362,"2018-10-10 10:18:19","2018-12-05 10:06:15",2.09182,1,1.96362,1,1,1,1,0
17093,9.36282,8.85831,5,5,4.61923,4.11472,"2018-10-10 10:16:14","2018-12-05 10:05:44",-0.50451,0,-0.50451,0,0,0,0,1
17094,8.12561,7.46049,5,5,3.38202,2.7169,"2018-10-10 10:15:22","2018-12-05 10:06:58",-0.66512,0,-0.66512,0,0,0,0,1
17095,7.05869,7.14544,5,4,2.3151,2.65826,"2018-10-10 10:14:43","2018-12-05 10:05:15",0.0867499999999994,-1,0.34316,1,0,1,0,0
17096,3.20513,3.07692,3,3,4.03438,3.20399,"2018-10-10 10:16:42","2018-12-05 10:05:25",-0.12821,0,-0.83039,0,0,0,0,0
17097,7.47416,8.10045,5,5,2.60236,3.10045,"2018-10-10 10:16:30","2018-12-05 10:11:31",0.62629,0,0.49809,1,0,1,0,1
17098,7.59978,7.8053,5,5,2.9844,2.9335,"2018-10-10 10:18:19","2018-12-05 10:06:39",0.20552,0,-0.0508999999999999,1,0,0,0,1
17099,6.88548,7.42435,5,5,1.88548,2.55255,"2018-10-10 10:20:10","2018-12-05 10:05:46",0.538869999999999,0,0.66707,1,0,1,0,1
17100,6.42238,6.46196,4,4,1.9352,2.10299,"2018-10-10 10:21:51","2018-12-05 10:06:42",0.0395799999999999,0,0.16779,1,0,1,0,0
17132,7.57985,7.61798,5,5,2.96446,2.74619,"2018-10-10 09:13:43","2018-12-05 09:03:47",0.0381299999999998,0,-0.21827,1,0,0,0,1
17133,7.32233,7.51039,4,5,2.83515,2.7668,"2018-10-10 09:13:37","2018-12-05 08:55:22",0.18806,1,-0.0683500000000001,1,1,0,0,1
17134,8.60147,7.36754,5,4,3.72968,3.26498,"2018-10-10 09:12:29","2018-12-05 09:00:39",-1.23393,-1,-0.4647,0,0,0,0,1
17135,6.93222,7.3079,4,5,2.44504,2.56431,"2018-10-10 09:12:17","2018-12-05 08:59:49",0.37568,1,0.11927,1,1,1,1,1
17136,2.4359,6.91333,2,4,2.77978,2.42615,"2018-10-10 09:11:09","2018-12-05 09:01:44",4.47743,2,-0.35363,1,1,0,0,0
17137,6.75684,3.71795,5,4,2.14146,0,"2018-10-24 09:03:29","2018-12-05 09:03:02",-3.03889,-1,-2.14146,0,0,0,0,0
17138,7.28657,8.54378,4,5,2.79939,3.67198,"2018-10-10 09:04:59","2018-12-05 08:58:58",1.25721,1,0.87259,1,1,1,1,1
17139,6.57455,6.35291,4,4,2.47199,1.86573,"2018-10-10 09:07:40","2018-12-05 09:00:37",-0.221640000000001,0,-0.60626,0,0,0,0,0
17140,7.00605,8.01119,5,5,2.00605,3.39581,"2018-10-10 09:07:37","2018-12-05 09:01:23",1.00514,0,1.38976,1,0,1,0,1
17141,7.78238,6.63598,5,5,2.78238,1.89239,"2018-10-24 09:10:32","2018-12-05 09:03:30",-1.1464,0,-0.88999,0,0,0,0,0
17142,2.05128,6.84597,2,5,3.21987,2.23058,"2018-10-24 09:10:56","2018-12-05 09:04:09",4.79469,3,-0.98929,1,1,0,0,0
17143,6.52704,7.6725,4,5,2.29627,2.80071,"2018-11-07 09:08:04","2018-12-05 08:59:18",1.14546,1,0.50444,1,1,1,1,1
17144,7.18259,6.34523,5,4,2.18259,2.11446,"2018-10-24 09:13:35","2018-12-05 08:59:41",-0.83736,-1,-0.06813,0,0,0,0,0
17145,6.82426,3.84615,5,4,1.82426,2.9016,"2018-10-10 09:05:59","2018-12-05 08:59:37",-2.97811,-1,1.07734,0,0,1,0,0
17146,2.17949,2.125,2,2,3.4483,0.149816,"2018-10-10 09:06:55","2018-12-05 09:06:19",-0.0544899999999999,0,-3.298484,0,0,0,0,0
17147,7.20484,7.6519,5,5,2.33305,3.03652,"2018-10-24 08:56:58","2018-12-05 08:57:42",0.44706,0,0.70347,1,0,1,0,1
17149,3.84615,6.13827,4,4,0.346104,1.65109,"2018-10-24 08:57:56","2018-12-05 09:00:10",2.29212,0,1.304986,1,0,1,0,0
17150,5,7.24881,5,4,0,2.76163,"2018-10-10 09:14:52","2018-12-05 08:57:40",2.24881,-1,2.76163,1,0,1,0,1
17151,8.5201,8.46723,5,5,3.8951,3.72364,"2018-10-31 08:53:19","2018-12-05 08:59:46",-0.0528699999999986,0,-0.17146,0,0,0,0,1
17156,2.5641,2.69231,3,3,3.63306,1.65342,"2018-10-24 09:45:59","2018-12-19 09:37:08",0.12821,0,-1.97964,1,0,0,0,0
17157,0,7.37154,4,5,0,2.37154,"2018-10-24 09:48:21","2018-12-19 09:41:03",7.37154,1,2.37154,1,1,1,1,1
17158,7.8306,7.18674,5,4,2.9588,2.95597,"2018-10-10 09:47:44","2018-12-19 09:34:38",-0.643859999999999,-1,-0.00282999999999989,0,0,0,0,0
17159,6.83775,7.37701,4,5,2.47878,2.76163,"2018-10-10 09:47:47","2018-12-19 09:41:55",0.539260000000001,1,0.28285,1,1,1,1,1
17160,2.17949,3.58974,2,4,0.462495,2.24886,"2018-10-10 09:47:28","2018-12-19 09:40:26",1.41025,2,1.786365,1,1,1,1,0
17161,2.17949,2.17949,2,2,2.68178,3.06899,"2018-10-10 09:47:08","2018-12-19 09:41:31",0,0,0.38721,0,0,1,0,0
17162,5,3.71795,5,4,0,1.93255,"2018-10-24 09:49:30","2018-12-19 09:44:15",-1.28205,-1,1.93255,0,0,1,0,0
17163,3.71795,6.84619,4,4,0,2.74363,"2018-10-10 09:42:35","2018-12-19 09:36:33",3.12824,0,2.74363,1,0,1,0,0
17164,7.78629,7.30839,5,5,2.78629,2.69301,"2018-10-10 09:40:40","2018-12-19 09:37:48",-0.4779,0,-0.09328,0,0,0,0,1
17166,3.97436,5.96074,4,4,2.57376,1.71074,"2018-10-10 09:39:07","2018-12-19 09:29:56",1.98638,0,-0.86302,1,0,0,0,0
17167,8.17777,6.81723,5,5,3.43418,2.07364,"2018-10-24 09:46:23","2018-12-19 09:40:36",-1.36054,0,-1.36054,0,0,0,0,0
17168,3.46154,7.505,3,5,2.51997,2.505,"2018-10-10 09:47:55","2018-12-19 09:35:54",4.04346,2,-0.0149699999999999,1,1,0,0,1
17169,2.69231,6.12044,3,5,1.18411,1.37044,"2018-10-10 09:45:37","2018-12-19 09:38:34",3.42813,2,0.18633,1,1,1,1,0
17170,7.31498,7.39828,5,5,2.57139,2.77328,"2018-10-31 09:33:05","2018-12-19 09:37:21",0.0832999999999995,0,0.20189,1,0,1,0,1
17172,7.2774,7.6507,4,5,2.79022,2.90711,"2018-10-10 09:46:49","2018-12-19 09:36:37",0.3733,1,0.11689,1,1,1,1,1
17173,9.23077,6.85114,4,5,5,2.35114,"2018-10-10 09:48:03","2018-12-19 09:46:51",-2.37963,1,-2.64886,0,1,0,0,0
17174,3.52941,3.97436,4,4,3.39927,2.78238,"2018-10-10 09:50:04","2018-12-19 09:38:17",0.44495,0,-0.61689,1,0,0,0,0
17248,8.10606,2.82051,5,3,3.23106,5,"2018-10-08 21:35:10","2018-11-26 09:58:20",-5.28555,-2,1.76894,0,0,1,0,0
17325,7.03569,6.37903,5,4,2.2921,2.14826,"2018-10-31 09:41:59","2018-12-05 09:38:19",-0.65666,-1,-0.14384,0,0,0,0,0
17326,5,7.00946,5,4,0,2.52228,"2018-10-10 09:47:43","2018-12-05 09:36:05",2.00946,-1,2.52228,1,0,1,0,0
17328,2.4359,3.46154,2,3,2.9349,5,"2018-10-24 09:29:13","2018-12-05 09:38:02",1.02564,1,2.0651,1,1,1,1,0
17329,2.83784,6.02288,3,5,2.97441,1.40749,"2018-10-10 09:46:27","2018-12-05 09:37:23",3.18504,2,-1.56692,1,1,0,0,0
17330,6.90891,6.31894,4,4,2.42173,2.06894,"2018-10-10 09:45:12","2018-12-05 09:43:19",-0.58997,0,-0.35279,0,0,0,0,0
17334,3.83333,6.90063,4,5,2.24988,2.15704,"2018-10-24 09:36:47","2018-12-05 09:35:23",3.0673,1,-0.0928400000000003,1,1,0,0,0
17335,2.69231,2.17949,3,2,4.80955,2.88514,"2018-10-24 09:35:45","2018-12-05 09:38:09",-0.51282,-1,-1.92441,0,0,0,0,0
17336,6.86283,7.66006,4,4,2.50386,3.30109,"2018-10-24 09:30:08","2018-12-05 09:36:49",0.79723,0,0.79723,1,0,1,0,1
17337,5,2.05128,5,2,0,2.25601,"2018-10-10 09:47:44","2018-12-05 09:41:37",-2.94872,-3,2.25601,0,0,1,0,0
17338,7.13072,7.22441,4,4,2.64354,2.73723,"2018-10-24 09:33:47","2018-12-05 09:35:12",0.0936899999999996,0,0.0936900000000001,1,0,1,0,1
17339,0,7.31607,4,4,0,3.2135,"2018-10-24 09:36:19","2018-12-05 09:41:23",7.31607,0,3.2135,1,0,1,0,1
17340,5,2.75,5,3,0,2.26523,"2018-10-24 09:34:36","2018-12-05 09:36:17",-2.25,-2,2.26523,0,0,1,0,0
17343,6.97864,8.0779,4,5,2.67309,3.46252,"2018-10-10 10:23:08","2018-12-05 10:09:34",1.09926,1,0.78943,1,1,1,1,1
17344,7.73979,7.57613,5,5,2.73979,2.57613,"2018-10-10 10:22:34","2018-12-05 10:06:41",-0.16366,0,-0.16366,0,0,0,0,1
17345,7.79872,8.27968,5,5,3.06899,3.27968,"2018-10-10 10:23:03","2018-12-05 10:05:47",0.48096,0,0.21069,1,0,1,0,1
17346,7.50988,7.42911,5,5,2.90988,2.68552,"2018-10-10 10:23:57","2018-12-05 10:05:24",-0.0807700000000002,0,-0.22436,0,0,0,0,1
17347,8.22324,6.51353,5,4,3.47324,2.28276,"2018-10-10 10:22:19","2018-12-05 10:07:20",-1.70971,-1,-1.19048,0,0,0,0,0
17453,6.1483,7.28526,4,4,1.78933,2.79808,"2018-10-23 10:13:27","2018-12-04 10:11:12",1.13696,0,1.00875,1,0,1,0,1
17547,7.73554,7.21015,5,5,3.12016,2.33835,"2018-10-23 09:18:54","2018-12-11 09:08:02",-0.525390000000001,0,-0.78181,0,0,0,0,1
17548,7.69956,3.84615,5,4,2.95597,2.34048,"2018-10-23 09:19:59","2018-12-11 09:08:21",-3.85341,-1,-0.61549,0,0,0,0,0
17549,6.75983,6.96527,4,5,2.40086,2.09348,"2018-10-23 09:16:39","2018-12-11 09:06:35",0.20544,1,-0.30738,1,1,0,0,0
17550,2.17949,3.07692,2,3,3.66023,2.46973,"2018-10-23 09:20:02","2018-12-11 09:07:38",0.89743,1,-1.1905,1,1,0,0,0
17551,7.69629,7.83916,5,5,2.8245,2.83916,"2018-10-23 09:18:35","2018-12-11 09:07:27",0.142869999999999,0,0.0146600000000001,1,0,1,0,1
17552,7.87487,8.29448,5,5,3.00307,3.29448,"2018-10-23 09:20:30","2018-12-11 09:08:12",0.41961,0,0.29141,1,0,1,0,1
17553,7.57741,7.2059,5,5,2.83382,2.33411,"2018-10-23 09:19:27","2018-12-11 09:07:14",-0.371510000000001,0,-0.49971,0,0,0,0,1
17554,8.78778,8.7366,4,5,4.3006,3.99301,"2018-10-23 09:18:55","2018-12-11 09:06:59",-0.0511800000000004,1,-0.30759,0,1,0,0,1
17555,2.5641,2.30769,3,2,2.50845,2.20047,"2018-10-30 09:21:49","2018-12-11 09:10:59",-0.25641,-1,-0.30798,0,0,0,0,0
17556,6.85039,7.83173,5,4,2.1068,3.34455,"2018-10-23 09:19:10","2018-12-11 09:07:32",0.98134,-1,1.23775,1,0,1,0,1
17557,2.69231,2.82051,3,3,2.36615,4.3537,"2018-10-23 09:17:16","2018-12-11 09:05:11",0.1282,0,1.98755,1,0,1,0,0
17558,7.34687,7.67929,5,5,2.34687,2.67929,"2018-10-23 09:17:46","2018-12-11 09:09:46",0.33242,0,0.33242,1,0,1,0,1
17559,7.32578,6.65342,5,5,2.45399,1.65342,"2018-10-23 09:18:11","2018-12-11 09:09:04",-0.67236,0,-0.80057,0,0,0,0,0
17560,7.6754,5.09824,4,4,3.18822,0.867466,"2018-10-23 09:18:26","2018-12-11 09:09:47",-2.57716,0,-2.320754,0,0,0,0,0
17561,3.97436,6.63252,4,4,2.92653,2.14534,"2018-10-23 09:21:19","2018-12-11 09:07:18",2.65816,0,-0.78119,1,0,0,0,0
17562,7.30637,6.98431,4,5,2.81919,2.24072,"2018-10-23 09:21:07","2018-12-11 09:07:16",-0.32206,1,-0.57847,0,1,0,0,0
17563,7.58945,7.39777,5,5,2.84586,2.78238,"2018-10-30 09:14:27","2018-12-11 09:07:28",-0.19168,0,-0.0634800000000002,0,0,0,0,1
17564,2.17949,7.48593,2,4,3.77861,2.99875,"2018-10-23 09:20:18","2018-12-11 09:08:54",5.30644,2,-0.77986,1,1,0,0,1
17565,6.77781,7.9844,5,5,1.77781,2.9844,"2018-10-23 09:23:56","2018-12-11 09:09:04",1.20659,0,1.20659,1,0,1,0,1
17566,7.33103,8.00531,5,5,2.71564,3.26172,"2018-10-23 09:17:16","2018-12-11 09:07:29",0.67428,0,0.54608,1,0,1,0,1
17567,6.64291,6.83415,5,5,1.89932,1.95915,"2018-10-23 09:25:11","2018-12-11 09:08:59",0.191240000000001,0,0.05983,1,0,1,0,0
17568,2.30769,3.46154,2,3,2.12118,2.05584,"2018-10-23 09:21:39","2018-12-11 09:08:03",1.15385,1,-0.06534,1,1,0,0,0
17569,6.75694,7.44674,5,5,2.01335,2.57494,"2018-10-23 09:24:08","2018-12-11 09:07:30",0.6898,0,0.56159,1,0,1,0,1
17570,3.97436,9.48718,4,4,3.33613,5,"2018-10-23 09:21:40","2018-12-11 09:09:05",5.51282,0,1.66387,1,0,1,0,1
17571,7.65974,7.71089,4,5,3.17256,2.9673,"2018-10-23 09:22:00","2018-12-11 09:08:45",0.0511499999999998,1,-0.20526,1,1,0,0,1
17572,7.68168,8.12936,4,4,3.32271,3.77038,"2018-10-30 09:30:57","2018-12-11 09:16:46",0.44768,0,0.44767,1,0,1,0,1
17573,0,2.30769,4,2,0,2.55021,"2018-10-23 10:31:21","2018-12-11 10:41:22",2.30769,-2,2.55021,1,0,1,0,0
17574,8.03212,7.7083,5,5,3.03212,3.09292,"2018-10-23 10:30:59","2018-12-11 10:41:57",-0.32382,0,0.0608,0,0,1,0,1
17575,6.94641,6.34938,4,4,2.71564,2.24682,"2018-10-23 10:31:29","2018-12-11 10:39:57",-0.59703,0,-0.46882,0,0,0,0,0
17576,7.99397,7.20915,5,4,3.37859,2.72197,"2018-10-23 10:36:42","2018-12-11 10:41:37",-0.78482,-1,-0.65662,0,0,0,0,1
17578,7.89198,7.78744,5,5,2.89198,3.04385,"2018-10-23 10:29:10","2018-12-18 10:02:14",-0.10454,0,0.15187,0,0,1,0,1
17579,2.30769,4.54545,2,5,2.10776,0,"2018-11-20 10:33:24","2018-12-11 10:43:36",2.23776,3,-2.10776,1,1,0,0,0
17580,7.73979,6.91555,5,4,2.73979,2.42837,"2018-10-23 10:32:57","2018-12-11 10:41:48",-0.824240000000001,-1,-0.31142,0,0,0,0,0
17581,6.9796,8.27445,4,4,2.49242,4.04368,"2018-10-23 10:31:27","2018-12-11 10:39:38",1.29485,0,1.55126,1,0,1,0,1
17582,2.05128,3.46154,2,3,2.09538,2.23869,"2018-10-23 10:30:30","2018-12-11 10:40:23",1.41026,1,0.14331,1,1,1,1,0
17583,2.4359,2.05128,2,2,2.64966,3.16322,"2018-10-23 10:28:58","2018-12-11 10:40:03",-0.38462,0,0.51356,0,0,1,0,0
17584,2.5641,3.46154,3,3,3.61004,2.55372,"2018-10-23 10:34:15","2018-12-11 10:40:57",0.89744,0,-1.05632,1,0,0,0,0
17585,8.26759,7.92867,5,5,3.524,3.18508,"2018-10-23 10:31:56","2018-12-11 10:41:33",-0.33892,0,-0.33892,0,0,0,0,1
17587,6.55025,7.57982,5,5,2.05025,2.82982,"2018-10-23 10:28:25","2018-12-11 10:38:58",1.02957,0,0.77957,1,0,1,0,1
17588,8.97198,7.92449,5,5,4.22839,3.05269,"2018-10-23 10:29:58","2018-12-11 10:40:14",-1.04749,0,-1.1757,0,0,0,0,1
17589,7.05527,3.46154,4,3,2.8245,3.10498,"2018-10-23 10:30:53","2018-12-11 10:40:30",-3.59373,-1,0.28048,0,0,1,0,0
17590,6.69029,6.85156,5,5,1.9467,1.97977,"2018-10-23 10:30:36","2018-12-11 10:41:13",0.16127,0,0.0330699999999999,1,0,1,0,0
17591,6.61561,7.04265,4,5,2.51305,2.42726,"2018-10-23 10:34:55","2018-12-11 10:42:20",0.42704,1,-0.0857899999999998,1,1,0,0,0
17592,7.80619,7.40536,4,4,3.70362,2.91818,"2018-10-23 10:35:07","2018-12-11 10:42:00",-0.40083,0,-0.78544,0,0,0,0,1
17594,0,3.20513,4,3,0,2.29002,"2018-10-23 10:30:52","2018-12-11 10:40:13",3.20513,-1,2.29002,1,0,1,0,0
17595,7.7038,8.27494,5,5,3.08841,3.53135,"2018-10-23 10:31:08","2018-12-11 10:40:27",0.571140000000001,0,0.44294,1,0,1,0,1
17596,8.75719,6.86161,5,4,4.0136,2.75905,"2018-10-23 10:31:24","2018-12-11 10:39:57",-1.89558,-1,-1.25455,0,0,0,0,0
17597,6.61056,7.78157,5,5,1.73877,3.03798,"2018-10-30 10:33:33","2018-12-11 10:41:09",1.17101,0,1.29921,1,0,1,0,1
17599,5.68513,3.58974,4,4,1.45436,0.958945,"2018-10-23 11:14:40","2018-12-11 11:02:47",-2.09539,0,-0.495415,0,0,0,0,0
17600,7.08225,7.23332,5,5,2.21046,2.48332,"2018-10-30 11:09:15","2018-12-11 11:00:18",0.15107,0,0.27286,1,0,1,0,1
17601,7.8039,6.71796,5,5,2.9321,1.97437,"2018-10-23 11:08:48","2018-12-11 11:05:53",-1.08594,0,-0.95773,0,0,0,0,0
17603,7.47776,7.5142,5,5,2.60597,2.5142,"2018-10-30 11:02:46","2018-12-11 10:57:19",0.0364399999999998,0,-0.0917699999999999,1,0,0,0,1
17604,7.28001,3.33333,4,3,2.79283,2.3109,"2018-10-23 11:08:43","2018-12-11 10:57:59",-3.94668,-1,-0.48193,0,0,0,0,0
17605,6.6604,7.05835,5,5,1.6604,2.18655,"2018-10-30 11:09:24","2018-12-11 10:58:25",0.39795,0,0.52615,1,0,1,0,0
17606,3.375,8.29369,3,5,2.6411,3.4219,"2018-10-23 11:08:50","2018-12-11 10:58:42",4.91869,2,0.7808,1,1,1,1,1
17607,6.23287,7.37959,5,5,1.48928,2.76421,"2018-11-27 11:00:09","2018-12-11 11:00:29",1.14672,0,1.27493,1,0,1,0,1
17608,7.21021,7.6373,4,5,2.85124,3.02191,"2018-10-23 11:10:23","2018-12-11 10:57:20",0.42709,1,0.17067,1,1,1,1,1
17610,9.04945,7.53904,5,5,4.30586,2.79545,"2018-10-23 11:06:12","2018-12-11 10:56:42",-1.51041,0,-1.51041,0,0,0,0,1
17611,7.24188,6.32405,5,4,2.62649,1.83687,"2018-10-23 11:08:52","2018-12-11 11:01:03",-0.91783,-1,-0.78962,0,0,0,0,0
17612,0,6.85969,4,4,0,2.62892,"2018-11-27 11:12:55","2018-12-11 11:01:14",6.85969,0,2.62892,1,0,1,0,0
17613,7.42928,7.06629,5,5,2.81389,2.19449,"2018-10-23 11:11:45","2018-12-11 10:57:31",-0.36299,0,-0.6194,0,0,0,0,0
17615,2.05128,2.4359,2,2,3.11104,2.76939,"2018-10-30 11:08:38","2018-12-11 11:01:48",0.38462,0,-0.34165,1,0,0,0,0
17616,7.5424,7.65027,5,5,2.67061,2.77847,"2018-10-23 11:11:51","2018-12-11 11:01:01",0.10787,0,0.10786,1,0,1,0,1
17617,7.8305,8.16477,5,5,3.08691,3.16477,"2018-10-23 11:08:02","2018-12-11 10:58:55",0.334270000000001,0,0.0778599999999998,1,0,1,0,1
17618,7.44033,6.70798,4,4,2.95315,2.349,"2018-10-23 11:12:44","2018-12-11 10:58:54",-0.73235,0,-0.60415,0,0,0,0,0
17619,6.95909,7.6219,4,5,2.72832,2.87831,"2018-10-23 11:08:50","2018-12-11 10:59:05",0.66281,1,0.14999,1,1,1,1,1
17620,3.71795,7.19022,4,4,1.82929,2.70304,"2018-10-23 11:11:30","2018-12-11 10:58:06",3.47227,0,0.87375,1,0,1,0,0
17621,1.79487,2.375,2,2,3.3803,3.03945,"2018-11-20 11:15:51","2018-12-11 10:59:39",0.58013,0,-0.34085,1,0,0,0,0
17622,7.47305,6.24079,4,5,3.11408,1.4972,"2018-10-23 11:08:49","2018-12-11 10:58:36",-1.23226,1,-1.61688,0,1,0,0,0
17623,2.69231,2.30769,3,2,3.08392,2.94471,"2018-10-23 11:10:04","2018-12-11 10:58:53",-0.38462,-1,-0.13921,0,0,0,0,0
17625,6.63952,7.33877,5,5,2.13952,2.59518,"2018-10-23 13:24:26","2018-12-11 13:17:08",0.69925,0,0.45566,1,0,1,0,1
17627,7.46429,7.719,5,5,2.7207,2.84721,"2018-10-23 13:28:18","2018-12-11 13:17:38",0.25471,0,0.12651,1,0,1,0,1
17628,7.05825,7.57483,4,5,2.69927,2.70304,"2018-10-30 13:35:07","2018-12-11 09:09:51",0.51658,1,0.00377000000000027,1,1,1,1,1
17629,8.63218,8.15311,5,5,3.88859,3.28132,"2018-10-30 13:30:21","2018-12-11 13:17:12",-0.47907,0,-0.60727,0,0,0,0,1
17630,6.99032,8.05687,4,5,2.63135,3.18508,"2018-10-23 13:26:43","2018-12-11 13:17:01",1.06655,1,0.55373,1,1,1,1,1
17632,7.6594,6.52468,5,5,2.7876,1.78109,"2018-10-23 13:24:11","2018-12-11 13:21:05",-1.13472,0,-1.00651,0,0,0,0,0
17634,6.44812,5.78084,4,5,1.96094,1.16546,"2018-10-23 13:24:57","2018-12-11 13:18:06",-0.66728,1,-0.79548,0,1,0,0,0
17635,7.42068,7.03465,4,5,2.9335,2.29106,"2018-10-23 13:26:46","2018-12-11 13:19:12",-0.38603,1,-0.64244,0,1,0,0,0
17636,7.27149,6.83517,5,5,2.39649,2.09158,"2018-10-23 13:23:41","2018-12-11 13:17:07",-0.43632,0,-0.30491,0,0,0,0,0
17637,7.28912,6.92816,5,5,2.54553,2.18457,"2018-10-23 13:23:39","2018-12-11 13:17:22",-0.36096,0,-0.36096,0,0,0,0,0
17638,6.57144,7.35245,4,4,2.21246,3.12168,"2018-10-30 13:28:12","2018-12-11 13:15:54",0.78101,0,0.90922,1,0,1,0,1
17640,8.19012,8.13767,5,4,3.44653,3.65049,"2018-10-23 13:20:53","2018-12-11 13:14:14",-0.0524500000000003,-1,0.20396,0,0,1,0,1
17641,6.8715,6.18385,5,5,2.12791,1.44026,"2018-10-23 13:22:21","2018-12-11 13:20:34",-0.687650000000001,0,-0.68765,0,0,0,0,0
17642,8.16297,3.46154,5,3,3.29118,4.32434,"2018-10-30 13:18:39","2018-12-18 13:15:22",-4.70143,-2,1.03316,0,0,1,0,0
17645,2.05128,3.33333,2,3,1.922,2.15021,"2018-10-30 13:33:16","2018-12-11 13:31:10",1.28205,1,0.22821,1,1,1,1,0
17651,8.03812,7.14445,5,5,3.16633,2.40086,"2018-10-23 14:06:28","2018-12-11 13:57:36",-0.893669999999999,0,-0.76547,0,0,0,0,0
17652,2.05128,2.05128,2,2,3.1065,2.88241,"2018-10-30 14:02:46","2018-12-11 13:59:47",0,0,-0.22409,0,0,0,0,0
17653,6.9786,6.3684,5,5,2.1068,1.3684,"2018-10-23 14:11:38","2018-12-11 14:13:04",-0.6102,0,-0.7384,0,0,0,0,0
17654,2.30769,7.4136,2,4,3.71561,3.31104,"2018-10-23 14:06:19","2018-12-11 13:58:39",5.10591,2,-0.40457,1,1,0,0,1
17655,7.51535,7.60717,5,5,2.51535,2.60717,"2018-10-30 14:06:21","2018-12-11 14:00:08",0.0918200000000002,0,0.0918199999999998,1,0,1,0,1
17657,6.5121,7.76652,5,5,1.89672,2.89472,"2018-10-23 14:10:15","2018-12-18 14:02:18",1.25442,0,0.998,1,0,1,0,1
17659,2.05128,6.88104,2,4,3.76628,2.77847,"2018-10-23 14:02:03","2018-12-11 14:01:08",4.82976,2,-0.98781,1,1,0,0,0
17660,2.30769,2.30769,2,2,2.12021,3.29118,"2018-10-23 14:09:52","2018-12-11 14:01:37",0,0,1.17097,0,0,1,0,0
17661,7.5532,6.67438,4,5,3.06602,1.93079,"2018-10-30 14:02:52","2018-12-11 13:59:15",-0.87882,1,-1.13523,0,1,0,0,0
17662,7.65662,7.32233,4,4,3.16944,2.83515,"2018-10-23 14:03:34","2018-12-11 13:58:21",-0.33429,0,-0.33429,0,0,0,0,1
17663,8.24206,7.86985,5,5,3.49847,3.12626,"2018-10-23 14:04:34","2018-12-11 13:58:20",-0.372210000000001,0,-0.37221,0,0,0,0,1
17664,2.5641,5,3,5,0,0,"2018-10-23 14:06:35","2018-12-11 13:59:45",2.4359,2,0,1,1,0,0,0
17665,2.17949,7.52112,2,5,3.82025,2.90573,"2018-10-23 14:06:56","2018-12-11 14:02:36",5.34163,3,-0.91452,1,1,0,0,1
17666,2.05128,2.05128,2,2,2.6156,3.39927,"2018-10-30 14:05:30","2018-12-11 13:58:43",0,0,0.78367,0,0,1,0,0
17667,6.0208,7.01515,5,5,1.40542,2.39977,"2018-10-23 14:06:21","2018-12-11 13:59:02",0.99435,0,0.99435,1,0,1,0,0
17668,7.39844,5.28757,4,4,2.91126,1.0568,"2018-10-30 14:03:31","2018-12-11 14:01:49",-2.11087,0,-1.85446,0,0,0,0,0
17669,6.9222,7.70178,4,5,2.43502,2.70178,"2018-10-30 14:06:31","2018-12-11 14:04:19",0.77958,1,0.26676,1,1,1,1,1
17670,2.17949,6.7831,2,4,3.34793,2.68054,"2018-10-23 14:02:43","2018-12-11 13:59:44",4.60361,2,-0.66739,1,1,0,0,0
17671,7.65485,7.79283,5,5,2.91126,2.79283,"2018-10-30 14:10:12","2018-12-11 14:01:03",0.137980000000001,0,-0.11843,1,0,0,0,1
17672,2.5641,3.46154,3,3,1.9115,2.20446,"2018-10-30 14:14:24","2018-12-11 14:01:05",0.89744,0,0.29296,1,0,1,0,0
17677,3.84615,6.18827,4,4,1.31802,1.82929,"2018-10-23 14:43:47","2018-12-11 14:36:13",2.34212,0,0.51127,1,0,1,0,0
17678,6.62907,7.36402,5,5,1.88548,2.62043,"2018-10-23 14:43:37","2018-12-11 14:35:20",0.73495,0,0.73495,1,0,1,0,1
17679,6.50086,7.21671,5,5,1.88548,2.47312,"2018-10-23 14:42:55","2018-12-11 14:35:26",0.71585,0,0.58764,1,0,1,0,1
17680,8.42393,6.94758,4,4,4.19316,2.57258,"2018-10-30 14:44:22","2018-12-11 14:33:19",-1.47635,0,-1.62058,0,0,0,0,0
17681,2.30769,2.4359,2,2,3.3615,2.79022,"2018-10-23 14:44:03","2018-12-11 14:35:23",0.12821,0,-0.57128,1,0,0,0,0
17682,7.50522,7.87443,5,5,2.76163,3.13084,"2018-10-23 14:43:18","2018-12-11 14:35:58",0.369210000000001,0,0.36921,1,0,1,0,1
17683,8.3095,7.88787,5,5,3.4377,2.88787,"2018-10-23 14:45:09","2018-12-11 14:33:43",-0.42163,0,-0.54983,0,0,0,0,1
17684,6.96928,7.77477,4,5,2.73851,2.90298,"2018-10-30 14:42:39","2018-12-11 14:36:44",0.80549,1,0.16447,1,1,1,1,1
17685,6.79798,7.01705,5,5,2.18259,2.27346,"2018-10-23 14:42:59","2018-12-11 14:34:08",0.21907,0,0.0908700000000002,1,0,1,0,0
17686,3.07692,3.58974,3,4,4.02512,2.46747,"2018-10-30 14:41:51","2018-12-11 14:34:43",0.51282,1,-1.55765,1,1,0,0,0
17687,6.54284,7.0774,5,5,1.79925,2.0774,"2018-10-23 14:43:53","2018-12-11 14:34:05",0.53456,0,0.27815,1,0,1,0,0
17688,7.72832,7.37251,5,5,2.72832,2.62892,"2018-10-30 14:42:35","2018-12-11 14:32:36",-0.35581,0,-0.0994000000000002,0,0,0,0,1
17689,8.07197,7.88848,5,4,3.07197,3.52951,"2018-10-23 14:42:12","2018-12-11 14:32:54",-0.18349,-1,0.45754,0,0,1,0,1
17690,7.27119,6.37416,5,4,2.6558,2.01518,"2018-10-23 14:41:57","2018-12-11 14:34:35",-0.89703,-1,-0.64062,0,0,0,0,0
17691,7.90988,8.01492,5,5,2.90988,3.14312,"2018-10-30 14:40:32","2018-12-18 14:35:31",0.10504,0,0.23324,1,0,1,0,1
17695,3.97436,8.03642,4,5,2.52807,3.29283,"2018-10-23 14:42:25","2018-12-11 14:34:35",4.06206,1,0.76476,1,1,1,1,1
17696,3.84615,6.48167,4,4,2.64721,2.2509,"2018-10-23 14:42:33","2018-12-11 14:34:40",2.63552,0,-0.39631,1,0,0,0,0
17697,5,6.4499,5,4,0,1.96272,"2018-11-27 14:41:17","2018-12-11 14:32:45",1.4499,-1,1.96272,1,0,1,0,0
17698,5.51907,6.97732,4,4,1.41651,2.49014,"2018-10-23 14:41:46","2018-12-11 14:35:31",1.45825,0,1.07363,1,0,1,0,0
17699,3.46154,7.67513,3,5,1.54238,2.80334,"2018-10-23 14:42:04","2018-12-11 14:36:24",4.21359,2,1.26096,1,1,1,1,1
17700,7.20817,7.22015,5,5,2.59279,2.60476,"2018-10-23 14:45:29","2018-12-11 14:35:01",0.0119800000000003,0,0.0119700000000003,1,0,1,0,1
17701,3.71795,7.93968,4,5,3.50937,3.19609,"2018-10-23 14:41:59","2018-12-11 14:33:18",4.22173,1,-0.31328,1,1,0,0,1
18530,3.625,6.22855,4,4,2.19549,2.12599,"2018-10-24 09:44:19","2018-12-05 09:38:18",2.60355,0,-0.0695000000000001,1,0,0,0,0
18531,3.97436,3.75,4,4,2.48559,0,"2018-10-24 09:44:11","2018-12-05 09:44:53",-0.22436,0,-2.48559,0,0,0,0,0
18572,3.75,6.51885,4,5,2.68926,2.01885,"2018-10-30 10:16:31","2018-12-04 10:14:46",2.76885,1,-0.67041,1,1,0,0,0
18592,3.71795,7.85769,4,5,3.26824,3.24231,"2018-11-07 09:37:01","2018-12-05 09:43:58",4.13974,1,-0.0259300000000002,1,1,0,0,1
18611,2.17949,2.05128,2,2,2.25294,1.07989,"2018-11-27 10:11:03","2018-12-04 10:14:23",-0.12821,0,-1.17305,0,0,0,0,0
18617,7.12843,7.76104,5,5,2.51305,2.88924,"2018-11-14 10:19:28","2018-12-05 10:11:17",0.632610000000001,0,0.37619,1,0,1,0,1
18618,7.12584,7.88688,4,5,2.63866,3.2715,"2018-11-14 10:18:48","2018-12-05 10:06:40",0.761039999999999,1,0.63284,1,1,1,1,1
18661,7.45054,7.34752,5,5,2.83515,2.73213,"2018-11-28 10:17:14","2018-12-05 10:06:22",-0.10302,0,-0.10302,0,0,0,0,1
