"","userID","pre_nihScore","post_nihScore","pre_nihAccuracy","post_nihAccuracy","pre_nihRTScore","post_nihRTScore","DiffScore","DiffAccuracy","DiffRT"
"1",17652,2.05128,2.05128,2,2,3.1065,2.88241,0,0,-0.22409
"2",16932,6.81065,7.67226,5,4,2.06706,3.18508,0.86161,-1,1.11802
"3",16934,5.29406,7.97981,4,5,1.06329,3.10801,2.68575,1,2.04472
"4",16947,3.84615,7.70068,4,4,3.29283,3.2135,3.85453,0,-0.0793300000000001
"5",16947,7.46698,7.70068,4,4,3.10801,3.2135,0.2337,0,0.10549
"6",17248,8.10606,2.82051,5,3,3.23106,5,-5.28555,-2,1.76894
"7",17248,8.10606,3.33333,5,3,3.23106,3.46966,-4.77273,-2,0.2386
"8",16926,6.93213,7.21897,5,5,2.18854,2.47538,0.28684,0,0.28684
"9",16934,3.97436,7.97981,4,5,0,3.10801,4.00545,1,3.10801
"10",16933,3.07692,7.24107,3,4,2.84721,2.75389,4.16415,1,-0.0933199999999998
"11",16929,8.04778,7.26471,5,5,3.29778,2.52112,-0.783069999999999,0,-0.77666
"12",16928,0,6.07645,4,4,0,1.58927,6.07645,0,1.58927
"13",16928,3.97436,6.07645,4,4,2.42063,1.58927,2.10209,0,-0.83136
"14",16922,7.46697,7.81654,5,5,2.59518,2.81654,0.34957,0,0.22136
"15",16924,6.96007,7.60562,5,5,2.21648,2.86203,0.64555,0,0.64555
"16",16931,3.84615,7.16422,4,5,5,2.42063,3.31807,1,-2.57937
"17",16935,3.875,7.45399,4,5,1.90976,2.45399,3.57899,1,0.54423
"18",16932,6.74152,7.67226,4,4,2.51075,3.18508,0.930739999999999,0,0.67433
"19",16984,7.1234,7.50193,4,5,2.63622,2.63013,0.37853,1,-0.00608999999999993
"20",16921,2.82051,3.97436,3,4,1.34138,2.55372,1.15385,1,1.21234
"21",16923,7.46932,7.60022,5,5,2.85393,2.85663,0.1309,0,0.00269999999999992
"22",16925,3.97436,7.14445,4,5,2.19847,2.40086,3.17009,1,0.20239
"23",16927,6.90356,3.97436,5,4,2.15997,2.26832,-2.9292,-1,0.10835
"24",16994,2.4359,6.50237,2,4,3.76423,2.1434,4.06647,2,-1.62083
"25",17026,8.15595,8.40273,5,5,3.54057,3.40273,0.246779999999999,0,-0.13784
"26",17010,8.07803,7.7845,5,5,3.33444,3.04092,-0.29353,0,-0.29352
"27",16948,7.39256,8.23427,5,5,2.77717,3.23427,0.841710000000001,0,0.4571
"28",16947,7.31009,7.70068,4,4,3.06009,3.2135,0.39059,0,0.15341
"29",16947,3.07692,7.70068,3,4,5,3.2135,4.62376,1,-1.7865
"30",16945,2.30769,2.4359,2,2,1.48283,1.01539,0.12821,0,-0.46744
"31",16946,3.46154,6.28625,3,4,2.28795,1.92727,2.82471,1,-0.36068
"32",16950,6.71632,8.09326,5,5,1.71632,3.22147,1.37694,0,1.50515
"33",16930,7.26873,7.64932,5,5,2.65334,2.90573,0.380590000000001,0,0.25239
"34",16936,7.95597,8.87561,5,5,2.95597,3.87561,0.91964,0,0.91964
"35",16937,6.34867,6.9056,4,4,1.9897,2.41843,0.556929999999999,0,0.42873
"36",16938,7.98816,6.94637,5,5,3.22626,2.07458,-1.04179,0,-1.15168
"37",16938,7.10667,6.94637,5,5,2.49128,2.07458,-0.1603,0,-0.4167
"38",16940,7.56971,6.91937,5,5,2.94471,1.91937,-0.65034,0,-1.02534
"39",16941,7.5841,8.42936,5,5,2.96872,3.68577,0.845260000000001,0,0.71705
"40",16949,3.71795,7.24115,4,5,4.3537,2.36615,3.5232,1,-1.98755
"41",16951,6.43543,2.05128,4,2,2.07646,2.13564,-4.38415,-2,0.05918
"42",16951,6.43543,6.40866,4,5,2.07646,1.66507,-0.02677,1,-0.41139
"43",16952,3.58974,3.58974,4,4,5,2.82184,0,0,-2.17816
"44",16953,7.92301,6.35556,5,5,3.05122,1.61197,-1.56745,0,-1.43925
"45",16954,7.48338,6.88332,5,5,2.73979,2.01152,-0.60006,0,-0.72827
"46",16955,7.15408,7.17263,4,5,2.6669,2.55725,0.0185499999999994,1,-0.10965
"47",16956,3.84615,5.64832,4,4,1.49792,1.27332,1.80217,0,-0.2246
"48",16957,7.9419,7.58508,5,5,2.9419,2.73213,-0.356820000000001,0,-0.20977
"49",16959,2.375,7.40802,2,5,2.80202,2.66443,5.03302,3,-0.13759
"50",16960,7.23297,7.60126,4,4,2.98297,3.11408,0.36829,0,0.13111
"51",16996,3.07692,5.87283,3,4,5,1.51385,2.79591,1,-3.48615
"52",16998,3.58974,6.899,4,4,2.62164,2.41182,3.30926,0,-0.20982
"53",17043,6.93511,7.08326,5,5,2.06332,2.21146,0.14815,0,0.14814
"54",17051,6.75305,7.05491,4,5,2.52228,2.05491,0.30186,1,-0.46737
"55",17058,7.30793,7.14826,5,5,2.43613,2.14826,-0.15967,0,-0.28787
"56",17060,2.17949,7.03951,2,4,2.60116,2.68054,4.86002,2,0.07938
"57",17059,3.84615,8.69378,4,5,3.39581,3.95019,4.84763,1,0.55438
"58",17060,2.17949,7.03951,2,4,2.60116,2.68054,4.86002,2,0.07938
"59",17061,2.05128,2.05128,2,2,3.46966,2.85393,0,0,-0.61573
"60",17062,6.31456,7.03702,4,4,1.95559,2.67805,0.72246,0,0.72246
"61",17062,6.31456,6.50016,4,5,1.95559,1.75657,0.1856,1,-0.19902
"62",17063,2.05128,7.60429,2,4,3.63499,3.11712,5.55301,2,-0.51787
"63",17064,2.5,8.8153,3,5,3.14774,3.94351,6.3153,2,0.79577
"64",17065,7.82751,7.93071,5,5,3.08392,2.93071,0.1032,0,-0.15321
"65",17066,3.46154,3.33333,3,3,1.21492,0,-0.12821,0,-1.21492
"66",17067,2.5,3.97436,3,4,3.72766,2.98154,1.47436,1,-0.74612
"67",17067,3.625,3.97436,4,4,2.82184,2.98154,0.34936,0,0.1597
"68",17068,7.53218,8.24267,5,5,2.9168,3.62729,0.71049,0,0.71049
"69",17069,5.91966,3.84615,4,4,1.6604,2.38127,-2.07351,0,0.72087
"70",17069,2.125,3.84615,2,4,1.54091,2.38127,1.72115,2,0.84036
"71",17070,6.86398,7.23209,4,4,2.505,2.74491,0.368110000000001,0,0.23991
"72",17071,7.51909,7.73659,4,5,3.16012,2.993,0.217499999999999,1,-0.16712
"73",17072,6.79285,7.27717,4,5,2.30567,2.77717,0.48432,1,0.4715
"74",17073,6.66977,7.30554,4,5,2.18259,2.56195,0.63577,1,0.37936
"75",17074,7.01519,7.20543,5,5,2.1434,2.46184,0.19024,0,0.31844
"76",17075,6.58921,5,4,5,2.10203,0,-1.58921,1,-2.10203
"77",17076,2.05128,3.33333,2,3,2.44951,2.75518,1.28205,1,0.30567
"78",17077,3.66667,6.53539,4,4,2.36185,2.30462,2.86872,0,-0.0572300000000001
"79",17083,7.69332,7.56551,5,5,3.07793,2.69051,-0.12781,0,-0.38742
"80",17083,6.94048,7.56551,5,5,2.34048,2.69051,0.62503,0,0.35003
"81",17084,0,7.89662,5,5,0,3.02482,7.89662,0,3.02482
"82",17084,6.9782,7.89662,4,5,2.61922,3.02482,0.91842,1,0.4056
"83",17085,7.59122,7.63283,5,5,2.97583,2.88924,0.0416100000000004,0,-0.0865900000000002
"84",17085,8.67338,7.63283,5,5,4.00671,2.88924,-1.04055,0,-1.11747
"85",17086,7.43751,8.10169,4,5,2.95033,3.3581,0.66418,1,0.40777
"86",17087,6.78215,7.94079,4,5,2.55138,3.06899,1.15864,1,0.51761
"87",17087,3.04348,7.94079,3,5,1.3147,3.06899,4.89731,2,1.75429
"88",17088,6.55958,7.1278,5,5,1.68778,2.25601,0.568219999999999,0,0.56823
"89",17089,7.49234,7.34921,5,4,2.74875,2.86203,-0.14313,-1,0.11328
"90",17089,6.77144,7.34921,5,4,2.15606,2.86203,0.57777,-1,0.70597
"91",17090,7.90831,8.34862,5,5,3.03652,3.47683,0.44031,0,0.44031
"92",17091,6.99755,7.32684,5,5,2.25396,2.58325,0.329289999999999,0,0.32929
"93",17092,4.48718,6.579,4,5,0,1.96362,2.09182,1,1.96362
"94",17093,9.36282,8.85831,5,5,4.61923,4.11472,-0.50451,0,-0.50451
"95",17094,8.12561,7.46049,5,5,3.38202,2.7169,-0.66512,0,-0.66512
"96",17095,7.05869,7.14544,5,4,2.3151,2.65826,0.0867499999999994,-1,0.34316
"97",17096,3.20513,3.07692,3,3,4.03438,3.20399,-0.12821,0,-0.83039
"98",17097,7.47416,8.10045,5,5,2.60236,3.10045,0.62629,0,0.49809
"99",17098,7.59978,7.8053,5,5,2.9844,2.9335,0.20552,0,-0.0508999999999999
"100",17099,6.88548,7.42435,5,5,1.88548,2.55255,0.538869999999999,0,0.66707
"101",17100,6.42238,6.46196,4,4,1.9352,2.10299,0.0395799999999999,0,0.16779
"102",17132,7.57985,7.61798,5,5,2.96446,2.74619,0.0381299999999998,0,-0.21827
"103",17133,7.32233,7.51039,4,5,2.83515,2.7668,0.18806,1,-0.0683500000000001
"104",17134,8.60147,7.36754,5,4,3.72968,3.26498,-1.23393,-1,-0.4647
"105",17135,6.93222,7.3079,4,5,2.44504,2.56431,0.37568,1,0.11927
"106",17136,2.4359,6.91333,2,4,2.77978,2.42615,4.47743,2,-0.35363
"107",17137,6.75684,3.71795,5,4,2.14146,0,-3.03889,-1,-2.14146
"108",17138,7.28657,8.54378,4,5,2.79939,3.67198,1.25721,1,0.87259
"109",17139,6.57455,6.35291,4,4,2.47199,1.86573,-0.221640000000001,0,-0.60626
"110",17140,7.00605,8.01119,5,5,2.00605,3.39581,1.00514,0,1.38976
"111",17141,7.78238,6.63598,5,5,2.78238,1.89239,-1.1464,0,-0.88999
"112",17142,2.05128,6.84597,2,5,3.21987,2.23058,4.79469,3,-0.98929
"113",17143,6.52704,7.6725,4,5,2.29627,2.80071,1.14546,1,0.50444
"114",17144,7.18259,6.34523,5,4,2.18259,2.11446,-0.83736,-1,-0.06813
"115",17144,6.44322,6.34523,5,4,1.69963,2.11446,-0.0979900000000002,-1,0.41483
"116",17145,6.82426,3.84615,5,4,1.82426,2.9016,-2.97811,-1,1.07734
"117",17146,2.17949,2.125,2,2,3.4483,0.149816,-0.0544899999999999,0,-3.298484
"118",17147,7.20484,7.6519,5,5,2.33305,3.03652,0.44706,0,0.70347
"119",17149,3.84615,6.13827,4,4,0.346104,1.65109,2.29212,0,1.304986
"120",17150,7.67483,7.24881,4,4,3.54983,2.76163,-0.42602,0,-0.7882
"121",17150,5,7.24881,5,4,0,2.76163,2.24881,-1,2.76163
"122",17151,8.5201,8.46723,5,5,3.8951,3.72364,-0.0528699999999986,0,-0.17146
"123",17156,2.5641,2.69231,3,3,3.63306,1.65342,0.12821,0,-1.97964
"124",17157,7.11544,7.37154,4,5,2.75647,2.37154,0.2561,1,-0.38493
"125",17157,0,7.37154,4,5,0,2.37154,7.37154,1,2.37154
"126",17158,7.8306,7.18674,5,4,2.9588,2.95597,-0.643859999999999,-1,-0.00282999999999989
"127",17159,6.83775,7.37701,4,5,2.47878,2.76163,0.539260000000001,1,0.28285
"128",17160,2.17949,3.58974,2,4,0.462495,2.24886,1.41025,2,1.786365
"129",17161,2.17949,2.17949,2,2,2.68178,3.06899,0,0,0.38721
"130",17162,5,3.71795,5,4,0,1.93255,-1.28205,-1,1.93255
"131",17162,3.46154,3.71795,3,4,1.68857,1.93255,0.25641,1,0.24398
"132",17163,3.71795,6.84619,4,4,0,2.74363,3.12824,0,2.74363
"133",17164,7.78629,7.30839,5,5,2.78629,2.69301,-0.4779,0,-0.09328
"134",17166,3.97436,5.96074,4,4,2.57376,1.71074,1.98638,0,-0.86302
"135",17167,8.17777,6.81723,5,5,3.43418,2.07364,-1.36054,0,-1.36054
"136",17168,3.46154,7.505,3,5,2.51997,2.505,4.04346,2,-0.0149699999999999
"137",17169,2.69231,6.12044,3,5,1.18411,1.37044,3.42813,2,0.18633
"138",17170,7.31498,7.39828,5,5,2.57139,2.77328,0.0832999999999995,0,0.20189
"139",17172,5,7.6507,5,5,0,2.90711,2.6507,0,2.90711
"140",17172,7.2774,7.6507,4,5,2.79022,2.90711,0.3733,1,0.11689
"141",17173,9.23077,6.85114,4,5,5,2.35114,-2.37963,1,-2.64886
"142",17174,3.52941,3.97436,4,4,3.39927,2.78238,0.44495,0,-0.61689
"143",17174,3.71795,3.97436,4,4,2.49128,2.78238,0.25641,0,0.2911
"144",17344,7.73979,7.57613,5,5,2.73979,2.57613,-0.16366,0,-0.16366
"145",17343,6.97864,8.0779,4,5,2.67309,3.46252,1.09926,1,0.78943
"146",17343,8.0853,8.0779,5,5,3.2135,3.46252,-0.00740000000000052,0,0.24902
"147",17345,7.79872,8.27968,5,5,3.06899,3.27968,0.48096,0,0.21069
"148",17345,8.0506,8.27968,5,5,3.17881,3.27968,0.229080000000002,0,0.10087
"149",17346,7.50988,7.42911,5,5,2.90988,2.68552,-0.0807700000000002,0,-0.22436
"150",17346,7.96987,7.42911,5,5,3.21987,2.68552,-0.540760000000001,0,-0.53435
"151",17347,2.82051,6.51353,3,4,3.55354,2.28276,3.69302,1,-1.27078
"152",17347,8.22324,6.51353,5,4,3.47324,2.28276,-1.70971,-1,-1.19048
"153",16770,8.30115,3.81579,5,4,3.68577,3.26498,-4.48536,-1,-0.42079
"154",16771,7.0958,6.66845,5,4,2.35221,2.61439,-0.42735,-1,0.26218
"155",16772,8.29719,3.15789,5,3,3.4254,4.59807,-5.1393,-2,1.17267
"156",16773,7.88364,3.46154,5,3,3.14005,2.48673,-4.4221,-2,-0.65332
"157",16774,6.99032,7.41073,4,5,2.63135,2.66073,0.42041,1,0.0293800000000002
"158",16775,7.52575,6.84395,5,5,2.52575,2.22856,-0.6818,0,-0.29719
"159",16776,9.13407,3.20513,5,3,4.13407,3.12931,-5.92894,-2,-1.00476
"160",16776,9.13407,8.70141,5,5,4.13407,4.08603,-0.43266,0,-0.0480400000000003
"161",16777,7.26471,7.73372,4,5,2.90573,2.99013,0.46901,1,0.0844
"162",16778,3.71795,7.59347,4,5,2.23666,2.85663,3.87552,1,0.61997
"163",16779,7.60837,7.33842,5,4,2.60837,2.86473,-0.26995,-1,0.25636
"164",16780,6.71937,7.83783,4,5,2.61681,2.83783,1.11846,1,0.22102
"165",16781,2.4359,3.78378,2,4,1.95737,2.80071,1.34788,2,0.84334
"166",16782,2.5641,3.84615,3,4,2.44727,2.63988,1.28205,1,0.19261
"167",16783,7.66071,6.79107,5,5,3.04532,2.17568,-0.86964,0,-0.86964
"168",16784,7.18678,6.71863,5,4,2.57139,2.48786,-0.46815,-1,-0.0835300000000001
"169",16785,8.07895,7.65762,5,5,3.20715,2.91403,-0.421330000000001,0,-0.29312
"170",16786,8.17601,7.99443,5,5,3.43242,2.99443,-0.181579999999999,0,-0.43799
"171",16787,7.33103,7.81659,5,4,2.71564,3.32941,0.48556,-1,0.61377
"172",16789,7.58039,6.55237,4,4,3.34962,2.06519,-1.02802,0,-1.28443
"173",16790,8.32773,7.33735,5,5,3.32773,2.72197,-0.990380000000001,0,-0.60576
"174",16791,7.46936,5.92013,5,4,2.59757,1.68936,-1.54923,-1,-0.90821
"175",16792,7.03822,5,5,5,2.42284,0,-2.03822,0,-2.42284
"176",16792,7.03822,7.65719,5,4,2.42284,3.18351,0.61897,-1,0.76067
"177",16795,7.80809,8.17809,5,5,2.9363,3.58349,0.369999999999999,0,0.64719
"178",16796,7.5447,3.33333,5,3,2.92931,1.79098,-4.21137,-2,-1.13833
"179",16797,4.69909,6.67879,4,5,0.468325,1.9352,1.9797,1,1.466875
"180",16799,6.96928,6.78459,4,4,2.73851,2.3109,-0.184690000000001,0,-0.42761
"181",16800,9.45189,3.58974,5,4,4.5801,2.27656,-5.86215,-1,-2.30354
"182",16801,7.52809,8.39609,4,5,3.04092,3.52767,0.867999999999999,1,0.48675
"183",16802,7.55484,3.71795,5,4,2.81125,2.47199,-3.83689,-1,-0.33926
"184",16803,7.53774,7.66298,5,5,2.92235,3.03798,0.12524,0,0.11563
"185",16804,7.19321,7.35538,5,5,2.32142,2.6411,0.162170000000001,0,0.31968
"186",16805,7.70033,7.65483,5,5,2.95033,3.03945,-0.0455000000000005,0,0.0891199999999999
"187",16807,7.60838,8.01672,5,5,2.993,3.27313,0.408339999999999,0,0.28013
"188",16808,6.52495,2.82051,4,3,2.29418,1.91325,-3.70444,-1,-0.38093
"189",16809,7.72959,6.55641,5,4,2.72959,2.32564,-1.17318,-1,-0.40395
"190",16810,7.38964,7.80064,4,4,3.03066,3.34118,0.411,0,0.31052
"191",16811,5.87744,7.46973,4,5,1.39026,2.46973,1.59229,1,1.07947
"192",16812,7.52388,7.7407,5,5,2.90849,3.13544,0.21682,0,0.22695
"193",16813,8.03807,5,5,5,3.29448,0,-3.03807,0,-3.29448
"194",16813,8.03807,3.75,5,4,3.29448,3.73978,-4.28807,-1,0.4453
"195",16814,8.83365,8.85917,5,5,4.21826,4.2539,0.0255200000000002,0,0.0356399999999999
"196",16815,7.86092,3.75,5,4,3.24553,0.215158,-4.11092,-1,-3.030372
"197",16816,7.96772,5,5,5,3.09593,0,-2.96772,0,-3.09593
"198",16816,7.96772,7.00484,5,4,3.09593,2.51766,-0.96288,-1,-0.57827
"199",16816,7.96772,9.08128,5,5,3.09593,4.08128,1.11356,0,0.98535
"200",16817,3.07692,7.49748,3,5,2.16683,2.75389,4.42056,2,0.58706
"201",16818,7.04375,7.63744,5,5,2.42837,2.63744,0.59369,0,0.20907
"202",16820,8.20624,8.9121,5,5,3.33444,4.04368,0.705860000000001,0,0.70924
"203",16821,8.01514,0,4,4,3.91258,0,-8.01514,0,-3.91258
"204",16822,3.97436,7.59334,4,5,4.90096,2.99875,3.61898,1,-1.90221
"205",16823,8.85843,5,5,5,3.85843,0,-3.85843,0,-3.85843
"206",16824,7.13292,7.45381,5,5,2.26113,2.84855,0.320889999999999,0,0.58742
"207",16825,2.05128,7.35485,2,4,2.83382,2.99587,5.30357,2,0.16205
"208",16826,8.36495,8.33781,4,5,3.87777,3.33781,-0.0271400000000011,1,-0.53996
"209",16827,3.75,5.61061,4,4,0.606912,1.50805,1.86061,0,0.901138
"210",16829,8.52239,7.67399,4,5,4.16341,3.05861,-0.8484,1,-1.1048
"211",16830,8.11533,7.86092,5,5,3.37174,3.24553,-0.25441,0,-0.12621
"212",16831,7.89662,9.22013,5,5,3.02482,4.34833,1.32351,0,1.32351
"213",16832,8.03812,8.32187,5,5,3.16633,3.45008,0.283750000000001,0,0.28375
"214",16833,8.21211,7.65974,5,4,3.59673,3.17256,-0.552369999999999,-1,-0.42417
"215",16834,7.75284,6.84944,5,5,2.88104,2.10585,-0.9034,0,-0.77519
"216",16835,6.51992,5.59645,5,4,1.90453,1.36569,-0.92347,-1,-0.53884
"217",16836,7.33877,8.61961,5,5,2.59518,3.61961,1.28084,0,1.02443
"218",16838,6.43138,7.75294,4,5,2.32881,3.0161,1.32156,1,0.68729
"219",16839,6.26106,6.37784,5,4,1.64568,1.89066,0.11678,-1,0.24498
"220",16840,8.20968,8.02819,5,5,3.46609,3.2846,-0.18149,0,-0.18149
"221",16841,8.38926,5.25734,4,4,4.15849,1.04682,-3.13192,0,-3.11167
"222",16842,2.4359,3.94737,2,4,2.71944,3.36832,1.51147,2,0.64888
"223",16843,8.9144,8.26498,5,5,4.17081,3.26498,-0.649420000000001,0,-0.90583
"224",16844,8.11749,8.15968,5,5,3.5021,3.28789,0.0421899999999997,0,-0.21421
"225",16845,7.56521,7.0024,4,5,3.33444,2.0024,-0.562810000000001,1,-1.33204
"226",16846,7.07982,7.53746,5,5,2.33623,2.66566,0.45764,0,0.32943
"227",16847,0,3.58974,4,4,0,0,3.58974,0,0
"228",16848,7.33027,8.03812,5,5,2.45847,3.16633,0.70785,0,0.70786
"229",16850,6.57337,6.65009,4,4,2.34261,2.16291,0.0767199999999999,0,-0.1797
"230",16851,2.05128,2.17949,2,2,3.63692,3.70562,0.12821,0,0.0687000000000002
"231",16852,5.36113,5.88418,4,4,0.873952,1.65342,0.52305,0,0.779468
"232",16852,8.21146,5.88418,5,4,3.46787,1.65342,-2.32728,-1,-1.81445
"233",16853,3.97436,6.53748,4,4,4.14869,2.30671,2.56312,0,-1.84198
"234",16854,8.78727,3.20513,5,3,4.04368,5,-5.58214,-2,0.95632
"235",16855,7.15352,7.49506,5,5,2.28173,2.87968,0.341539999999999,0,0.59795
"236",16856,2.4359,3.97436,2,4,3.45362,3.2715,1.53846,2,-0.18212
"237",16857,5,8.51397,5,5,0,3.77038,3.51397,0,3.77038
"238",16858,6.18846,6.42768,4,4,2.0859,1.9405,0.23922,0,-0.1454
"239",16859,7.02229,8.07132,4,5,2.79152,3.32773,1.04903,1,0.53621
"240",16860,3.97436,8.22466,4,5,2.75647,3.22466,4.2503,1,0.46819
"241",16861,8.35301,6.00775,5,4,3.35301,1.64877,-2.34526,-1,-1.70424
"242",16861,8.35301,6.00775,5,4,3.35301,1.64877,-2.34526,-1,-1.70424
"243",16862,8.41738,7.10866,4,5,3.9302,2.36507,-1.30872,1,-1.56513
"244",16863,3.84615,6.84758,4,4,2.95597,2.61681,3.00143,0,-0.33916
"245",16864,8.63602,8.40019,5,5,3.76423,3.78481,-0.23583,0,0.0205799999999998
"246",16865,7.27023,3.94737,4,4,2.91126,4.43028,-3.32286,0,1.51902
"247",16866,6.63127,6.84399,4,5,2.38127,1.96899,0.21272,1,-0.41228
"248",16867,7.4681,8.05131,5,5,2.72451,3.30772,0.583210000000001,0,0.58321
"249",16868,6.79757,7.41668,5,5,2.05398,2.67309,0.61911,0,0.61911
"250",16870,6.6815,6.054,5,4,1.6815,1.56682,-0.6275,-1,-0.11468
"251",16871,8.81396,7.58677,5,5,3.81396,2.84318,-1.22719,0,-0.97078
"252",16872,7.35542,7.24673,5,5,2.35542,2.63135,-0.108689999999999,0,0.27593
"253",16873,7.46301,7.94125,4,5,2.97583,3.19766,0.47824,1,0.22183
"254",16874,7.35456,7.8368,4,4,3.25199,3.34962,0.48224,0,0.0976299999999997
"255",16875,7.93726,7.82051,4,5,3.45008,2.82051,-0.116750000000001,1,-0.62957
"256",16876,3.46154,6.55446,3,4,2.81521,2.19549,3.09292,1,-0.61972
"257",16877,7.73851,7.51045,5,5,2.73851,2.63866,-0.22806,0,-0.0998500000000004
"258",16878,7.15761,7.33638,5,5,2.41402,2.59279,0.17877,0,0.17877
"259",16879,6.57947,5.77957,4,5,2.2205,0.907771,-0.7999,1,-1.312729
"260",16880,7.78582,8.62152,5,5,2.91403,3.62152,0.8357,0,0.70749
"261",16881,0,6.8915,4,4,0,2.66073,6.8915,0,2.66073
"262",16881,0,6.83618,4,4,0,2.349,6.83618,0,2.349
"263",16882,6.70973,7.49314,4,4,2.60717,3.00596,0.78341,0,0.39879
"264",16884,5.71863,7.30554,4,5,1.23145,2.56195,1.58691,1,1.3305
"265",16885,2.05128,3.20513,2,3,3.14466,3.73371,1.15385,1,0.58905
"266",16886,7.43947,6.84279,5,4,2.43947,2.59279,-0.59668,-1,0.15332
"267",16887,6.12265,6.82202,4,4,1.74765,2.47991,0.69937,0,0.73226
"268",16888,5.59106,7.33609,4,5,1.23208,2.7207,1.74503,1,1.48862
"269",16889,7.4399,7.29614,4,5,3.08092,2.55255,-0.143759999999999,1,-0.52837
"270",16890,8.44408,6.77689,4,4,3.9569,2.67433,-1.66719,0,-1.28257
"271",16896,7.66356,6.62508,4,4,3.56099,2.39431,-1.03848,0,-1.16668
"272",16897,6.34506,7.40645,4,4,1.98608,3.17568,1.06139,0,1.1896
"273",16899,7.6052,7.36029,5,5,2.73341,2.74491,-0.24491,0,0.0114999999999998
"274",16901,7.01055,5.70787,4,4,2.77978,1.4771,-1.30268,0,-1.30268
"275",16903,7.90831,7.97678,5,5,3.03652,3.10498,0.0684699999999996,0,0.06846
"276",16904,4.92459,4.9806,4,4,0.693822,0.749834,0.0560099999999997,0,0.056012
"277",16906,7.60022,8.86937,5,5,2.85663,3.99757,1.26915,0,1.14094
"278",16907,8.46663,8.04605,5,5,3.59483,3.43066,-0.420580000000001,0,-0.16417
"279",16908,8.37174,7.88644,5,5,3.37174,3.01465,-0.485300000000001,0,-0.35709
"280",17547,7.73554,7.21015,5,5,3.12016,2.33835,-0.525390000000001,0,-0.78181
"281",17548,7.69956,3.84615,5,4,2.95597,2.34048,-3.85341,-1,-0.61549
"282",17549,6.75983,6.96527,4,5,2.40086,2.09348,0.20544,1,-0.30738
"283",17550,2.17949,3.07692,2,3,3.66023,2.46973,0.89743,1,-1.1905
"284",17551,7.69629,7.83916,5,5,2.8245,2.83916,0.142869999999999,0,0.0146600000000001
"285",17552,7.87487,8.29448,5,5,3.00307,3.29448,0.41961,0,0.29141
"286",17553,7.57741,7.2059,5,5,2.83382,2.33411,-0.371510000000001,0,-0.49971
"287",17554,8.78778,8.7366,4,5,4.3006,3.99301,-0.0511800000000004,1,-0.30759
"288",17555,2.5641,2.30769,3,2,2.50845,2.20047,-0.25641,-1,-0.30798
"289",17556,6.85039,7.83173,5,4,2.1068,3.34455,0.98134,-1,1.23775
"290",17557,2.69231,2.82051,3,3,2.36615,4.3537,0.1282,0,1.98755
"291",17558,7.34687,7.67929,5,5,2.34687,2.67929,0.33242,0,0.33242
"292",17559,7.32578,6.65342,5,5,2.45399,1.65342,-0.67236,0,-0.80057
"293",17560,7.6754,5.09824,4,4,3.18822,0.867466,-2.57716,0,-2.320754
"294",17561,3.97436,6.63252,4,4,2.92653,2.14534,2.65816,0,-0.78119
"295",17562,7.30637,6.98431,4,5,2.81919,2.24072,-0.32206,1,-0.57847
"296",17563,7.58945,7.39777,5,5,2.84586,2.78238,-0.19168,0,-0.0634800000000002
"297",17564,2.17949,7.48593,2,4,3.77861,2.99875,5.30644,2,-0.77986
"298",17565,6.77781,7.9844,5,5,1.77781,2.9844,1.20659,0,1.20659
"299",17566,7.33103,8.00531,5,5,2.71564,3.26172,0.67428,0,0.54608
"300",17567,6.64291,6.83415,5,5,1.89932,1.95915,0.191240000000001,0,0.05983
"301",17568,2.30769,3.46154,2,3,2.12118,2.05584,1.15385,1,-0.06534
"302",17569,6.75694,7.44674,5,5,2.01335,2.57494,0.6898,0,0.56159
"303",17570,3.97436,9.48718,4,4,3.33613,5,5.51282,0,1.66387
"304",17571,7.65974,7.71089,4,5,3.17256,2.9673,0.0511499999999998,1,-0.20526
"305",17572,7.68168,8.12936,4,4,3.32271,3.77038,0.44768,0,0.44767
"306",17573,0,2.30769,4,2,0,2.55021,2.30769,-2,2.55021
"307",17574,8.03212,7.7083,5,5,3.03212,3.09292,-0.32382,0,0.0608
"308",17575,6.94641,6.34938,4,4,2.71564,2.24682,-0.59703,0,-0.46882
"309",17576,7.99397,7.20915,5,4,3.37859,2.72197,-0.78482,-1,-0.65662
"310",17578,7.89198,7.78744,5,5,2.89198,3.04385,-0.10454,0,0.15187
"311",17579,2.30769,4.54545,2,5,2.10776,0,2.23776,3,-2.10776
"312",17579,2.30769,6.3039,2,4,2.10776,1.81672,3.99621,2,-0.29104
"313",17580,7.73979,6.91555,5,4,2.73979,2.42837,-0.824240000000001,-1,-0.31142
"314",17581,6.9796,8.27445,4,4,2.49242,4.04368,1.29485,0,1.55126
"315",17582,2.05128,3.46154,2,3,2.09538,2.23869,1.41026,1,0.14331
"316",17583,2.4359,2.05128,2,2,2.64966,3.16322,-0.38462,0,0.51356
"317",17584,2.5641,3.46154,3,3,3.61004,2.55372,0.89744,0,-1.05632
"318",17585,8.26759,7.92867,5,5,3.524,3.18508,-0.33892,0,-0.33892
"319",17587,6.55025,7.57982,5,5,2.05025,2.82982,1.02957,0,0.77957
"320",17588,8.97198,7.92449,5,5,4.22839,3.05269,-1.04749,0,-1.1757
"321",17589,7.05527,3.46154,4,3,2.8245,3.10498,-3.59373,-1,0.28048
"322",17590,6.69029,6.85156,5,5,1.9467,1.97977,0.16127,0,0.0330699999999999
"323",17591,6.61561,7.04265,4,5,2.51305,2.42726,0.42704,1,-0.0857899999999998
"324",17592,7.80619,7.40536,4,4,3.70362,2.91818,-0.40083,0,-0.78544
"325",17594,0,3.20513,4,3,0,2.29002,3.20513,-1,2.29002
"326",17595,7.7038,8.27494,5,5,3.08841,3.53135,0.571140000000001,0,0.44294
"327",17596,8.75719,6.86161,5,4,4.0136,2.75905,-1.89558,-1,-1.25455
"328",17597,6.61056,7.78157,5,5,1.73877,3.03798,1.17101,0,1.29921
"329",17599,5.68513,3.58974,4,4,1.45436,0.958945,-2.09539,0,-0.495415
"330",17600,7.08225,7.23332,5,5,2.21046,2.48332,0.15107,0,0.27286
"331",17601,7.8039,6.71796,5,5,2.9321,1.97437,-1.08594,0,-0.95773
"332",17603,7.47776,7.5142,5,5,2.60597,2.5142,0.0364399999999998,0,-0.0917699999999999
"333",17604,7.28001,3.33333,4,3,2.79283,2.3109,-3.94668,-1,-0.48193
"334",17605,6.6604,7.05835,5,5,1.6604,2.18655,0.39795,0,0.52615
"335",17606,3.375,8.29369,3,5,2.6411,3.4219,4.91869,2,0.7808
"336",17607,6.23287,7.37959,5,5,1.48928,2.76421,1.14672,0,1.27493
"337",17608,7.21021,7.6373,4,5,2.85124,3.02191,0.42709,1,0.17067
"338",17610,9.04945,7.53904,5,5,4.30586,2.79545,-1.51041,0,-1.51041
"339",17611,7.0529,6.32405,4,4,2.95033,1.83687,-0.72885,0,-1.11346
"340",17611,7.24188,6.32405,5,4,2.62649,1.83687,-0.91783,-1,-0.78962
"341",17612,0,6.85969,4,4,0,2.62892,6.85969,0,2.62892
"342",17613,7.42928,7.06629,5,5,2.81389,2.19449,-0.36299,0,-0.6194
"343",17615,2.05128,2.4359,2,2,3.11104,2.76939,0.38462,0,-0.34165
"344",17616,7.5424,7.65027,5,5,2.67061,2.77847,0.10787,0,0.10786
"345",17617,7.8305,8.16477,5,5,3.08691,3.16477,0.334270000000001,0,0.0778599999999998
"346",17618,7.44033,6.70798,4,4,2.95315,2.349,-0.73235,0,-0.60415
"347",17619,6.95909,7.6219,4,5,2.72832,2.87831,0.66281,1,0.14999
"348",17620,3.71795,7.19022,4,4,1.82929,2.70304,3.47227,0,0.87375
"349",17621,1.79487,2.375,2,2,3.3803,3.03945,0.58013,0,-0.34085
"350",17622,7.47305,6.24079,4,5,3.11408,1.4972,-1.23226,1,-1.61688
"351",17623,2.69231,2.30769,3,2,3.08392,2.94471,-0.38462,-1,-0.13921
"352",17625,6.63952,7.33877,5,5,2.13952,2.59518,0.69925,0,0.45566
"353",17627,7.46429,7.719,5,5,2.7207,2.84721,0.25471,0,0.12651
"354",17628,7.05825,7.57483,4,5,2.69927,2.70304,0.51658,1,0.00377000000000027
"355",17629,8.63218,8.15311,5,5,3.88859,3.28132,-0.47907,0,-0.60727
"356",17630,6.99032,8.05687,4,5,2.63135,3.18508,1.06655,1,0.55373
"357",17632,7.6594,6.52468,5,5,2.7876,1.78109,-1.13472,0,-1.00651
"358",17634,6.44812,5.78084,4,5,1.96094,1.16546,-0.66728,1,-0.79548
"359",17635,7.42068,7.03465,4,5,2.9335,2.29106,-0.38603,1,-0.64244
"360",17636,7.27149,6.83517,5,5,2.39649,2.09158,-0.43632,0,-0.30491
"361",17637,7.28912,6.92816,5,5,2.54553,2.18457,-0.36096,0,-0.36096
"362",17638,6.57144,7.35245,4,4,2.21246,3.12168,0.78101,0,0.90922
"363",17640,8.19012,8.13767,5,4,3.44653,3.65049,-0.0524500000000003,-1,0.20396
"364",17641,6.8715,6.18385,5,5,2.12791,1.44026,-0.687650000000001,0,-0.68765
"365",17642,8.16297,3.46154,5,3,3.29118,4.32434,-4.70143,-2,1.03316
"366",17645,2.05128,3.33333,2,3,1.922,2.15021,1.28205,1,0.22821
"367",17651,8.03812,7.14445,5,5,3.16633,2.40086,-0.893669999999999,0,-0.76547
"368",17653,6.9786,6.3684,5,5,2.1068,1.3684,-0.6102,0,-0.7384
"369",17654,2.30769,7.4136,2,4,3.71561,3.31104,5.10591,2,-0.40457
"370",17655,7.51535,7.60717,5,5,2.51535,2.60717,0.0918200000000002,0,0.0918199999999998
"371",17657,6.5121,7.76652,5,5,1.89672,2.89472,1.25442,0,0.998
"372",17659,2.05128,6.88104,2,4,3.76628,2.77847,4.82976,2,-0.98781
"373",17661,7.5532,6.67438,4,5,3.06602,1.93079,-0.87882,1,-1.13523
"374",17662,7.65662,7.32233,4,4,3.16944,2.83515,-0.33429,0,-0.33429
"375",17663,8.24206,7.86985,5,5,3.49847,3.12626,-0.372210000000001,0,-0.37221
"376",17665,2.17949,7.52112,2,5,3.82025,2.90573,5.34163,3,-0.91452
"377",17666,2.05128,2.05128,2,2,2.6156,3.39927,0,0,0.78367
"378",17667,6.0208,7.01515,5,5,1.40542,2.39977,0.99435,0,0.99435
"379",17668,7.39844,5.28757,4,4,2.91126,1.0568,-2.11087,0,-1.85446
"380",17669,6.9222,7.70178,4,5,2.43502,2.70178,0.77958,1,0.26676
"381",17670,2.17949,6.7831,2,4,3.34793,2.68054,4.60361,2,-0.66739
"382",17671,7.65485,7.79283,5,5,2.91126,2.79283,0.137980000000001,0,-0.11843
"383",17672,2.5641,3.46154,3,3,1.9115,2.20446,0.89744,0,0.29296
"384",17677,3.84615,6.18827,4,4,1.31802,1.82929,2.34212,0,0.51127
"385",17678,6.62907,7.36402,5,5,1.88548,2.62043,0.73495,0,0.73495
"386",17679,6.50086,7.21671,5,5,1.88548,2.47312,0.71585,0,0.58764
"387",17680,8.42393,6.94758,4,4,4.19316,2.57258,-1.47635,0,-1.62058
"388",17681,2.30769,2.4359,2,2,3.3615,2.79022,0.12821,0,-0.57128
"389",17682,7.50522,7.87443,5,5,2.76163,3.13084,0.369210000000001,0,0.36921
"390",17683,8.3095,7.88787,5,5,3.4377,2.88787,-0.42163,0,-0.54983
"391",17684,6.96928,7.77477,4,5,2.73851,2.90298,0.80549,1,0.16447
"392",17685,6.79798,7.01705,5,5,2.18259,2.27346,0.21907,0,0.0908700000000002
"393",17686,3.07692,3.58974,3,4,4.02512,2.46747,0.51282,1,-1.55765
"394",17687,6.54284,7.0774,5,5,1.79925,2.0774,0.53456,0,0.27815
"395",17688,7.72832,7.37251,5,5,2.72832,2.62892,-0.35581,0,-0.0994000000000002
"396",17689,8.07197,7.88848,5,4,3.07197,3.52951,-0.18349,-1,0.45754
"397",17690,7.27119,6.37416,5,4,2.6558,2.01518,-0.89703,-1,-0.64062
"398",17691,7.90988,8.01492,5,5,2.90988,3.14312,0.10504,0,0.23324
"399",17695,3.97436,8.03642,4,5,2.52807,3.29283,4.06206,1,0.76476
"400",17696,3.84615,6.48167,4,4,2.64721,2.2509,2.63552,0,-0.39631
"401",17697,5,6.4499,5,4,0,1.96272,1.4499,-1,1.96272
"402",17697,6.35483,6.4499,4,4,2.12406,1.96272,0.0950700000000007,0,-0.16134
"403",17698,5.51907,6.97732,4,4,1.41651,2.49014,1.45825,0,1.07363
"404",17699,3.46154,7.67513,3,5,1.54238,2.80334,4.21359,2,1.26096
"405",17700,7.20817,7.22015,5,5,2.59279,2.60476,0.0119800000000003,0,0.0119700000000003
"406",17701,3.71795,7.93968,4,5,3.50937,3.19609,4.22173,1,-0.31328
"407",18617,7.12843,7.76104,5,5,2.51305,2.88924,0.632610000000001,0,0.37619
"408",18618,7.12584,7.88688,4,5,2.63866,3.2715,0.761039999999999,1,0.63284
"409",18661,7.45054,7.34752,5,5,2.83515,2.73213,-0.10302,0,-0.10302
"410",16995,5.85425,5.63688,4,4,1.47925,1.40611,-0.217370000000001,0,-0.07314
"411",16992,7.74156,7.46937,5,5,2.99156,2.72578,-0.27219,0,-0.26578
"412",16931,6.62172,7.16422,5,5,1.87172,2.42063,0.5425,0,0.54891
"413",16993,6.70846,7.47765,5,5,2.20846,2.47765,0.76919,0,0.26919
"414",16987,7.43213,7.28795,4,5,3.05713,2.54436,-0.14418,1,-0.51277
"415",16923,6.99111,7.60022,4,5,2.86068,2.85663,0.60911,1,-0.00404999999999989
"416",16932,8.62173,7.67226,4,4,4.19316,3.18508,-0.94947,0,-1.00808
"417",16934,3.27586,7.97981,3,5,2.86609,3.10801,4.70395,2,0.24192
"418",16933,2.59259,7.24107,3,4,3.80559,2.75389,4.64848,1,-1.0517
"419",16983,7.71942,8.37174,5,5,2.97583,3.37174,0.65232,0,0.39591
"420",16921,7.2896,3.97436,5,4,2.71817,2.55372,-3.31524,-1,-0.16445
"421",16929,5,7.26471,5,5,0,2.52112,2.26471,0,2.52112
"422",16928,5,6.07645,5,4,0,1.58927,1.07645,-1,1.58927
"423",16920,5,4.74145,5,4,0,0.25427,-0.25855,-1,0.25427
"424",16982,7.82956,7.48829,5,4,2.95456,3.12931,-0.34127,-1,0.17475
"425",16926,5,7.21897,5,5,0,2.47538,2.21897,0,2.47538
"426",16927,6.66935,3.97436,4,4,2.5904,2.26832,-2.69499,0,-0.32208
"427",16927,6.44926,3.97436,5,4,1.82426,2.26832,-2.4749,-1,0.44406
"428",16925,5,7.14445,5,5,0,2.40086,2.14445,0,2.40086
"429",16988,7.36408,7.59407,4,5,3.11408,2.97868,0.22999,1,-0.1354
"430",16924,5,7.60562,5,5,0,2.86203,2.60562,0,2.86203
"431",16985,8.28132,7.81521,5,5,3.28132,2.81521,-0.466109999999999,0,-0.46611
"432",16986,6.44591,7.31768,5,4,1.82091,3.08691,0.871770000000001,-1,1.266
"433",16990,7.13866,6.92,5,5,2.63866,2.30462,-0.21866,0,-0.33404
"434",16991,6.50615,6.16303,4,5,2.50615,1.41303,-0.34312,1,-1.09312
"435",17023,8.31184,8.8831,4,5,3.93684,4.0113,0.571260000000001,1,0.0744600000000002
"436",17027,7.22758,6.99333,4,4,2.85258,2.50615,-0.234249999999999,0,-0.34643
"437",17025,6.57148,7.63148,4,5,2.19648,3.0161,1.06,1,0.81962
"438",17019,6.42836,7.0629,5,5,1.67836,2.31931,0.63454,0,0.64095
"439",17022,7.86203,8.07895,5,5,2.86203,3.20715,0.216920000000001,0,0.34512
"440",17024,8.35339,3.97436,4,4,4.22839,1.49865,-4.37903,0,-2.72974
"441",17008,7.61203,7.74522,5,5,2.86203,3.00163,0.13319,0,0.1396
"442",17009,7.94846,6.73155,5,5,3.07346,1.85976,-1.21691,0,-1.2137
"443",17006,7.66167,8.03359,5,5,3.16167,3.03359,0.37192,0,-0.12808
"444",17007,7.88385,7.58552,5,5,3.00885,2.97014,-0.29833,0,-0.03871
"445",17017,8.02216,7.68503,5,4,3.52216,3.32606,-0.337129999999999,-1,-0.1961
"446",17033,8.29983,3.33333,5,3,3.54983,4.46961,-4.9665,-2,0.91978
"447",17016,8.11409,7.37694,5,5,3.23909,2.37694,-0.737149999999999,0,-0.86215
"448",17030,8.05068,8.08212,5,5,3.17568,3.21033,0.0314399999999999,0,0.0346500000000001
"449",17014,7.86408,6.13009,5,4,3.11408,1.89932,-1.73399,-1,-1.21476
"450",17029,7.37632,8.50782,5,5,2.75132,3.76423,1.1315,0,1.01291
"451",17031,6.97765,4.23077,5,4,2.47765,0,-2.74688,-1,-2.47765
"452",17028,7.89198,7.88644,5,5,2.89198,3.01465,-0.00553999999999988,0,0.12267
"453",17032,6.37184,7.19022,5,4,1.74684,2.70304,0.81838,-1,0.9562
"454",17020,7.15673,0,5,4,2.28173,0,-7.15673,-1,-2.28173
"455",17021,6.68854,7.31349,5,5,2.18854,2.4417,0.62495,0,0.25316
"456",17015,7.19747,0,5,4,2.32247,0,-7.19747,-1,-2.32247
"457",17012,6.74928,3.84615,4,4,2.49928,3.37003,-2.90313,0,0.87075
"458",17013,8.12016,7.49586,5,5,3.12016,2.62407,-0.6243,0,-0.49609
"459",17011,3.75,6.73922,4,4,4.23856,2.50845,2.98922,0,-1.73011
"460",17011,7.20293,6.73922,4,4,3.07793,2.50845,-0.46371,0,-0.56948
"461",17018,6.12377,3.71795,4,4,1.99877,2.43502,-2.40582,0,0.43625
"462",17039,6.77911,2.5641,5,3,2.15411,2.30253,-4.21501,-2,0.14842
"463",17043,7.40217,7.08326,5,5,2.77717,2.21146,-0.31891,0,-0.56571
"464",17035,7.4669,7.45857,5,5,2.7169,2.84318,-0.00832999999999995,0,0.12628
"465",17035,7.53,7.45857,5,5,2.99875,2.84318,-0.0714300000000003,0,-0.15557
"466",17041,7.35945,7.46184,5,5,2.48445,2.46184,0.10239,0,-0.0226099999999998
"467",17038,8.01661,8.69766,5,5,3.26661,3.69766,0.681050000000001,0,0.43105
"468",17037,7.09159,6.83541,5,5,2.59159,1.96362,-0.25618,0,-0.62797
"469",17042,8.90473,8.06316,5,5,4.27973,3.19136,-0.841570000000001,0,-1.08837
"470",17040,6.64932,7.83207,5,5,1.89932,3.21668,1.18275,0,1.31736
"471",17048,3.5,3.97436,4,4,3.82025,4.40262,0.47436,0,0.58237
"472",17036,7.54444,7.16231,4,4,3.16944,2.80334,-0.38213,0,-0.3661
"473",17049,7.32051,7.4937,5,5,2.69551,2.87831,0.17319,0,0.1828
"474",17049,7.06336,7.4937,5,5,2.43836,2.87831,0.430339999999999,0,0.43995
"475",17044,7.82716,7.39213,5,5,2.82716,2.39213,-0.43503,0,-0.43503
"476",17045,7.28073,6.20716,4,5,2.90573,1.46357,-1.07357,1,-1.44216
"477",17046,7.31113,7.32915,5,5,2.43613,2.45735,0.0180199999999999,0,0.02122
